sample_id,total_pixels,class_0,class_1,class_2,class_3
0000000,65536,36105,29431,0,0
0000001,65536,34104,31432,0,0
0000002,65536,48066,17470,0,0
0000003,65536,64674,862,0,0
0000004,65536,54511,11025,0,0
0000005,65536,62249,3287,0,0
0000006,65536,42086,23450,0,0
0000007,65536,57166,8370,0,0
0000008,65536,65228,308,0,0
0000009,65536,12330,53206,0,0
0000010,65536,1485,64051,0,0
0000011,65536,20149,45387,0,0
0000012,65536,57466,8070,0,0
0000013,65536,44941,20595,0,0
0000014,65536,8213,57323,0,0
0000015,65536,3738,61798,0,0
0000016,65536,2529,63007,0,0
0000017,65536,52400,13136,0,0
0000018,65536,33722,31814,0,0
0000019,65536,2525,63011,0,0
0000020,65536,686,64850,0,0
0000021,65536,7384,58152,0,0
0000022,65536,5664,59872,0,0
0000023,65536,44640,20896,0,0
0000024,65536,56382,0,0,9154
0000025,65536,10097,0,0,55439
0000026,65536,0,0,0,65536
0000027,65536,26223,0,0,39313
0000028,65536,48924,0,0,16612
0000029,65536,3646,0,0,61890
0000030,65536,0,0,0,65536
0000031,65536,10475,0,0,55061
0000032,65536,45166,0,0,20370
0000033,65536,3991,0,0,61545
0000034,65536,50677,0,0,14859
0000035,65536,52161,0,0,13375
0000036,65536,57063,0,0,8473
0000037,65536,22670,0,0,42866
0000038,65536,0,0,0,65536
0000039,65536,29071,0,0,36465
0000040,65536,44460,0,0,21076
0000041,65536,48814,0,0,16722
0000042,65536,4142,0,0,61394
0000043,65536,0,0,0,65536
0000044,65536,7878,0,0,57658
0000045,65536,32467,0,0,33069
0000046,65536,0,0,0,65536
0000047,65536,15,0,0,65521
0000048,65536,21581,0,0,43955
0000049,65536,38371,0,0,27165
0000050,65536,63705,0,0,1831
0000051,65536,6826,0,0,58710
0000052,65536,458,0,0,65078
0000053,65536,0,0,0,65536
0000054,65536,13918,0,0,51618
0000055,65536,23379,0,0,42157
0000056,65536,41323,0,0,24213
0000057,65536,49690,0,0,15846
0000058,65536,55017,0,0,10519
0000059,65536,6576,0,0,58960
0000060,65536,30818,0,0,34718
0000061,65536,7778,0,0,57758
0000062,65536,512,0,0,65024
0000063,65536,35361,0,0,30175
0000064,65536,18221,0,0,47315
0000065,65536,2366,0,0,63170
0000066,65536,0,0,0,65536
0000067,65536,41457,0,0,24079
0000068,65536,21370,0,0,44166
0000069,65536,36513,0,0,29023
0000070,65536,56170,0,0,9366
0000071,65536,63149,0,0,2387
0000072,65536,473,0,0,65063
0000073,65536,0,0,0,65536
0000074,65536,0,0,0,65536
0000075,65536,65306,0,0,230
0000076,65536,61853,0,0,3683
0000077,65536,57589,0,0,7947
0000078,65536,1636,0,0,63900
0000079,65536,63240,0,0,2296
0000080,65536,2166,0,0,63370
0000081,65536,0,0,0,65536
0000082,65536,0,0,0,65536
0000083,65536,0,0,0,65536
0000084,65536,2854,0,0,62682
0000085,65536,54707,0,0,10829
0000086,65536,33596,0,0,31940
0000087,65536,46462,0,0,19074
0000088,65536,44904,0,0,20632
0000089,65536,64779,0,0,757
0000090,65536,46629,0,0,18907
0000091,65536,8073,0,0,57463
0000092,65536,56482,0,0,9054
0000093,65536,9968,0,0,55568
0000094,65536,0,0,0,65536
0000095,65536,20759,0,44777,0
0000096,65536,13874,0,51662,0
0000097,65536,6610,0,58926,0
0000098,65536,52662,0,12874,0
0000099,65536,0,0,65536,0
0000100,65536,0,0,65536,0
0000101,65536,50670,0,14866,0
0000102,65536,14897,0,50639,0
0000103,65536,13515,0,52021,0
0000104,65536,2352,0,63184,0
0000105,65536,1015,0,64521,0
0000106,65536,12153,0,53383,0
0000107,65536,23755,0,41781,0
0000108,65536,51821,0,13715,0
0000109,65536,34573,0,30963,0
0000110,65536,19270,0,46266,0
0000111,65536,7940,0,57596,0
0000112,65536,6062,0,59474,0
0000113,65536,55400,0,10136,0
0000114,65536,0,0,65536,0
0000115,65536,51961,0,13575,0
0000116,65536,55818,0,9718,0
0000117,65536,64224,0,1312,0
0000118,65536,65498,0,38,0
0000119,65536,39112,0,26424,0
0000120,65536,28150,0,37386,0
0000121,65536,64837,0,699,0
0000122,65536,27332,0,38204,0
0000123,65536,317,0,65219,0
0000124,65536,1018,0,64518,0
0000125,65536,0,0,65536,0
0000126,65536,30734,0,34802,0
0000127,65536,62750,0,2786,0
0000128,65536,49712,0,15824,0
0000129,65536,31396,0,34140,0
0000130,65536,52636,0,12900,0
0000131,65536,53037,0,12499,0
0000132,65536,13151,0,52385,0
0000133,65536,34881,0,30655,0
0000134,65536,20614,0,44922,0
0000135,65536,0,0,65536,0
0000136,65536,22464,0,43072,0
0000137,65536,63069,0,2467,0
0000138,65536,52792,0,12744,0
0000139,65536,31775,0,33761,0
0000140,65536,15800,0,49736,0
0000141,65536,52036,0,13500,0
0000142,65536,61027,0,4509,0
0000143,65536,30177,0,35359,0
0000144,65536,28879,0,36657,0
0000145,65536,9209,0,56327,0
0000146,65536,45912,0,19624,0
0000147,65536,56200,0,9336,0
0000148,65536,32003,0,33533,0
0000149,65536,16656,0,48880,0
0000150,65536,61689,0,3847,0
0000151,65536,51701,0,13835,0
0000152,65536,40147,0,25389,0
0000153,65536,56626,0,8910,0
0000154,65536,32281,0,33255,0
0000155,65536,49797,0,15739,0
0000156,65536,56923,0,8613,0
0000157,65536,60701,0,4835,0
0000158,65536,44021,0,21515,0
0000159,65536,48521,0,17015,0
0000160,65536,41549,0,23987,0
0000161,65536,55266,0,10270,0
0000162,65536,42074,0,23462,0
0000163,65536,35236,0,30300,0
0000164,65536,31071,0,34465,0
0000165,65536,56860,0,8676,0
0000166,65536,35034,0,30502,0
0000167,65536,58524,0,7012,0
0000168,65536,44004,0,21532,0
0000169,65536,52899,0,12637,0
0000170,65536,54185,0,11351,0
0000171,65536,43646,0,21890,0
0000172,65536,53068,0,12468,0
0000173,65536,62325,0,3211,0
0000174,65536,34107,0,31429,0
0000175,65536,50942,0,14594,0
0000176,65536,60783,0,4753,0
0000177,65536,60267,0,5269,0
0000178,65536,57563,0,7973,0
0000179,65536,44105,0,21431,0
0000180,65536,63234,0,2302,0
0000181,65536,58955,0,6581,0
0000182,65536,56786,0,8750,0
0000183,65536,60142,0,5394,0
0000184,65536,54414,0,11122,0
0000185,65536,29352,0,36184,0
0000186,65536,10885,0,54651,0
0000187,65536,19399,0,46137,0
0000188,65536,0,0,65536,0
0000189,65536,0,0,65536,0
0000190,65536,27433,0,38103,0
0000191,65536,30281,0,35255,0
0000192,65536,16984,0,48552,0
0000193,65536,27186,0,38350,0
0000194,65536,17019,0,48517,0
0000195,65536,0,0,65536,0
0000196,65536,11737,0,53799,0
0000197,65536,53289,0,12247,0
0000198,65536,3973,0,61563,0
0000199,65536,33189,0,32347,0
0000200,65536,30438,0,35098,0
0000201,65536,52075,0,13461,0
0000202,65536,49011,0,16525,0
0000203,65536,64485,0,1051,0
0000204,65536,38747,0,26789,0
0000205,65536,61547,0,3989,0
0000206,65536,57865,0,7671,0
0000207,65536,56964,0,8572,0
0000208,65536,52738,0,12798,0
0000209,65536,50282,0,15254,0
0000210,65536,50070,0,15466,0
0000211,65536,63612,0,1924,0
0000212,65536,33367,0,32169,0
0000213,65536,52254,0,13282,0
0000214,65536,62011,0,3525,0
0000215,65536,60724,0,4812,0
0000216,65536,22520,0,43016,0
0000217,65536,61165,0,4371,0
0000218,65536,48570,0,16966,0
0000219,65536,32576,0,32960,0
0000220,65536,40100,0,25436,0
0000221,65536,41336,0,24200,0
0000222,65536,37786,0,27750,0
0000223,65536,46312,0,19224,0
0000224,65536,50610,0,14926,0
0000225,65536,61605,0,3931,0
0000226,65536,55566,0,9970,0
0000227,65536,56784,0,8752,0
0000228,65536,8199,0,57337,0
0000229,65536,32324,0,33212,0
0000230,65536,37836,0,27700,0
0000231,65536,4243,0,61293,0
0000232,65536,5233,0,60303,0
0000233,65536,58410,0,7126,0
0000234,65536,19716,0,45820,0
0000235,65536,53580,0,11956,0
0000236,65536,53638,0,11898,0
0000237,65536,52297,0,13239,0
0000238,65536,9966,0,55570,0
0000239,65536,40368,0,25168,0
0000240,65536,49107,0,16429,0
0000241,65536,61708,0,3828,0
0000242,65536,48753,0,16783,0
0000243,65536,41500,0,24036,0
0000244,65536,53417,0,12119,0
0000245,65536,44759,0,20777,0
0000246,65536,7746,0,57790,0
0000247,65536,49878,0,15658,0
0000248,65536,48242,0,17294,0
0000249,65536,51475,0,14061,0
0000250,65536,20186,0,45350,0
0000251,65536,57564,0,7972,0
0000252,65536,42621,0,22915,0
0000253,65536,65374,0,162,0
0000254,65536,5989,0,59547,0
0000255,65536,44242,0,21294,0
0000256,65536,28349,0,37187,0
0000257,65536,32944,0,32592,0
0000258,65536,16031,0,49505,0
0000259,65536,57,0,65479,0
0000260,65536,317,0,65219,0
0000261,65536,1195,0,64341,0
0000262,65536,18276,0,47260,0
0000263,65536,24827,0,40709,0
0000264,65536,38870,0,26666,0
0000265,65536,36860,0,28676,0
0000266,65536,58400,0,7136,0
0000267,65536,0,0,65536,0
0000268,65536,22213,0,43323,0
0000269,65536,23999,0,41537,0
0000270,65536,35299,0,30237,0
0000271,65536,1564,0,63972,0
0000272,65536,0,0,65536,0
0000273,65536,1788,0,63748,0
0000274,65536,42733,0,22803,0
0000275,65536,1366,0,64170,0
0000276,65536,14336,0,51200,0
0000277,65536,43173,0,22363,0
0000278,65536,42038,0,23498,0
0000279,65536,61384,0,0,4152
0000280,65536,63916,0,0,1620
0000281,65536,19484,0,0,46052
0000282,65536,2384,0,0,63152
0000283,65536,3243,0,0,62293
0000284,65536,37593,0,0,27943
0000285,65536,37333,0,0,28203
0000286,65536,50574,0,0,14962
0000287,65536,25108,0,0,40428
0000288,65536,2294,0,0,63242
0000289,65536,0,0,0,65536
0000290,65536,0,0,0,65536
0000291,65536,47614,0,0,17922
0000292,65536,36916,0,0,28620
0000293,65536,8835,0,0,56701
0000294,65536,42,0,0,65494
0000295,65536,0,0,0,65536
0000296,65536,0,0,0,65536
0000297,65536,19687,0,0,45849
0000298,65536,21223,0,0,44313
0000299,65536,65479,0,0,57
0000300,65536,36454,0,0,29082
0000301,65536,2958,0,0,62578
0000302,65536,0,0,0,65536
0000303,65536,5216,0,0,60320
0000304,65536,0,0,0,65536
0000305,65536,3642,0,0,61894
0000306,65536,50332,0,0,15204
0000307,65536,64018,0,0,1518
0000308,65536,0,0,0,65536
0000309,65536,0,0,0,65536
0000310,65536,947,0,0,64589
0000311,65536,16881,0,0,48655
0000312,65536,45138,0,0,20398
0000313,65536,63413,0,0,2123
0000314,65536,64752,0,0,784
0000315,65536,19117,0,0,46419
0000316,65536,0,0,0,65536
0000317,65536,0,0,0,65536
0000318,65536,38771,0,0,26765
0000319,65536,50602,0,0,14934
0000320,65536,48849,0,0,16687
0000321,65536,16341,0,0,49195
0000322,65536,49926,0,0,15610
0000323,65536,59773,0,0,5763
0000324,65536,53644,0,0,11892
0000325,65536,7311,0,0,58225
0000326,65536,0,0,0,65536
0000327,65536,0,0,0,65536
0000328,65536,40659,0,0,24877
0000329,65536,59380,0,0,6156
0000330,65536,62979,0,0,2557
0000331,65536,17127,0,0,48409
0000332,65536,0,0,0,65536
0000333,65536,0,0,0,65536
0000334,65536,9271,0,0,56265
0000335,65536,64111,0,0,1425
0000336,65536,60770,0,0,4766
0000337,65536,24157,0,0,41379
0000338,65536,0,0,0,65536
0000339,65536,321,0,0,65215
0000340,65536,40234,0,0,25302
0000341,65536,8419,0,0,57117
0000342,65536,46028,0,0,19508
0000343,65536,62084,0,0,3452
0000344,65536,13323,0,0,52213
0000345,65536,29789,0,0,35747
0000346,65536,56721,0,0,8815
0000347,65536,46861,0,0,18675
0000348,65536,37219,0,0,28317
0000349,65536,57731,0,0,7805
0000350,65536,60413,0,0,5123
0000351,65536,62772,0,0,2764
0000352,65536,31159,0,0,34377
0000353,65536,36016,0,0,29520
0000354,65536,65516,0,0,20
0000355,65536,63426,0,0,2110
0000356,65536,19979,0,45557,0
0000357,65536,41388,0,24148,0
0000358,65536,54232,0,11304,0
0000359,65536,59926,0,5610,0
0000360,65536,55458,0,10078,0
0000361,65536,49282,0,16254,0
0000362,65536,60779,0,4757,0
0000363,65536,62406,0,3130,0
0000364,65536,61153,0,4383,0
0000365,65536,63323,0,2213,0
0000366,65536,52539,0,12997,0
0000367,65536,58720,0,6816,0
0000368,65536,64350,0,1186,0
0000369,65536,55332,0,10204,0
0000370,65536,37226,0,28310,0
0000371,65536,63625,0,1911,0
0000372,65536,43325,0,22211,0
0000373,65536,52067,0,13469,0
0000374,65536,3537,0,61999,0
0000375,65536,7296,0,58240,0
0000376,65536,22017,0,43519,0
0000377,65536,59005,0,6531,0
0000378,65536,62886,0,2650,0
0000379,65536,60661,0,4875,0
0000380,65536,64848,0,688,0
0000381,65536,37892,0,27644,0
0000382,65536,41207,0,24329,0
0000383,65536,64002,0,1534,0
0000384,65536,65497,0,39,0
0000385,65536,57461,0,8075,0
0000386,65536,13653,0,51883,0
0000387,65536,65347,0,189,0
0000388,65536,52625,0,12911,0
0000389,65536,36585,0,28951,0
0000390,65536,15661,0,49875,0
0000391,65536,49205,0,16331,0
0000392,65536,55793,0,9743,0
0000393,65536,31415,0,34121,0
0000394,65536,59882,0,5654,0
0000395,65536,53394,0,12142,0
0000396,65536,65295,0,241,0
0000397,65536,30326,0,35210,0
0000398,65536,63173,0,2363,0
0000399,65536,48077,0,17459,0
0000400,65536,36039,0,29497,0
0000401,65536,42681,0,22855,0
0000402,65536,63538,0,1998,0
0000403,65536,63465,0,0,2071
0000404,65536,16815,0,48721,0
0000405,65536,1613,0,63923,0
0000406,65536,65458,0,78,0
0000407,65536,59960,0,5576,0
0000408,65536,50509,0,15027,0
0000409,65536,49251,0,16285,0
0000410,65536,64962,0,574,0
0000411,65536,63827,0,1709,0
0000412,65536,63543,0,1993,0
0000413,65536,37032,0,28504,0
0000414,65536,47759,0,17777,0
0000415,65536,48802,0,16734,0
0000416,65536,19652,0,45884,0
0000417,65536,61607,0,3929,0
0000418,65536,4790,0,60746,0
0000419,65536,5480,0,60056,0
0000420,65536,52418,0,13118,0
0000421,65536,58980,0,6556,0
0000422,65536,65454,0,82,0
0000423,65536,65331,0,205,0
0000424,65536,48988,0,16548,0
0000425,65536,46421,0,19115,0
0000426,65536,55205,0,10331,0
0000427,65536,43205,0,22331,0
0000428,65536,57057,0,8479,0
0000429,65536,62434,0,3102,0
0000430,65536,57184,0,8352,0
0000431,65536,33298,0,32238,0
0000432,65536,63453,0,2083,0
0000433,65536,54684,0,10852,0
0000434,65536,42493,0,23043,0
0000435,65536,65484,0,52,0
0000436,65536,56349,0,9187,0
0000437,65536,62197,0,3339,0
0000438,65536,38974,0,26562,0
0000439,65536,55527,0,10009,0
0000440,65536,50203,0,15333,0
0000441,65536,51120,0,4005,10411
0000442,65536,52730,0,12806,0
0000443,65536,63450,0,2086,0
0000444,65536,52661,0,12875,0
0000445,65536,59189,0,6347,0
0000446,65536,65253,0,283,0
0000447,65536,56196,0,1466,7874
0000448,65536,61418,0,4118,0
0000449,65536,53075,0,12461,0
0000450,65536,54954,0,10582,0
0000451,65536,47660,0,17876,0
0000452,65536,64743,0,793,0
0000453,65536,52193,0,13343,0
0000454,65536,47696,0,17840,0
0000455,65536,63836,0,1700,0
0000456,65536,63479,0,2057,0
0000457,65536,64684,0,852,0
0000458,65536,63699,0,1837,0
0000459,65536,64055,0,1481,0
0000460,65536,62910,0,2626,0
0000461,65536,62145,0,3391,0
0000462,65536,63908,0,1628,0
0000463,65536,64130,0,1406,0
0000464,65536,60685,0,4851,0
0000465,65536,55353,0,10183,0
0000466,65536,64400,0,1136,0
0000467,65536,50767,0,14769,0
0000468,65536,60516,0,5020,0
0000469,65536,64924,0,612,0
0000470,65536,64477,0,1059,0
0000471,65536,61641,0,3895,0
0000472,65536,63539,0,1997,0
0000473,65536,60938,0,4598,0
0000474,65536,60920,0,4616,0
0000475,65536,37032,0,28504,0
0000476,65536,34831,0,30705,0
0000477,65536,26578,0,38958,0
0000478,65536,46759,0,18777,0
0000479,65536,58821,0,6715,0
0000480,65536,58512,0,7024,0
0000481,65536,57388,0,8148,0
0000482,65536,35222,0,30314,0
0000483,65536,15269,0,50267,0
0000484,65536,1900,0,63636,0
0000485,65536,27783,0,37753,0
0000486,65536,22835,0,42701,0
0000487,65536,42345,0,23191,0
0000488,65536,41525,0,24011,0
0000489,65536,56606,0,8930,0
0000490,65536,49527,0,16009,0
0000491,65536,33921,0,31615,0
0000492,65536,6334,0,59202,0
0000493,65536,6656,0,58880,0
0000494,65536,51756,0,13780,0
0000495,65536,8547,0,56989,0
0000496,65536,46850,0,18686,0
0000497,65536,64149,0,1387,0
0000498,65536,33953,0,31583,0
0000499,65536,6205,0,59331,0
0000500,65536,8616,0,56920,0
0000501,65536,1470,0,64066,0
0000502,65536,2717,0,62819,0
0000503,65536,2291,0,63245,0
0000504,65536,6923,0,58613,0
0000505,65536,15865,0,49671,0
0000506,65536,21674,0,43862,0
0000507,65536,8558,0,56978,0
0000508,65536,5985,0,59551,0
0000509,65536,5305,0,60231,0
0000510,65536,4369,0,61167,0
0000511,65536,4808,0,60728,0
0000512,65536,2372,0,63164,0
0000513,65536,21387,0,44149,0
0000514,65536,53509,0,12027,0
0000515,65536,62642,0,2894,0
0000516,65536,4882,0,60654,0
0000517,65536,15369,0,50167,0
0000518,65536,2074,0,63462,0
0000519,65536,3465,0,62071,0
0000520,65536,31811,0,33725,0
0000521,65536,40934,0,24602,0
0000522,65536,20822,0,44714,0
0000523,65536,45031,0,20505,0
0000524,65536,53540,0,11996,0
0000525,65536,57656,0,7880,0
0000526,65536,58259,0,7277,0
0000527,65536,6468,0,59068,0
0000528,65536,3366,0,62170,0
0000529,65536,16537,0,48999,0
0000530,65536,6415,0,59121,0
0000531,65536,14171,0,51365,0
0000532,65536,6190,0,59346,0
0000533,65536,19781,0,45755,0
0000534,65536,12979,0,52557,0
0000535,65536,23150,0,42386,0
0000536,65536,16347,0,49189,0
0000537,65536,26085,0,39451,0
0000538,65536,49588,0,15948,0
0000539,65536,52269,0,13267,0
0000540,65536,61422,0,4114,0
0000541,65536,50424,0,15112,0
0000542,65536,55883,0,9653,0
0000543,65536,10559,0,54977,0
0000544,65536,16449,0,49087,0
0000545,65536,19842,0,45694,0
0000546,65536,9147,0,56389,0
0000547,65536,23084,0,42452,0
0000548,65536,31351,0,34185,0
0000549,65536,7111,0,58425,0
0000550,65536,39887,0,25649,0
0000551,65536,60563,0,4973,0
0000552,65536,60140,0,5396,0
0000553,65536,7230,0,58306,0
0000554,65536,11103,0,54433,0
0000555,65536,8268,0,57268,0
0000556,65536,8164,0,57372,0
0000557,65536,25710,0,39826,0
0000558,65536,18050,0,47486,0
0000559,65536,24370,0,41166,0
0000560,65536,42403,0,23133,0
0000561,65536,50789,0,14747,0
0000562,65536,46100,0,19436,0
0000563,65536,54924,0,10612,0
0000564,65536,63600,0,1936,0
0000565,65536,8607,0,56929,0
0000566,65536,64324,0,1212,0
0000567,65536,0,0,0,65536
0000568,65536,0,0,0,65536
0000569,65536,0,0,0,65536
0000570,65536,0,0,0,65536
0000571,65536,0,0,0,65536
0000572,65536,0,0,0,65536
0000573,65536,0,0,0,65536
0000574,65536,0,0,0,65536
0000575,65536,0,0,0,65536
0000576,65536,0,0,0,65536
0000577,65536,0,0,0,65536
0000578,65536,0,0,0,65536
0000579,65536,0,0,0,65536
0000580,65536,0,0,0,65536
0000581,65536,0,0,0,65536
0000582,65536,0,0,0,65536
0000583,65536,0,0,0,65536
0000584,65536,0,0,0,65536
0000585,65536,0,0,0,65536
0000586,65536,0,0,0,65536
0000587,65536,0,0,0,65536
0000588,65536,0,0,0,65536
0000589,65536,0,0,0,65536
0000590,65536,0,0,0,65536
0000591,65536,0,0,0,65536
0000592,65536,0,0,0,65536
0000593,65536,0,0,0,65536
0000594,65536,0,0,0,65536
0000595,65536,0,0,0,65536
0000596,65536,0,0,0,65536
0000597,65536,0,0,0,65536
0000598,65536,0,0,0,65536
0000599,65536,0,0,0,65536
0000600,65536,0,0,0,65536
0000601,65536,0,0,0,65536
0000602,65536,0,0,0,65536
0000603,65536,0,0,0,65536
0000604,65536,0,0,0,65536
0000605,65536,0,0,0,65536
0000606,65536,0,0,0,65536
0000607,65536,0,0,0,65536
0000608,65536,0,0,0,65536
0000609,65536,0,0,0,65536
0000610,65536,0,0,0,65536
0000611,65536,0,0,0,65536
0000612,65536,0,0,0,65536
0000613,65536,0,0,0,65536
0000614,65536,0,0,0,65536
0000615,65536,0,0,0,65536
0000616,65536,0,0,0,65536
0000617,65536,0,0,0,65536
0000618,65536,0,0,0,65536
0000619,65536,0,0,0,65536
0000620,65536,0,0,0,65536
0000621,65536,0,0,0,65536
0000622,65536,0,0,0,65536
0000623,65536,0,0,0,65536
0000624,65536,0,0,0,65536
0000625,65536,0,0,0,65536
0000626,65536,0,0,0,65536
0000627,65536,0,0,0,65536
0000628,65536,0,0,0,65536
0000629,65536,0,0,0,65536
0000630,65536,0,0,0,65536
0000631,65536,0,0,0,65536
0000632,65536,0,0,0,65536
0000633,65536,0,0,0,65536
0000634,65536,0,0,0,65536
0000635,65536,0,0,0,65536
0000636,65536,0,0,0,65536
0000637,65536,0,0,0,65536
0000638,65536,0,0,0,65536
0000639,65536,0,0,0,65536
0000640,65536,0,0,0,65536
0000641,65536,0,0,0,65536
0000642,65536,0,0,0,65536
0000643,65536,0,0,0,65536
0000644,65536,0,0,0,65536
0000645,65536,0,0,0,65536
0000646,65536,0,0,0,65536
0000647,65536,0,0,0,65536
0000648,65536,0,0,0,65536
0000649,65536,0,0,0,65536
0000650,65536,0,0,0,65536
0000651,65536,0,0,0,65536
0000652,65536,0,0,0,65536
0000653,65536,0,0,0,65536
0000654,65536,0,0,0,65536
0000655,65536,0,0,0,65536
0000656,65536,0,0,0,65536
0000657,65536,0,0,0,65536
0000658,65536,0,0,0,65536
0000659,65536,0,0,0,65536
0000660,65536,0,0,0,65536
0000661,65536,0,0,0,65536
0000662,65536,0,0,0,65536
0000663,65536,0,0,0,65536
0000664,65536,0,0,0,65536
0000665,65536,0,0,0,65536
0000666,65536,0,0,0,65536
0000667,65536,0,0,0,65536
0000668,65536,0,0,0,65536
0000669,65536,0,0,0,65536
0000670,65536,0,0,0,65536
0000671,65536,0,0,0,65536
0000672,65536,0,0,0,65536
0000673,65536,0,0,0,65536
0000674,65536,0,0,0,65536
0000675,65536,0,0,0,65536
0000676,65536,0,0,0,65536
0000677,65536,0,0,0,65536
0000678,65536,0,0,0,65536
0000679,65536,0,0,0,65536
0000680,65536,0,0,0,65536
0000681,65536,0,0,0,65536
0000682,65536,0,0,0,65536
0000683,65536,0,0,0,65536
0000684,65536,0,0,0,65536
0000685,65536,0,0,0,65536
0000686,65536,0,0,0,65536
0000687,65536,0,0,0,65536
0000688,65536,0,0,0,65536
0000689,65536,0,0,0,65536
0000690,65536,0,0,0,65536
0000691,65536,0,0,0,65536
0000692,65536,0,0,0,65536
0000693,65536,0,0,0,65536
0000694,65536,0,0,0,65536
0000695,65536,0,0,0,65536
0000696,65536,0,0,0,65536
0000697,65536,0,0,0,65536
0000698,65536,0,0,0,65536
0000699,65536,0,0,0,65536
0000700,65536,0,0,0,65536
0000701,65536,0,0,0,65536
0000702,65536,0,0,0,65536
0000703,65536,0,0,0,65536
0000704,65536,0,0,0,65536
0000705,65536,0,0,0,65536
0000706,65536,0,0,0,65536
0000707,65536,0,0,0,65536
0000708,65536,0,0,0,65536
0000709,65536,0,0,0,65536
0000710,65536,0,0,0,65536
0000711,65536,0,0,0,65536
0000712,65536,0,0,0,65536
0000713,65536,0,0,0,65536
0000714,65536,0,0,0,65536
0000715,65536,0,0,0,65536
0000716,65536,0,0,0,65536
0000717,65536,0,0,0,65536
0000718,65536,0,0,0,65536
0000719,65536,0,0,0,65536
0000720,65536,0,0,0,65536
0000721,65536,0,0,0,65536
0000722,65536,0,0,0,65536
0000723,65536,0,0,0,65536
0000724,65536,0,0,0,65536
0000725,65536,0,0,0,65536
0000726,65536,0,0,0,65536
0000727,65536,0,0,0,65536
0000728,65536,0,0,0,65536
0000729,65536,0,0,0,65536
0000730,65536,0,0,0,65536
0000731,65536,0,0,0,65536
0000732,65536,0,0,0,65536
0000733,65536,0,0,0,65536
0000734,65536,0,0,0,65536
0000735,65536,0,0,0,65536
0000736,65536,0,0,0,65536
0000737,65536,0,0,0,65536
0000738,65536,0,0,0,65536
0000739,65536,0,0,0,65536
0000740,65536,0,0,0,65536
0000741,65536,0,0,0,65536
0000742,65536,0,0,0,65536
0000743,65536,0,0,0,65536
0000744,65536,0,0,0,65536
0000745,65536,0,0,0,65536
0000746,65536,0,0,0,65536
0000747,65536,0,0,0,65536
0000748,65536,0,0,0,65536
0000749,65536,0,0,0,65536
0000750,65536,0,0,0,65536
0000751,65536,0,0,0,65536
0000752,65536,0,0,0,65536
0000753,65536,0,0,0,65536
0000754,65536,0,0,0,65536
0000755,65536,0,0,0,65536
0000756,65536,0,0,0,65536
0000757,65536,0,0,0,65536
0000758,65536,0,0,0,65536
0000759,65536,0,0,0,65536
0000760,65536,0,0,0,65536
0000761,65536,0,0,0,65536
0000762,65536,0,0,0,65536
0000763,65536,0,0,0,65536
0000764,65536,0,0,0,65536
0000765,65536,0,0,0,65536
0000766,65536,0,0,0,65536
0000767,65536,0,0,0,65536
0000768,65536,0,0,0,65536
0000769,65536,0,0,0,65536
0000770,65536,0,0,0,65536
0000771,65536,0,0,0,65536
0000772,65536,0,0,0,65536
0000773,65536,0,0,0,65536
0000774,65536,62980,0,0,2556
0000775,65536,64586,0,950,0
0000776,65536,0,0,0,65536
0000777,65536,859,0,0,64677
0000778,65536,21533,0,0,44003
0000779,65536,64655,0,0,881
0000780,65536,53603,0,0,11933
0000781,65536,334,0,0,65202
0000782,65536,0,0,0,65536
0000783,65536,20751,0,0,44785
0000784,65536,63295,0,0,2241
0000785,65536,65298,0,0,238
0000786,65536,520,0,0,65016
0000787,65536,0,0,0,65536
0000788,65536,65032,0,0,504
0000789,65536,66,0,0,65470
0000790,65536,13066,0,0,52470
0000791,65536,27102,0,0,38434
0000792,65536,15300,0,0,50236
0000793,65536,42639,0,0,22897
0000794,65536,22878,0,0,42658
0000795,65536,27373,0,0,38163
0000796,65536,0,0,0,65536
0000797,65536,0,0,0,65536
0000798,65536,64784,0,0,752
0000799,65536,22837,0,0,42699
0000800,65536,61254,0,0,4282
0000801,65536,55641,0,0,9895
0000802,65536,56150,0,4360,5026
0000803,65536,52823,0,0,12713
0000804,65536,38320,0,0,27216
0000805,65536,46705,0,0,18831
0000806,65536,0,0,0,65536
0000807,65536,0,0,0,65536
0000808,65536,8970,0,0,56566
0000809,65536,38673,0,0,26863
0000810,65536,176,0,0,65360
0000811,65536,0,0,0,65536
0000812,65536,5007,0,0,60529
0000813,65536,0,0,0,65536
0000814,65536,0,0,0,65536
0000815,65536,0,0,0,65536
0000816,65536,0,0,0,65536
0000817,65536,0,0,0,65536
0000818,65536,13140,0,0,52396
0000819,65536,32285,0,0,33251
0000820,65536,63224,0,2312,0
0000821,65536,16040,0,0,49496
0000822,65536,36439,0,0,29097
0000823,65536,30217,0,0,35319
0000824,65536,10,0,0,65526
0000825,65536,0,0,0,65536
0000826,65536,64492,0,0,1044
0000827,65536,54746,0,0,10790
0000828,65536,64942,0,0,594
0000829,65536,13269,0,0,52267
0000830,65536,511,0,0,65025
0000831,65536,52835,0,0,12701
0000832,65536,59408,0,0,6128
0000833,65536,23561,0,0,41975
0000834,65536,0,0,0,65536
0000835,65536,885,0,0,64651
0000836,65536,32977,0,0,32559
0000837,65536,65322,0,0,214
0000838,65536,55730,0,0,9806
0000839,65536,10159,0,0,55377
0000840,65536,22315,0,0,43221
0000841,65536,62539,0,0,2997
0000842,65536,58352,0,0,7184
0000843,65536,13204,0,0,52332
0000844,65536,17824,0,0,47712
0000845,65536,62965,0,0,2571
0000846,65536,22728,0,0,42808
0000847,65536,42784,0,0,22752
0000848,65536,63784,0,0,1752
0000849,65536,64641,0,0,895
0000850,65536,17084,0,0,48452
0000851,65536,8402,0,0,57134
0000852,65536,1685,0,0,63851
0000853,65536,897,0,0,64639
0000854,65536,63835,0,0,1701
0000855,65536,0,0,0,65536
0000856,65536,4542,0,0,60994
0000857,65536,51278,0,0,14258
0000858,65536,0,0,0,65536
0000859,65536,0,0,0,65536
0000860,65536,10502,0,0,55034
0000861,65536,0,0,0,65536
0000862,65536,0,0,0,65536
0000863,65536,0,0,0,65536
0000864,65536,0,0,0,65536
0000865,65536,0,0,0,65536
0000866,65536,0,0,0,65536
0000867,65536,0,0,0,65536
0000868,65536,0,0,0,65536
0000869,65536,0,0,0,65536
0000870,65536,0,0,0,65536
0000871,65536,0,0,0,65536
0000872,65536,0,0,0,65536
0000873,65536,0,0,0,65536
0000874,65536,57757,0,0,7779
0000875,65536,0,0,0,65536
0000876,65536,0,0,0,65536
0000877,65536,0,0,0,65536
0000878,65536,0,0,0,65536
0000879,65536,0,0,0,65536
0000880,65536,28423,0,0,37113
0000881,65536,54761,0,0,10775
0000882,65536,3454,0,0,62082
0000883,65536,0,0,0,65536
0000884,65536,14733,0,0,50803
0000885,65536,0,0,0,65536
0000886,65536,0,0,0,65536
0000887,65536,0,0,0,65536
0000888,65536,1899,0,0,63637
0000889,65536,22953,0,0,42583
0000890,65536,49645,0,0,15891
0000891,65536,62741,0,0,2795
0000892,65536,39910,0,0,25626
0000893,65536,49157,0,0,16379
0000894,65536,25690,0,0,39846
0000895,65536,10058,0,0,55478
0000896,65536,15434,0,0,50102
0000897,65536,22039,0,0,43497
0000898,65536,0,0,0,65536
0000899,65536,44574,0,0,20962
0000900,65536,9709,0,0,55827
0000901,65536,24719,0,0,40817
0000902,65536,65526,0,0,10
0000903,65536,41664,0,0,23872
0000904,65536,50880,0,0,14656
0000905,65536,65501,0,0,35
0000906,65536,15844,0,0,49692
0000907,65536,32909,0,0,32627
0000908,65536,41060,0,0,24476
0000909,65536,54500,0,0,11036
0000910,65536,23586,0,0,41950
0000911,65536,37159,0,0,28377
0000912,65536,49965,0,0,15571
0000913,65536,0,0,0,65536
0000914,65536,0,0,0,65536
0000915,65536,0,0,0,65536
0000916,65536,0,0,0,65536
0000917,65536,0,0,0,65536
0000918,65536,0,0,0,65536
0000919,65536,0,0,0,65536
0000920,65536,0,0,0,65536
0000921,65536,12463,0,0,53073
0000922,65536,1614,0,0,63922
0000923,65536,0,0,0,65536
0000924,65536,0,0,0,65536
0000925,65536,0,0,0,65536
0000926,65536,62252,0,0,3284
0000927,65536,64998,0,0,538
0000928,65536,65321,0,0,215
0000929,65536,37172,0,0,28364
0000930,65536,39959,0,0,25577
0000931,65536,61433,0,0,4103
0000932,65536,64508,0,0,1028
0000933,65536,62522,0,0,3014
0000934,65536,0,0,0,65536
0000935,65536,0,0,0,65536
0000936,65536,0,0,0,65536
0000937,65536,0,0,0,65536
0000938,65536,0,0,0,65536
0000939,65536,0,0,0,65536
0000940,65536,0,0,0,65536
0000941,65536,0,0,0,65536
0000942,65536,0,0,0,65536
0000943,65536,0,0,0,65536
0000944,65536,607,0,0,64929
0000945,65536,0,0,0,65536
0000946,65536,0,0,0,65536
0000947,65536,1441,0,0,64095
0000948,65536,0,0,0,65536
0000949,65536,0,0,0,65536
0000950,65536,0,0,0,65536
0000951,65536,0,0,0,65536
0000952,65536,0,0,0,65536
0000953,65536,0,0,0,65536
0000954,65536,56323,0,0,9213
0000955,65536,50030,0,0,15506
0000956,65536,34392,0,0,31144
0000957,65536,17281,0,0,48255
0000958,65536,0,0,0,65536
0000959,65536,62623,0,2913,0
0000960,65536,54512,0,11024,0
0000961,65536,63656,0,1880,0
0000962,65536,31739,0,33797,0
0000963,65536,52867,0,0,12669
0000964,65536,152,0,0,65384
0000965,65536,0,0,0,65536
0000966,65536,40316,0,25220,0
0000967,65536,39876,0,0,25660
0000968,65536,57179,0,0,8357
0000969,65536,24173,0,41363,0
0000970,65536,61660,0,3876,0
0000971,65536,35363,0,0,30173
0000972,65536,60080,0,0,5456
0000973,65536,62121,0,3415,0
0000974,65536,23902,0,41634,0
0000975,65536,58902,0,6634,0
0000976,65536,22664,0,42872,0
0000977,65536,49070,0,16466,0
0000978,65536,1482,0,64054,0
0000979,65536,15824,0,49712,0
0000980,65536,11014,0,54522,0
0000981,65536,38448,0,27088,0
0000982,65536,60787,0,4749,0
0000983,65536,63289,0,2247,0
0000984,65536,4992,0,60544,0
0000985,65536,35540,0,29996,0
0000986,65536,5641,0,59895,0
0000987,65536,37994,0,27542,0
0000988,65536,30888,0,34648,0
0000989,65536,46606,0,18930,0
0000990,65536,64072,0,1464,0
0000991,65536,11573,0,53963,0
0000992,65536,30514,0,35022,0
0000993,65536,44850,0,20686,0
0000994,65536,52388,0,13148,0
0000995,65536,65064,0,0,472
0000996,65536,0,0,0,65536
0000997,65536,0,0,0,65536
0000998,65536,58402,0,7134,0
0000999,65536,63272,0,2264,0
0001000,65536,9956,0,55580,0
0001001,65536,34129,0,31407,0
0001002,65536,29932,0,35604,0
0001003,65536,37953,0,27583,0
0001004,65536,61537,0,3999,0
0001005,65536,36664,0,28872,0
0001006,65536,36510,0,29026,0
0001007,65536,26538,0,38998,0
0001008,65536,35820,0,29716,0
0001009,65536,33476,0,32060,0
0001010,65536,20388,0,45148,0
0001011,65536,42703,0,22833,0
0001012,65536,39235,0,26301,0
0001013,65536,30617,0,34919,0
0001014,65536,43658,0,21878,0
0001015,65536,59643,0,5893,0
0001016,65536,50104,0,15432,0
0001017,65536,26737,0,38799,0
0001018,65536,21650,0,43886,0
0001019,65536,41860,0,23676,0
0001020,65536,41768,0,23768,0
0001021,65536,44579,0,20957,0
0001022,65536,59945,0,5591,0
0001023,65536,63870,0,1666,0
0001024,65536,33298,0,32238,0
0001025,65536,43326,0,22210,0
0001026,65536,34796,0,30740,0
0001027,65536,59806,0,5730,0
0001028,65536,40166,0,25370,0
0001029,65536,37977,0,27559,0
0001030,65536,43456,0,22080,0
0001031,65536,62295,0,3241,0
0001032,65536,61660,0,3876,0
0001033,65536,55937,0,0,9599
0001034,65536,1677,0,0,63859
0001035,65536,0,0,0,65536
0001036,65536,0,0,0,65536
0001037,65536,64441,0,0,1095
0001038,65536,30172,0,0,35364
0001039,65536,34830,0,0,30706
0001040,65536,25476,0,0,40060
0001041,65536,19328,0,0,46208
0001042,65536,0,0,0,65536
0001043,65536,0,0,0,65536
0001044,65536,0,0,0,65536
0001045,65536,0,0,0,65536
0001046,65536,0,0,0,65536
0001047,65536,0,0,0,65536
0001048,65536,0,0,0,65536
0001049,65536,0,0,0,65536
0001050,65536,0,0,0,65536
0001051,65536,0,0,0,65536
0001052,65536,0,0,0,65536
0001053,65536,0,0,0,65536
0001054,65536,0,0,0,65536
0001055,65536,0,0,0,65536
0001056,65536,63777,0,0,1759
0001057,65536,0,0,0,65536
0001058,65536,0,0,0,65536
0001059,65536,0,0,0,65536
0001060,65536,0,0,0,65536
0001061,65536,0,0,0,65536
0001062,65536,35193,0,0,30343
0001063,65536,505,0,0,65031
0001064,65536,0,0,0,65536
0001065,65536,0,0,0,65536
0001066,65536,0,0,0,65536
0001067,65536,0,0,0,65536
0001068,65536,11677,0,0,53859
0001069,65536,0,0,0,65536
0001070,65536,594,0,0,64942
0001071,65536,0,0,0,65536
0001072,65536,0,0,0,65536
0001073,65536,0,0,0,65536
0001074,65536,0,0,0,65536
0001075,65536,0,0,0,65536
0001076,65536,0,0,0,65536
0001077,65536,0,0,0,65536
0001078,65536,0,0,0,65536
0001079,65536,0,0,0,65536
0001080,65536,63904,0,0,1632
0001081,65536,46728,0,0,18808
0001082,65536,17969,0,0,47567
0001083,65536,1046,0,0,64490
0001084,65536,0,0,0,65536
0001085,65536,0,0,0,65536
0001086,65536,0,0,0,65536
0001087,65536,0,0,0,65536
0001088,65536,0,0,0,65536
0001089,65536,0,0,0,65536
0001090,65536,0,0,0,65536
0001091,65536,63858,0,0,1678
0001092,65536,13294,0,0,52242
0001093,65536,0,0,0,65536
0001094,65536,0,0,0,65536
0001095,65536,0,0,0,65536
0001096,65536,0,0,0,65536
0001097,65536,0,0,0,65536
0001098,65536,0,0,0,65536
0001099,65536,0,0,0,65536
0001100,65536,0,0,0,65536
0001101,65536,0,0,0,65536
0001102,65536,0,0,0,65536
0001103,65536,0,0,0,65536
0001104,65536,0,0,0,65536
0001105,65536,61531,0,0,4005
0001106,65536,7218,0,0,58318
0001107,65536,0,0,0,65536
0001108,65536,389,0,0,65147
0001109,65536,0,0,0,65536
0001110,65536,0,0,0,65536
0001111,65536,0,0,0,65536
0001112,65536,13938,0,0,51598
0001113,65536,0,0,0,65536
0001114,65536,0,0,0,65536
0001115,65536,0,0,0,65536
0001116,65536,0,0,0,65536
0001117,65536,0,0,0,65536
0001118,65536,0,0,0,65536
0001119,65536,0,0,0,65536
0001120,65536,0,0,0,65536
0001121,65536,0,0,0,65536
0001122,65536,0,0,0,65536
0001123,65536,0,0,0,65536
0001124,65536,0,0,0,65536
0001125,65536,0,0,0,65536
0001126,65536,36815,0,0,28721
0001127,65536,5281,0,0,60255
0001128,65536,0,0,0,65536
0001129,65536,0,0,0,65536
0001130,65536,0,0,0,65536
0001131,65536,0,0,0,65536
0001132,65536,0,0,0,65536
0001133,65536,0,0,0,65536
0001134,65536,33919,0,0,31617
0001135,65536,3987,0,0,61549
0001136,65536,0,0,0,65536
0001137,65536,0,0,0,65536
0001138,65536,0,0,0,65536
0001139,65536,0,0,0,65536
0001140,65536,0,0,0,65536
0001141,65536,53496,0,0,12040
0001142,65536,0,0,0,65536
0001143,65536,520,0,0,65016
0001144,65536,0,0,0,65536
0001145,65536,0,0,0,65536
0001146,65536,852,0,0,64684
0001147,65536,35583,0,0,29953
0001148,65536,64820,0,0,716
0001149,65536,18711,0,0,46825
0001150,65536,0,0,0,65536
0001151,65536,0,0,0,65536
0001152,65536,0,0,0,65536
0001153,65536,0,0,0,65536
0001154,65536,0,0,0,65536
0001155,65536,8220,0,0,57316
0001156,65536,63329,0,0,2207
0001157,65536,27886,0,0,37650
0001158,65536,1894,0,0,63642
0001159,65536,0,0,0,65536
0001160,65536,0,0,0,65536
0001161,65536,0,0,0,65536
0001162,65536,19240,0,0,46296
0001163,65536,0,0,0,65536
0001164,65536,0,0,0,65536
0001165,65536,0,0,0,65536
0001166,65536,0,0,0,65536
0001167,65536,0,0,0,65536
0001168,65536,0,0,0,65536
0001169,65536,0,0,0,65536
0001170,65536,0,0,0,65536
0001171,65536,0,0,0,65536
0001172,65536,0,0,0,65536
0001173,65536,0,0,0,65536
0001174,65536,0,0,0,65536
0001175,65536,13891,0,0,51645
0001176,65536,0,0,0,65536
0001177,65536,0,0,0,65536
0001178,65536,0,0,0,65536
0001179,65536,0,0,0,65536
0001180,65536,0,0,0,65536
0001181,65536,0,0,0,65536
0001182,65536,0,0,0,65536
0001183,65536,0,0,0,65536
0001184,65536,0,0,0,65536
0001185,65536,0,0,0,65536
0001186,65536,0,0,0,65536
0001187,65536,0,0,0,65536
0001188,65536,0,0,0,65536
0001189,65536,0,0,0,65536
0001190,65536,48435,17101,0,0
0001191,65536,35092,30444,0,0
0001192,65536,54663,10873,0,0
0001193,65536,26968,38568,0,0
0001194,65536,57858,7678,0,0
0001195,65536,48867,16669,0,0
0001196,65536,63850,1686,0,0
0001197,65536,61455,4081,0,0
0001198,65536,29529,36007,0,0
0001199,65536,5481,60055,0,0
0001200,65536,56263,9273,0,0
0001201,65536,13669,51867,0,0
0001202,65536,34038,31498,0,0
0001203,65536,61493,4043,0,0
0001204,65536,16025,49511,0,0
0001205,65536,54214,11322,0,0
0001206,65536,0,0,0,65536
0001207,65536,0,0,0,65536
0001208,65536,10810,0,0,54726
0001209,65536,16268,0,0,49268
0001210,65536,937,0,0,64599
0001211,65536,0,0,0,65536
0001212,65536,0,0,0,65536
0001213,65536,0,0,0,65536
0001214,65536,0,0,0,65536
0001215,65536,0,0,0,65536
0001216,65536,0,0,0,65536
0001217,65536,0,0,0,65536
0001218,65536,0,0,0,65536
0001219,65536,0,0,0,65536
0001220,65536,0,0,0,65536
0001221,65536,15899,0,0,49637
0001222,65536,46757,0,0,18779
0001223,65536,58140,0,0,7396
0001224,65536,0,0,0,65536
0001225,65536,0,0,0,65536
0001226,65536,34107,0,0,31429
0001227,65536,55964,0,0,9572
0001228,65536,51918,0,0,13618
0001229,65536,23372,0,0,42164
0001230,65536,48835,0,0,16701
0001231,65536,62380,0,0,3156
0001232,65536,44651,0,0,20885
0001233,65536,0,0,0,65536
0001234,65536,0,0,0,65536
0001235,65536,37313,0,0,28223
0001236,65536,65236,0,0,300
0001237,65536,49495,0,0,16041
0001238,65536,38995,0,0,26541
0001239,65536,64096,0,0,1440
0001240,65536,13429,0,0,52107
0001241,65536,0,0,0,65536
0001242,65536,61116,0,0,4420
0001243,65536,52286,0,0,13250
0001244,65536,60467,0,0,5069
0001245,65536,42,0,0,65494
0001246,65536,8176,0,0,57360
0001247,65536,61553,0,0,3983
0001248,65536,32108,0,0,33428
0001249,65536,50138,0,0,15398
0001250,65536,57100,0,0,8436
0001251,65536,64061,0,0,1475
0001252,65536,629,0,0,64907
0001253,65536,8849,0,0,56687
0001254,65536,64350,0,0,1186
0001255,65536,61400,0,0,4136
0001256,65536,65323,0,0,213
0001257,65536,56937,0,0,8599
0001258,65536,54134,0,0,11402
0001259,65536,65250,0,0,286
0001260,65536,65060,0,0,476
0001261,65536,59899,0,0,5637
0001262,65536,56115,0,0,9421
0001263,65536,35728,0,0,29808
0001264,65536,65181,0,0,355
0001265,65536,29032,0,0,36504
0001266,65536,0,0,0,65536
0001267,65536,47260,0,0,18276
0001268,65536,62607,0,0,2929
0001269,65536,49490,0,0,16046
0001270,65536,12482,0,0,53054
0001271,65536,0,0,0,65536
0001272,65536,0,0,0,65536
0001273,65536,0,0,0,65536
0001274,65536,0,0,0,65536
0001275,65536,0,0,0,65536
0001276,65536,0,0,0,65536
0001277,65536,0,0,0,65536
0001278,65536,3621,0,0,61915
0001279,65536,8328,0,0,57208
0001280,65536,11270,0,0,54266
0001281,65536,41160,0,0,24376
0001282,65536,63385,0,0,2151
0001283,65536,37972,0,0,27564
0001284,65536,15405,0,0,50131
0001285,65536,2,0,0,65534
0001286,65536,0,0,0,65536
0001287,65536,0,0,0,65536
0001288,65536,0,0,0,65536
0001289,65536,0,0,0,65536
0001290,65536,0,0,0,65536
0001291,65536,0,0,0,65536
0001292,65536,19064,0,0,46472
0001293,65536,39266,0,0,26270
0001294,65536,6556,0,0,58980
0001295,65536,10750,0,0,54786
0001296,65536,58234,0,0,7302
0001297,65536,0,0,0,65536
0001298,65536,15294,0,0,50242
0001299,65536,41464,0,0,24072
0001300,65536,0,0,0,65536
0001301,65536,23565,0,0,41971
0001302,65536,5459,0,0,60077
0001303,65536,47886,0,0,17650
0001304,65536,12280,0,0,53256
0001305,65536,1894,0,0,63642
0001306,65536,0,0,0,65536
0001307,65536,0,0,0,65536
0001308,65536,61711,0,3825,0
0001309,65536,0,0,0,65536
0001310,65536,62743,0,2793,0
0001311,65536,54296,0,11240,0
0001312,65536,0,0,0,65536
0001313,65536,0,0,0,65536
0001314,65536,0,0,0,65536
0001315,65536,0,0,0,65536
0001316,65536,0,0,0,65536
0001317,65536,0,0,0,65536
0001318,65536,2286,0,1169,62081
0001319,65536,0,0,0,65536
0001320,65536,0,0,0,65536
0001321,65536,0,0,0,65536
0001322,65536,0,0,0,65536
0001323,65536,0,0,0,65536
0001324,65536,0,0,0,65536
0001325,65536,0,0,0,65536
0001326,65536,0,0,0,65536
0001327,65536,0,0,0,65536
0001328,65536,0,0,0,65536
0001329,65536,0,0,0,65536
0001330,65536,0,0,0,65536
0001331,65536,0,0,0,65536
0001332,65536,0,0,0,65536
0001333,65536,0,0,0,65536
0001334,65536,0,0,0,65536
0001335,65536,0,0,0,65536
0001336,65536,0,0,0,65536
0001337,65536,0,0,0,65536
0001338,65536,0,0,0,65536
0001339,65536,0,0,0,65536
0001340,65536,0,0,0,65536
0001341,65536,0,0,0,65536
0001342,65536,0,0,0,65536
0001343,65536,0,0,0,65536
0001344,65536,0,0,0,65536
0001345,65536,0,0,0,65536
0001346,65536,0,0,0,65536
0001347,65536,0,0,0,65536
0001348,65536,0,0,0,65536
0001349,65536,0,0,0,65536
0001350,65536,0,0,0,65536
0001351,65536,0,0,0,65536
0001352,65536,0,0,0,65536
0001353,65536,0,0,0,65536
0001354,65536,0,0,0,65536
0001355,65536,0,0,0,65536
0001356,65536,0,0,0,65536
0001357,65536,0,0,0,65536
0001358,65536,0,0,0,65536
0001359,65536,0,0,0,65536
0001360,65536,0,0,0,65536
0001361,65536,0,0,0,65536
0001362,65536,0,0,0,65536
0001363,65536,0,0,0,65536
0001364,65536,0,0,0,65536
0001365,65536,0,0,0,65536
0001366,65536,0,0,0,65536
0001367,65536,0,0,0,65536
0001368,65536,0,0,0,65536
0001369,65536,0,0,0,65536
0001370,65536,0,0,0,65536
0001371,65536,0,0,0,65536
0001372,65536,0,0,0,65536
0001373,65536,0,0,0,65536
0001374,65536,0,0,0,65536
0001375,65536,0,0,0,65536
0001376,65536,0,0,0,65536
0001377,65536,0,0,0,65536
0001378,65536,0,0,0,65536
0001379,65536,0,0,0,65536
0001380,65536,0,0,0,65536
0001381,65536,0,0,0,65536
0001382,65536,0,0,0,65536
0001383,65536,0,0,0,65536
0001384,65536,0,0,0,65536
0001385,65536,0,0,0,65536
0001386,65536,0,0,0,65536
0001387,65536,0,0,0,65536
0001388,65536,0,0,0,65536
0001389,65536,0,0,0,65536
0001390,65536,0,0,0,65536
0001391,65536,0,0,0,65536
0001392,65536,0,0,0,65536
0001393,65536,0,0,0,65536
0001394,65536,0,0,0,65536
0001395,65536,0,0,0,65536
0001396,65536,0,0,0,65536
0001397,65536,65309,0,227,0
0001398,65536,0,0,0,65536
0001399,65536,0,0,0,65536
0001400,65536,0,0,0,65536
0001401,65536,0,0,0,65536
0001402,65536,0,0,0,65536
0001403,65536,61680,0,3780,76
0001404,65536,62315,0,0,3221
0001405,65536,61035,0,4501,0
0001406,65536,10627,0,11273,43636
0001407,65536,0,0,0,65536
0001408,65536,0,0,0,65536
0001409,65536,0,0,0,65536
0001410,65536,0,0,0,65536
0001411,65536,0,0,0,65536
0001412,65536,0,0,0,65536
0001413,65536,0,0,0,65536
0001414,65536,0,0,0,65536
0001415,65536,0,0,0,65536
0001416,65536,0,0,0,65536
0001417,65536,0,0,0,65536
0001418,65536,0,0,0,65536
0001419,65536,0,0,0,65536
0001420,65536,0,0,0,65536
0001421,65536,0,0,0,65536
0001422,65536,0,0,0,65536
0001423,65536,0,0,0,65536
0001424,65536,0,0,0,65536
0001425,65536,0,0,0,65536
0001426,65536,0,0,0,65536
0001427,65536,0,0,0,65536
0001428,65536,0,0,0,65536
0001429,65536,0,0,0,65536
0001430,65536,0,0,0,65536
0001431,65536,0,0,0,65536
0001432,65536,0,0,0,65536
0001433,65536,0,0,0,65536
0001434,65536,0,0,0,65536
0001435,65536,0,0,0,65536
0001436,65536,2766,0,0,62770
0001437,65536,12286,0,0,53250
0001438,65536,0,0,0,65536
0001439,65536,0,0,0,65536
0001440,65536,0,0,0,65536
0001441,65536,0,0,0,65536
0001442,65536,0,0,0,65536
0001443,65536,0,0,0,65536
0001444,65536,0,0,0,65536
0001445,65536,0,0,0,65536
0001446,65536,0,0,0,65536
0001447,65536,0,0,0,65536
0001448,65536,0,0,0,65536
0001449,65536,164,0,0,65372
0001450,65536,16906,0,3142,45488
0001451,65536,47092,0,15888,2556
0001452,65536,34238,0,26689,4609
0001453,65536,3901,0,0,61635
0001454,65536,0,0,0,65536
0001455,65536,14861,0,0,50675
0001456,65536,25282,0,2335,37919
0001457,65536,22513,0,0,43023
0001458,65536,0,0,0,65536
0001459,65536,0,0,0,65536
0001460,65536,17614,0,5423,42499
0001461,65536,44505,0,0,21031
0001462,65536,59538,0,5998,0
0001463,65536,37916,0,27620,0
0001464,65536,60037,0,5499,0
0001465,65536,53076,0,12460,0
0001466,65536,45782,0,16667,3087
0001467,65536,53087,0,12314,135
0001468,65536,61238,0,4298,0
0001469,65536,36714,0,2838,25984
0001470,65536,0,0,0,65536
0001471,65536,0,0,0,65536
0001472,65536,0,0,0,65536
0001473,65536,0,0,0,65536
0001474,65536,0,0,0,65536
0001475,65536,0,0,0,65536
0001476,65536,45696,0,15281,4559
0001477,65536,0,0,0,65536
0001478,65536,0,0,0,65536
0001479,65536,37194,0,0,28342
0001480,65536,39867,0,10400,15269
0001481,65536,49029,0,4995,11512
0001482,65536,1903,0,2518,61115
0001483,65536,0,0,0,65536
0001484,65536,0,0,0,65536
0001485,65536,0,0,0,65536
0001486,65536,0,0,0,65536
0001487,65536,0,0,0,65536
0001488,65536,0,0,0,65536
0001489,65536,0,0,0,65536
0001490,65536,27710,0,15104,22722
0001491,65536,0,0,0,65536
0001492,65536,467,0,0,65069
0001493,65536,6316,0,0,59220
0001494,65536,3490,0,0,62046
0001495,65536,0,0,0,65536
0001496,65536,0,0,0,65536
0001497,65536,43674,21862,0,0
0001498,65536,63325,2211,0,0
0001499,65536,51898,13638,0,0
0001500,65536,11599,53937,0,0
0001501,65536,5538,59998,0,0
0001502,65536,12697,52839,0,0
0001503,65536,46828,18708,0,0
0001504,65536,59949,5587,0,0
0001505,65536,64287,1249,0,0
0001506,65536,21506,44030,0,0
0001507,65536,11049,54487,0,0
0001508,65536,63398,2138,0,0
0001509,65536,65249,287,0,0
0001510,65536,60224,5312,0,0
0001511,65536,44240,21296,0,0
0001512,65536,57128,8408,0,0
0001513,65536,45922,19614,0,0
0001514,65536,39275,26261,0,0
0001515,65536,10634,54902,0,0
0001516,65536,43792,21744,0,0
0001517,65536,55181,10355,0,0
0001518,65536,62949,2587,0,0
0001519,65536,6123,59413,0,0
0001520,65536,14704,50832,0,0
0001521,65536,62751,2785,0,0
0001522,65536,56851,8685,0,0
0001523,65536,7166,58370,0,0
0001524,65536,19240,46296,0,0
0001525,65536,24733,40803,0,0
0001526,65536,60753,4783,0,0
0001527,65536,64903,633,0,0
0001528,65536,46156,19380,0,0
0001529,65536,41205,24331,0,0
0001530,65536,36206,29330,0,0
0001531,65536,52879,12657,0,0
0001532,65536,65078,458,0,0
0001533,65536,64307,1229,0,0
0001534,65536,15344,50192,0,0
0001535,65536,40776,24760,0,0
0001536,65536,6677,58859,0,0
0001537,65536,53805,11731,0,0
0001538,65536,59337,6199,0,0
0001539,65536,14439,51097,0,0
0001540,65536,60345,5191,0,0
0001541,65536,52385,13151,0,0
0001542,65536,65262,274,0,0
0001543,65536,49805,15731,0,0
0001544,65536,50740,14796,0,0
0001545,65536,15845,49691,0,0
0001546,65536,50500,15036,0,0
0001547,65536,18244,47292,0,0
0001548,65536,53757,11779,0,0
0001549,65536,64937,599,0,0
0001550,65536,15194,50342,0,0
0001551,65536,9403,56133,0,0
0001552,65536,11664,53872,0,0
0001553,65536,345,65191,0,0
0001554,65536,0,65536,0,0
0001555,65536,0,65536,0,0
0001556,65536,0,65536,0,0
0001557,65536,0,65536,0,0
0001558,65536,5768,59768,0,0
0001559,65536,22338,43198,0,0
0001560,65536,61202,4334,0,0
0001561,65536,62132,3404,0,0
0001562,65536,65059,477,0,0
0001563,65536,65025,511,0,0
0001564,65536,65403,133,0,0
0001565,65536,62023,3513,0,0
0001566,65536,55019,10517,0,0
0001567,65536,55,65481,0,0
0001568,65536,8969,56567,0,0
0001569,65536,31511,34025,0,0
0001570,65536,43031,22505,0,0
0001571,65536,23204,42332,0,0
0001572,65536,41372,24164,0,0
0001573,65536,4077,61459,0,0
0001574,65536,22905,42631,0,0
0001575,65536,29777,35759,0,0
0001576,65536,42161,23375,0,0
0001577,65536,48350,17186,0,0
0001578,65536,46388,19148,0,0
0001579,65536,40821,24715,0,0
0001580,65536,16032,49504,0,0
0001581,65536,62403,3133,0,0
0001582,65536,65414,122,0,0
0001583,65536,60189,5347,0,0
0001584,65536,65111,425,0,0
0001585,65536,45336,20200,0,0
0001586,65536,6528,59008,0,0
0001587,65536,53890,11646,0,0
0001588,65536,45758,19778,0,0
0001589,65536,64529,1007,0,0
0001590,65536,51889,13647,0,0
0001591,65536,36028,29508,0,0
0001592,65536,22124,43412,0,0
0001593,65536,11690,53846,0,0
0001594,65536,61635,3901,0,0
0001595,65536,39483,26053,0,0
0001596,65536,50067,15469,0,0
0001597,65536,4233,61303,0,0
0001598,65536,62715,2821,0,0
0001599,65536,12887,52649,0,0
0001600,65536,1399,64137,0,0
0001601,65536,2613,62923,0,0
0001602,65536,7840,57696,0,0
0001603,65536,11951,53585,0,0
0001604,65536,55682,9854,0,0
0001605,65536,61141,4395,0,0
0001606,65536,269,65267,0,0
0001607,65536,26131,39405,0,0
0001608,65536,203,65333,0,0
0001609,65536,61934,3602,0,0
0001610,65536,7604,57932,0,0
0001611,65536,980,64556,0,0
0001612,65536,388,65148,0,0
0001613,65536,1132,64404,0,0
0001614,65536,1368,64168,0,0
0001615,65536,24999,40537,0,0
0001616,65536,61395,4141,0,0
0001617,65536,41879,23657,0,0
0001618,65536,17428,48108,0,0
0001619,65536,9678,55858,0,0
0001620,65536,425,65111,0,0
0001621,65536,37407,28129,0,0
0001622,65536,31192,34344,0,0
0001623,65536,1585,63951,0,0
0001624,65536,198,65338,0,0
0001625,65536,1592,63944,0,0
0001626,65536,8364,57172,0,0
0001627,65536,8932,56604,0,0
0001628,65536,43179,22357,0,0
0001629,65536,16284,49252,0,0
0001630,65536,0,65536,0,0
0001631,65536,15565,49971,0,0
0001632,65536,8618,56918,0,0
0001633,65536,2826,62710,0,0
0001634,65536,9437,56099,0,0
0001635,65536,152,65384,0,0
0001636,65536,3398,62138,0,0
0001637,65536,2598,62938,0,0
0001638,65536,341,65195,0,0
0001639,65536,3258,62278,0,0
0001640,65536,13236,52300,0,0
0001641,65536,47563,17973,0,0
0001642,65536,40,65496,0,0
0001643,65536,15831,49705,0,0
0001644,65536,311,65225,0,0
0001645,65536,20680,44856,0,0
0001646,65536,33064,32472,0,0
0001647,65536,27021,38515,0,0
0001648,65536,21476,44060,0,0
0001649,65536,23450,42086,0,0
0001650,65536,121,65415,0,0
0001651,65536,862,64674,0,0
0001652,65536,3917,61619,0,0
0001653,65536,1930,63606,0,0
0001654,65536,54212,11324,0,0
0001655,65536,458,65078,0,0
0001656,65536,195,65341,0,0
0001657,65536,5617,59919,0,0
0001658,65536,19814,45722,0,0
0001659,65536,7642,57894,0,0
0001660,65536,14781,50755,0,0
0001661,65536,1787,63749,0,0
0001662,65536,5942,59594,0,0
0001663,65536,2555,62981,0,0
0001664,65536,18895,46641,0,0
0001665,65536,17694,47842,0,0
0001666,65536,54381,11155,0,0
0001667,65536,492,65044,0,0
0001668,65536,916,64620,0,0
0001669,65536,496,65040,0,0
0001670,65536,648,64888,0,0
0001671,65536,5506,60030,0,0
0001672,65536,4148,61388,0,0
0001673,65536,10393,55143,0,0
0001674,65536,180,65356,0,0
0001675,65536,10855,54681,0,0
0001676,65536,26,65510,0,0
0001677,65536,7100,58436,0,0
0001678,65536,28820,36716,0,0
0001679,65536,39066,26470,0,0
0001680,65536,63641,1895,0,0
0001681,65536,1743,63793,0,0
0001682,65536,228,65308,0,0
0001683,65536,20549,44987,0,0
0001684,65536,46237,19299,0,0
0001685,65536,561,64975,0,0
0001686,65536,3138,62398,0,0
0001687,65536,2161,63375,0,0
0001688,65536,4098,61438,0,0
0001689,65536,10009,55527,0,0
0001690,65536,13349,52187,0,0
0001691,65536,25211,40325,0,0
0001692,65536,36890,28646,0,0
0001693,65536,0,65536,0,0
0001694,65536,1474,64062,0,0
0001695,65536,0,65536,0,0
0001696,65536,14978,50558,0,0
0001697,65536,10719,54817,0,0
0001698,65536,8454,57082,0,0
0001699,65536,7336,58200,0,0
0001700,65536,915,64621,0,0
0001701,65536,62322,3214,0,0
0001702,65536,120,65416,0,0
0001703,65536,253,65283,0,0
0001704,65536,47073,18463,0,0
0001705,65536,23698,41838,0,0
0001706,65536,16516,49020,0,0
0001707,65536,20192,45344,0,0
0001708,65536,34955,30581,0,0
0001709,65536,65275,261,0,0
0001710,65536,2241,63295,0,0
0001711,65536,12293,53243,0,0
0001712,65536,20511,45025,0,0
0001713,65536,65500,36,0,0
0001714,65536,22811,42725,0,0
0001715,65536,38925,26611,0,0
0001716,65536,963,64573,0,0
0001717,65536,27866,37670,0,0
0001718,65536,40843,24693,0,0
0001719,65536,56364,9172,0,0
0001720,65536,65507,29,0,0
0001721,65536,2417,63119,0,0
0001722,65536,36170,29366,0,0
0001723,65536,3356,62180,0,0
0001724,65536,27259,38277,0,0
0001725,65536,65078,458,0,0
0001726,65536,372,65164,0,0
0001727,65536,56374,9162,0,0
0001728,65536,470,65066,0,0
0001729,65536,4650,60886,0,0
0001730,65536,57701,7835,0,0
0001731,65536,49300,16236,0,0
0001732,65536,57561,7975,0,0
0001733,65536,18585,46951,0,0
0001734,65536,9871,55665,0,0
0001735,65536,830,64706,0,0
0001736,65536,246,65290,0,0
0001737,65536,79,65457,0,0
0001738,65536,494,65042,0,0
0001739,65536,54720,10816,0,0
0001740,65536,234,65302,0,0
0001741,65536,11729,53807,0,0
0001742,65536,352,65184,0,0
0001743,65536,58,65478,0,0
0001744,65536,24787,40749,0,0
0001745,65536,1921,63615,0,0
0001746,65536,796,64740,0,0
0001747,65536,31,65505,0,0
0001748,65536,64866,670,0,0
0001749,65536,18004,47532,0,0
0001750,65536,1876,63660,0,0
0001751,65536,971,64565,0,0
0001752,65536,467,65069,0,0
0001753,65536,51969,13567,0,0
0001754,65536,1086,64450,0,0
0001755,65536,380,65156,0,0
0001756,65536,405,65131,0,0
0001757,65536,1365,64171,0,0
0001758,65536,18,65518,0,0
0001759,65536,85,65451,0,0
0001760,65536,64434,1102,0,0
0001761,65536,40864,24672,0,0
0001762,65536,8026,57510,0,0
0001763,65536,13891,51645,0,0
0001764,65536,7116,58420,0,0
0001765,65536,4150,61386,0,0
0001766,65536,1299,64237,0,0
0001767,65536,44757,20779,0,0
0001768,65536,5,65531,0,0
0001769,65536,2931,62605,0,0
0001770,65536,2804,62732,0,0
0001771,65536,971,64565,0,0
0001772,65536,173,65363,0,0
0001773,65536,63735,1801,0,0
0001774,65536,54735,10801,0,0
0001775,65536,14670,50866,0,0
0001776,65536,39916,25620,0,0
0001777,65536,46460,19076,0,0
0001778,65536,14811,50725,0,0
0001779,65536,785,64751,0,0
0001780,65536,383,65153,0,0
0001781,65536,785,64751,0,0
0001782,65536,62044,3492,0,0
0001783,65536,6418,59118,0,0
0001784,65536,808,64728,0,0
0001785,65536,6250,59286,0,0
0001786,65536,13719,51817,0,0
0001787,65536,4293,61243,0,0
0001788,65536,2950,62586,0,0
0001789,65536,31049,34487,0,0
0001790,65536,267,65269,0,0
0001791,65536,46886,18650,0,0
0001792,65536,8385,57151,0,0
0001793,65536,50733,14803,0,0
0001794,65536,9620,55916,0,0
0001795,65536,63469,2067,0,0
0001796,65536,58337,7199,0,0
0001797,65536,29435,36101,0,0
0001798,65536,64973,563,0,0
0001799,65536,52832,12704,0,0
0001800,65536,6907,58629,0,0
0001801,65536,4807,60729,0,0
0001802,65536,661,64875,0,0
0001803,65536,41626,23910,0,0
0001804,65536,2151,63385,0,0
0001805,65536,457,65079,0,0
0001806,65536,64429,1107,0,0
0001807,65536,41267,24269,0,0
0001808,65536,29012,36524,0,0
0001809,65536,33497,32039,0,0
0001810,65536,64859,677,0,0
0001811,65536,51075,14461,0,0
0001812,65536,27430,38106,0,0
0001813,65536,42525,23011,0,0
0001814,65536,63954,1582,0,0
0001815,65536,40715,24821,0,0
0001816,65536,57269,8267,0,0
0001817,65536,38689,26847,0,0
0001818,65536,39161,26375,0,0
0001819,65536,65388,148,0,0
0001820,65536,17130,48406,0,0
0001821,65536,43115,22421,0,0
0001822,65536,33898,31638,0,0
0001823,65536,63908,1628,0,0
0001824,65536,63724,1812,0,0
0001825,65536,48221,17315,0,0
0001826,65536,35623,29913,0,0
0001827,65536,55778,9758,0,0
0001828,65536,64132,1404,0,0
0001829,65536,65329,207,0,0
0001830,65536,65495,41,0,0
0001831,65536,1197,64339,0,0
0001832,65536,1348,64188,0,0
0001833,65536,19711,45825,0,0
0001834,65536,142,65394,0,0
0001835,65536,10637,54899,0,0
0001836,65536,3042,62494,0,0
0001837,65536,56902,8634,0,0
0001838,65536,332,65204,0,0
0001839,65536,6138,59398,0,0
0001840,65536,8567,56969,0,0
0001841,65536,57154,8382,0,0
0001842,65536,13562,51974,0,0
0001843,65536,8704,56832,0,0
0001844,65536,2172,63364,0,0
0001845,65536,12764,52772,0,0
0001846,65536,49975,15561,0,0
0001847,65536,26638,38898,0,0
0001848,65536,32077,33459,0,0
0001849,65536,3414,62122,0,0
0001850,65536,5452,60084,0,0
0001851,65536,34371,31165,0,0
0001852,65536,56726,8810,0,0
0001853,65536,8767,56769,0,0
0001854,65536,27213,38323,0,0
0001855,65536,34105,31431,0,0
0001856,65536,65497,39,0,0
0001857,65536,10748,54788,0,0
0001858,65536,32464,33072,0,0
0001859,65536,57749,7787,0,0
0001860,65536,41947,23589,0,0
0001861,65536,64774,762,0,0
0001862,65536,63244,2292,0,0
0001863,65536,12455,53081,0,0
0001864,65536,46,65490,0,0
0001865,65536,3718,61818,0,0
0001866,65536,5142,60394,0,0
0001867,65536,11492,54044,0,0
0001868,65536,9905,55631,0,0
0001869,65536,17066,48470,0,0
0001870,65536,27253,38283,0,0
0001871,65536,13621,51915,0,0
0001872,65536,27960,37576,0,0
0001873,65536,55160,10376,0,0
0001874,65536,59098,6438,0,0
0001875,65536,490,65046,0,0
0001876,65536,315,65221,0,0
0001877,65536,0,65536,0,0
0001878,65536,0,65536,0,0
0001879,65536,0,65536,0,0
0001880,65536,1286,64250,0,0
0001881,65536,0,65536,0,0
0001882,65536,1544,63992,0,0
0001883,65536,38390,27146,0,0
0001884,65536,28734,36802,0,0
0001885,65536,0,65536,0,0
0001886,65536,0,65536,0,0
0001887,65536,0,65536,0,0
0001888,65536,12075,53461,0,0
0001889,65536,0,65536,0,0
0001890,65536,221,65315,0,0
0001891,65536,16139,49397,0,0
0001892,65536,62920,2616,0,0
0001893,65536,0,65536,0,0
0001894,65536,551,64985,0,0
0001895,65536,58274,7262,0,0
0001896,65536,43634,21902,0,0
0001897,65536,42117,23419,0,0
0001898,65536,64667,869,0,0
0001899,65536,57842,7694,0,0
0001900,65536,5188,60348,0,0
0001901,65536,4934,60602,0,0
0001902,65536,58737,6799,0,0
0001903,65536,28340,37196,0,0
0001904,65536,62352,3184,0,0
0001905,65536,64949,587,0,0
0001906,65536,43985,21551,0,0
0001907,65536,36649,28887,0,0
0001908,65536,51322,14214,0,0
0001909,65536,33342,32194,0,0
0001910,65536,9319,56217,0,0
0001911,65536,10279,55257,0,0
0001912,65536,11007,54529,0,0
0001913,65536,8088,57448,0,0
0001914,65536,50821,14715,0,0
0001915,65536,65453,83,0,0
0001916,65536,55253,10283,0,0
0001917,65536,24706,40830,0,0
0001918,65536,14355,51181,0,0
0001919,65536,31248,34288,0,0
0001920,65536,48168,17368,0,0
0001921,65536,48552,16984,0,0
0001922,65536,43754,21782,0,0
0001923,65536,37282,28254,0,0
0001924,65536,60931,4605,0,0
0001925,65536,65134,402,0,0
0001926,65536,26164,39372,0,0
0001927,65536,12881,52655,0,0
0001928,65536,1306,64230,0,0
0001929,65536,62570,2966,0,0
0001930,65536,55197,10339,0,0
0001931,65536,15817,49719,0,0
0001932,65536,2377,63159,0,0
0001933,65536,4447,61089,0,0
0001934,65536,12861,52675,0,0
0001935,65536,11098,54438,0,0
0001936,65536,53407,12129,0,0
0001937,65536,5748,59788,0,0
0001938,65536,201,65335,0,0
0001939,65536,630,64906,0,0
0001940,65536,17602,47934,0,0
0001941,65536,16695,48841,0,0
0001942,65536,7690,57846,0,0
0001943,65536,47967,17569,0,0
0001944,65536,62240,3296,0,0
0001945,65536,15829,49707,0,0
0001946,65536,16469,49067,0,0
0001947,65536,10438,55098,0,0
0001948,65536,4702,60834,0,0
0001949,65536,12375,53161,0,0
0001950,65536,1262,64274,0,0
0001951,65536,8053,57483,0,0
0001952,65536,14378,51158,0,0
0001953,65536,24406,41130,0,0
0001954,65536,40745,24791,0,0
0001955,65536,10611,54925,0,0
0001956,65536,7802,57734,0,0
0001957,65536,8439,57097,0,0
0001958,65536,7415,58121,0,0
0001959,65536,3961,61575,0,0
0001960,65536,22846,42690,0,0
0001961,65536,18392,47144,0,0
0001962,65536,6201,59335,0,0
0001963,65536,16997,48539,0,0
0001964,65536,46203,19333,0,0
0001965,65536,49752,15784,0,0
0001966,65536,1751,63785,0,0
0001967,65536,4500,61036,0,0
0001968,65536,5996,59540,0,0
0001969,65536,13396,52140,0,0
0001970,65536,10828,54708,0,0
0001971,65536,14082,51454,0,0
0001972,65536,11965,53571,0,0
0001973,65536,11228,54308,0,0
0001974,65536,10036,55500,0,0
0001975,65536,5676,59860,0,0
0001976,65536,12902,52634,0,0
0001977,65536,13133,52403,0,0
0001978,65536,29066,36470,0,0
0001979,65536,58884,6652,0,0
0001980,65536,14821,50715,0,0
0001981,65536,15255,50281,0,0
0001982,65536,13386,52150,0,0
0001983,65536,14786,50750,0,0
0001984,65536,14990,50546,0,0
0001985,65536,16847,48689,0,0
0001986,65536,29799,35737,0,0
0001987,65536,11272,54264,0,0
0001988,65536,13977,51559,0,0
0001989,65536,29622,35914,0,0
0001990,65536,6639,58897,0,0
0001991,65536,1013,64523,0,0
0001992,65536,30343,35193,0,0
0001993,65536,1392,64144,0,0
0001994,65536,24895,40641,0,0
0001995,65536,7472,58064,0,0
0001996,65536,23245,42291,0,0
0001997,65536,13408,52128,0,0
0001998,65536,8283,57253,0,0
0001999,65536,61817,3719,0,0
0002000,65536,41445,24091,0,0
0002001,65536,51939,13597,0,0
0002002,65536,41745,23791,0,0
0002003,65536,24548,40988,0,0
0002004,65536,22832,42704,0,0
0002005,65536,19497,46039,0,0
0002006,65536,21523,44013,0,0
0002007,65536,12986,52550,0,0
0002008,65536,18933,46603,0,0
0002009,65536,64609,927,0,0
0002010,65536,15068,50468,0,0
0002011,65536,9812,55724,0,0
0002012,65536,24927,40609,0,0
0002013,65536,15251,50285,0,0
0002014,65536,39759,25777,0,0
0002015,65536,27946,37590,0,0
0002016,65536,56881,8655,0,0
0002017,65536,21340,44196,0,0
0002018,65536,18075,47461,0,0
0002019,65536,45297,20239,0,0
0002020,65536,63122,2414,0,0
0002021,65536,65459,77,0,0
0002022,65536,64481,1055,0,0
0002023,65536,61708,3828,0,0
0002024,65536,37647,27889,0,0
0002025,65536,45464,20072,0,0
0002026,65536,51939,13597,0,0
0002027,65536,64946,590,0,0
0002028,65536,2698,62838,0,0
0002029,65536,17841,47695,0,0
0002030,65536,63557,1979,0,0
0002031,65536,9461,56075,0,0
0002032,65536,48568,16968,0,0
0002033,65536,38889,26647,0,0
0002034,65536,22051,43485,0,0
0002035,65536,38753,26783,0,0
0002036,65536,55985,9551,0,0
0002037,65536,34031,31505,0,0
0002038,65536,20830,44706,0,0
0002039,65536,45955,19581,0,0
0002040,65536,57672,7864,0,0
0002041,65536,65400,136,0,0
0002042,65536,38287,27249,0,0
0002043,65536,65274,262,0,0
0002044,65536,59819,5717,0,0
0002045,65536,51107,14429,0,0
0002046,65536,65244,292,0,0
0002047,65536,13986,51550,0,0
0002048,65536,25605,39931,0,0
0002049,65536,40276,25260,0,0
0002050,65536,42674,22862,0,0
0002051,65536,46128,19408,0,0
0002052,65536,30337,35199,0,0
0002053,65536,14578,50958,0,0
0002054,65536,3206,62330,0,0
0002055,65536,14233,51303,0,0
0002056,65536,22022,43514,0,0
0002057,65536,56643,8893,0,0
0002058,65536,11774,53762,0,0
0002059,65536,33007,32529,0,0
0002060,65536,19846,45690,0,0
0002061,65536,6209,59327,0,0
0002062,65536,30000,35536,0,0
0002063,65536,29550,35986,0,0
0002064,65536,20206,45330,0,0
0002065,65536,22299,43237,0,0
0002066,65536,1173,64363,0,0
0002067,65536,11797,53739,0,0
0002068,65536,11276,54260,0,0
0002069,65536,8070,57466,0,0
0002070,65536,7484,58052,0,0
0002071,65536,64946,590,0,0
0002072,65536,63778,1758,0,0
0002073,65536,7948,57588,0,0
0002074,65536,6112,59424,0,0
0002075,65536,13338,52198,0,0
0002076,65536,16163,49373,0,0
0002077,65536,2672,62864,0,0
0002078,65536,63463,2073,0,0
0002079,65536,4778,60758,0,0
0002080,65536,7766,57770,0,0
0002081,65536,6276,59260,0,0
0002082,65536,938,64598,0,0
0002083,65536,7633,57903,0,0
0002084,65536,21188,44348,0,0
0002085,65536,45496,20040,0,0
0002086,65536,26212,39324,0,0
0002087,65536,34230,31306,0,0
0002088,65536,10270,55266,0,0
0002089,65536,17431,48105,0,0
0002090,65536,24722,40814,0,0
0002091,65536,1915,63621,0,0
0002092,65536,17022,48514,0,0
0002093,65536,32913,32623,0,0
0002094,65536,27552,37984,0,0
0002095,65536,8966,56570,0,0
0002096,65536,11019,54517,0,0
0002097,65536,7804,57732,0,0
0002098,65536,4399,61137,0,0
0002099,65536,9859,55677,0,0
0002100,65536,13047,52489,0,0
0002101,65536,18712,46824,0,0
0002102,65536,31780,33756,0,0
0002103,65536,24381,41155,0,0
0002104,65536,3951,61585,0,0
0002105,65536,42394,23142,0,0
0002106,65536,44479,21057,0,0
0002107,65536,56861,8675,0,0
0002108,65536,18838,46698,0,0
0002109,65536,29129,36407,0,0
0002110,65536,11018,54518,0,0
0002111,65536,5039,60497,0,0
0002112,65536,4057,61479,0,0
0002113,65536,17455,48081,0,0
0002114,65536,17805,47731,0,0
0002115,65536,20284,45252,0,0
0002116,65536,34735,30801,0,0
0002117,65536,23383,42153,0,0
0002118,65536,43738,21798,0,0
0002119,65536,26202,39334,0,0
0002120,65536,53757,11779,0,0
0002121,65536,26226,39310,0,0
0002122,65536,30104,35432,0,0
0002123,65536,14902,50634,0,0
0002124,65536,45438,20098,0,0
0002125,65536,15768,49768,0,0
0002126,65536,17811,47725,0,0
0002127,65536,21998,43538,0,0
0002128,65536,39750,25786,0,0
0002129,65536,38507,27029,0,0
0002130,65536,4135,61401,0,0
0002131,65536,16798,48738,0,0
0002132,65536,12685,52851,0,0
0002133,65536,28702,36834,0,0
0002134,65536,22205,43331,0,0
0002135,65536,17954,47582,0,0
0002136,65536,9681,55855,0,0
0002137,65536,21314,44222,0,0
0002138,65536,10359,55177,0,0
0002139,65536,42554,22982,0,0
0002140,65536,53289,12247,0,0
0002141,65536,51524,14012,0,0
0002142,65536,63760,1776,0,0
0002143,65536,44736,20800,0,0
0002144,65536,10227,55309,0,0
0002145,65536,29949,35587,0,0
0002146,65536,3133,62403,0,0
0002147,65536,12520,53016,0,0
0002148,65536,23899,41637,0,0
0002149,65536,28619,36917,0,0
0002150,65536,21264,44272,0,0
0002151,65536,44720,20816,0,0
0002152,65536,61755,3781,0,0
0002153,65536,61992,3544,0,0
0002154,65536,46880,18656,0,0
0002155,65536,36299,29237,0,0
0002156,65536,34121,31415,0,0
0002157,65536,14698,50838,0,0
0002158,65536,19229,46307,0,0
0002159,65536,11719,53817,0,0
0002160,65536,49974,15562,0,0
0002161,65536,61138,4398,0,0
0002162,65536,29806,35730,0,0
0002163,65536,11745,53791,0,0
0002164,65536,28399,37137,0,0
0002165,65536,27068,38468,0,0
0002166,65536,22807,42729,0,0
0002167,65536,31217,34319,0,0
0002168,65536,46981,18555,0,0
0002169,65536,56866,8670,0,0
0002170,65536,47521,18015,0,0
0002171,65536,30507,35029,0,0
0002172,65536,19842,45694,0,0
0002173,65536,24646,40890,0,0
0002174,65536,9348,56188,0,0
0002175,65536,3356,62180,0,0
0002176,65536,5065,60471,0,0
0002177,65536,27943,37593,0,0
0002178,65536,44736,20800,0,0
0002179,65536,23841,41695,0,0
0002180,65536,46948,18588,0,0
0002181,65536,59482,6054,0,0
0002182,65536,29917,35619,0,0
0002183,65536,14339,51197,0,0
0002184,65536,33319,32217,0,0
0002185,65536,39643,25893,0,0
0002186,65536,2996,62540,0,0
0002187,65536,6651,58885,0,0
0002188,65536,33811,31725,0,0
0002189,65536,23097,42439,0,0
0002190,65536,48960,16576,0,0
0002191,65536,19350,46186,0,0
0002192,65536,29226,36310,0,0
0002193,65536,63172,2364,0,0
0002194,65536,58062,7474,0,0
0002195,65536,24248,41288,0,0
0002196,65536,32979,32557,0,0
0002197,65536,24319,41217,0,0
0002198,65536,3656,61880,0,0
0002199,65536,13179,52357,0,0
0002200,65536,23997,41539,0,0
0002201,65536,19643,45893,0,0
0002202,65536,25646,39890,0,0
0002203,65536,10254,55282,0,0
0002204,65536,7979,57557,0,0
0002205,65536,14538,50998,0,0
0002206,65536,64377,1159,0,0
0002207,65536,52782,12754,0,0
0002208,65536,26093,39443,0,0
0002209,65536,16404,49132,0,0
0002210,65536,41006,24530,0,0
0002211,65536,39121,26415,0,0
0002212,65536,10609,54927,0,0
0002213,65536,26138,39398,0,0
0002214,65536,19041,46495,0,0
0002215,65536,32919,32617,0,0
0002216,65536,24591,40945,0,0
0002217,65536,11926,53610,0,0
0002218,65536,44439,21097,0,0
0002219,65536,55600,9936,0,0
0002220,65536,39464,26072,0,0
0002221,65536,21193,44343,0,0
0002222,65536,19534,46002,0,0
0002223,65536,14650,50886,0,0
0002224,65536,7429,58107,0,0
0002225,65536,29515,36021,0,0
0002226,65536,36971,28565,0,0
0002227,65536,52804,12732,0,0
0002228,65536,59431,6105,0,0
0002229,65536,57936,7600,0,0
0002230,65536,65532,4,0,0
0002231,65536,41764,23772,0,0
0002232,65536,63517,2019,0,0
0002233,65536,48293,17243,0,0
0002234,65536,19461,46075,0,0
0002235,65536,21893,43643,0,0
0002236,65536,4913,60623,0,0
0002237,65536,34230,31306,0,0
0002238,65536,16023,49513,0,0
0002239,65536,61227,4309,0,0
0002240,65536,63283,2253,0,0
0002241,65536,2261,63275,0,0
0002242,65536,4587,60949,0,0
0002243,65536,3123,62413,0,0
0002244,65536,7154,58382,0,0
0002245,65536,32351,33185,0,0
0002246,65536,33594,31942,0,0
0002247,65536,65104,432,0,0
0002248,65536,62285,3251,0,0
0002249,65536,56481,9055,0,0
0002250,65536,13800,51736,0,0
0002251,65536,55542,9994,0,0
0002252,65536,51421,14115,0,0
0002253,65536,20297,45239,0,0
0002254,65536,19005,46531,0,0
0002255,65536,65534,2,0,0
0002256,65536,59494,6042,0,0
0002257,65536,19654,45882,0,0
0002258,65536,7989,57547,0,0
0002259,65536,13166,52370,0,0
0002260,65536,63559,1977,0,0
0002261,65536,33399,32137,0,0
0002262,65536,26060,39476,0,0
0002263,65536,4198,61338,0,0
0002264,65536,10907,54629,0,0
0002265,65536,2332,63204,0,0
0002266,65536,38679,26857,0,0
0002267,65536,9686,55850,0,0
0002268,65536,7873,57663,0,0
0002269,65536,2503,63033,0,0
0002270,65536,20760,44776,0,0
0002271,65536,57439,8097,0,0
0002272,65536,50579,14957,0,0
0002273,65536,19901,45635,0,0
0002274,65536,15185,50351,0,0
0002275,65536,6009,59527,0,0
0002276,65536,63936,1600,0,0
0002277,65536,57819,7717,0,0
0002278,65536,46220,19316,0,0
0002279,65536,36736,28800,0,0
0002280,65536,37944,27592,0,0
0002281,65536,61956,3580,0,0
0002282,65536,40481,25055,0,0
0002283,65536,62698,2838,0,0
0002284,65536,42750,22786,0,0
0002285,65536,42726,22810,0,0
0002286,65536,58428,7108,0,0
0002287,65536,36792,28744,0,0
0002288,65536,37403,28133,0,0
0002289,65536,55339,10197,0,0
0002290,65536,42231,23305,0,0
0002291,65536,21834,43702,0,0
0002292,65536,60216,5320,0,0
0002293,65536,51195,14341,0,0
0002294,65536,9717,55819,0,0
0002295,65536,33506,32030,0,0
0002296,65536,14552,50984,0,0
0002297,65536,5974,59562,0,0
0002298,65536,55325,10211,0,0
0002299,65536,45602,19934,0,0
0002300,65536,64371,1165,0,0
0002301,65536,39339,26197,0,0
0002302,65536,10331,55205,0,0
0002303,65536,9222,56314,0,0
0002304,65536,9576,55960,0,0
0002305,65536,14751,50785,0,0
0002306,65536,15780,49756,0,0
0002307,65536,3,65533,0,0
0002308,65536,48013,17523,0,0
0002309,65536,38088,27448,0,0
0002310,65536,6076,59460,0,0
0002311,65536,5049,60487,0,0
0002312,65536,0,65536,0,0
0002313,65536,37756,27780,0,0
0002314,65536,65460,76,0,0
0002315,65536,23859,41677,0,0
0002316,65536,15838,49698,0,0
0002317,65536,23808,41728,0,0
0002318,65536,0,65536,0,0
0002319,65536,19696,45840,0,0
0002320,65536,53339,12197,0,0
0002321,65536,42117,23419,0,0
0002322,65536,12706,52830,0,0
0002323,65536,1373,64163,0,0
0002324,65536,2732,62804,0,0
0002325,65536,192,65344,0,0
0002326,65536,45,65491,0,0
0002327,65536,2,65534,0,0
0002328,65536,3898,61638,0,0
0002329,65536,4377,61159,0,0
0002330,65536,15641,49895,0,0
0002331,65536,47100,18436,0,0
0002332,65536,32012,33524,0,0
0002333,65536,263,65273,0,0
0002334,65536,3167,62369,0,0
0002335,65536,2921,62615,0,0
0002336,65536,5188,60348,0,0
0002337,65536,7296,58240,0,0
0002338,65536,2816,62720,0,0
0002339,65536,46567,18969,0,0
0002340,65536,55261,10275,0,0
0002341,65536,21099,44437,0,0
0002342,65536,30416,35120,0,0
0002343,65536,11071,54465,0,0
0002344,65536,432,65104,0,0
0002345,65536,6880,58656,0,0
0002346,65536,15359,50177,0,0
0002347,65536,11519,54017,0,0
0002348,65536,28102,37434,0,0
0002349,65536,32972,32564,0,0
0002350,65536,58555,6981,0,0
0002351,65536,45059,20477,0,0
0002352,65536,5314,60222,0,0
0002353,65536,2084,63452,0,0
0002354,65536,985,64551,0,0
0002355,65536,38596,26940,0,0
0002356,65536,58434,7102,0,0
0002357,65536,62575,2961,0,0
0002358,65536,57410,8126,0,0
0002359,65536,64686,850,0,0
0002360,65536,14010,51526,0,0
0002361,65536,32997,32539,0,0
0002362,65536,21962,43574,0,0
0002363,65536,15748,49788,0,0
0002364,65536,25767,39769,0,0
0002365,65536,17716,47820,0,0
0002366,65536,38661,26875,0,0
0002367,65536,30824,34712,0,0
0002368,65536,63792,1744,0,0
0002369,65536,40609,24927,0,0
0002370,65536,47344,18192,0,0
0002371,65536,28847,36689,0,0
0002372,65536,29593,35943,0,0
0002373,65536,64124,1412,0,0
0002374,65536,53672,11864,0,0
0002375,65536,60223,5313,0,0
0002376,65536,63228,2308,0,0
0002377,65536,62723,2813,0,0
0002378,65536,62687,2849,0,0
0002379,65536,21238,44298,0,0
0002380,65536,63464,2072,0,0
0002381,65536,61507,4029,0,0
0002382,65536,45163,20373,0,0
0002383,65536,37044,28492,0,0
0002384,65536,19719,45817,0,0
0002385,65536,8872,56664,0,0
0002386,65536,24917,40619,0,0
0002387,65536,29929,35607,0,0
0002388,65536,23224,42312,0,0
0002389,65536,62047,3489,0,0
0002390,65536,44547,20989,0,0
0002391,65536,38104,27432,0,0
0002392,65536,17150,48386,0,0
0002393,65536,7613,57923,0,0
0002394,65536,38139,27397,0,0
0002395,65536,4211,61325,0,0
0002396,65536,9375,56161,0,0
0002397,65536,47495,18041,0,0
0002398,65536,38900,26636,0,0
0002399,65536,4219,61317,0,0
0002400,65536,17974,47562,0,0
0002401,65536,18548,46988,0,0
0002402,65536,41295,24241,0,0
0002403,65536,61265,4271,0,0
0002404,65536,49810,15726,0,0
0002405,65536,25032,40504,0,0
0002406,65536,62564,2972,0,0
0002407,65536,45800,19736,0,0
0002408,65536,8077,57459,0,0
0002409,65536,31888,33648,0,0
0002410,65536,17290,48246,0,0
0002411,65536,64848,688,0,0
0002412,65536,65216,320,0,0
0002413,65536,6269,59267,0,0
0002414,65536,3039,62497,0,0
0002415,65536,7599,57937,0,0
0002416,65536,10798,54738,0,0
0002417,65536,359,65177,0,0
0002418,65536,3154,62382,0,0
0002419,65536,0,65536,0,0
0002420,65536,9234,56302,0,0
0002421,65536,47271,18265,0,0
0002422,65536,65261,275,0,0
0002423,65536,55881,9655,0,0
0002424,65536,22452,43084,0,0
0002425,65536,52794,12742,0,0
0002426,65536,31780,33756,0,0
0002427,65536,6,65530,0,0
0002428,65536,61919,3617,0,0
0002429,65536,65104,432,0,0
0002430,65536,58290,7246,0,0
0002431,65536,64429,1107,0,0
0002432,65536,14954,50582,0,0
0002433,65536,29,65507,0,0
0002434,65536,64955,581,0,0
0002435,65536,51695,13841,0,0
0002436,65536,5464,60072,0,0
0002437,65536,44428,21108,0,0
0002438,65536,64952,584,0,0
0002439,65536,54990,10546,0,0
0002440,65536,52563,12973,0,0
0002441,65536,54756,10780,0,0
0002442,65536,56086,9450,0,0
0002443,65536,41461,24075,0,0
0002444,65536,15237,50299,0,0
0002445,65536,59165,6371,0,0
0002446,65536,62477,3059,0,0
0002447,65536,10838,54698,0,0
0002448,65536,27457,38079,0,0
0002449,65536,55096,10440,0,0
0002450,65536,45068,20468,0,0
0002451,65536,45073,20463,0,0
0002452,65536,47681,17855,0,0
0002453,65536,64751,785,0,0
0002454,65536,46923,18613,0,0
0002455,65536,49363,16173,0,0
0002456,65536,0,65536,0,0
0002457,65536,0,65536,0,0
0002458,65536,3783,61753,0,0
0002459,65536,4469,61067,0,0
0002460,65536,11169,54367,0,0
0002461,65536,16496,49040,0,0
0002462,65536,29524,36012,0,0
0002463,65536,30912,34624,0,0
0002464,65536,17131,48405,0,0
0002465,65536,27453,38083,0,0
0002466,65536,53901,11635,0,0
0002467,65536,687,64849,0,0
0002468,65536,5402,60134,0,0
0002469,65536,0,65536,0,0
0002470,65536,6577,58959,0,0
0002471,65536,15354,50182,0,0
0002472,65536,18129,47407,0,0
0002473,65536,54078,11458,0,0
0002474,65536,33833,31703,0,0
0002475,65536,55272,10264,0,0
0002476,65536,46017,19519,0,0
0002477,65536,16293,49243,0,0
0002478,65536,50408,15128,0,0
0002479,65536,46358,19178,0,0
0002480,65536,3951,61585,0,0
0002481,65536,2437,63099,0,0
0002482,65536,0,65536,0,0
0002483,65536,545,64991,0,0
0002484,65536,32279,33257,0,0
0002485,65536,1459,64077,0,0
0002486,65536,1796,63740,0,0
0002487,65536,63578,1958,0,0
0002488,65536,63706,1830,0,0
0002489,65536,18069,47467,0,0
0002490,65536,0,65536,0,0
0002491,65536,0,65536,0,0
0002492,65536,0,65536,0,0
0002493,65536,3289,62247,0,0
0002494,65536,1883,63653,0,0
0002495,65536,0,65536,0,0
0002496,65536,0,65536,0,0
0002497,65536,15846,49690,0,0
0002498,65536,49184,16352,0,0
0002499,65536,0,65536,0,0
0002500,65536,0,65536,0,0
0002501,65536,0,65536,0,0
0002502,65536,0,65536,0,0
0002503,65536,0,65536,0,0
0002504,65536,0,65536,0,0
0002505,65536,0,65536,0,0
0002506,65536,0,65536,0,0
0002507,65536,29247,36289,0,0
0002508,65536,46230,19306,0,0
0002509,65536,0,65536,0,0
0002510,65536,0,65536,0,0
0002511,65536,0,65536,0,0
0002512,65536,0,65536,0,0
0002513,65536,0,65536,0,0
0002514,65536,0,65536,0,0
0002515,65536,12840,52696,0,0
0002516,65536,107,65429,0,0
0002517,65536,9535,56001,0,0
0002518,65536,0,65536,0,0
0002519,65536,48978,16558,0,0
0002520,65536,0,65536,0,0
0002521,65536,12207,53329,0,0
0002522,65536,12535,53001,0,0
0002523,65536,12320,53216,0,0
0002524,65536,20534,45002,0,0
0002525,65536,48922,16614,0,0
0002526,65536,1332,64204,0,0
0002527,65536,17789,47747,0,0
0002528,65536,121,65415,0,0
0002529,65536,15000,50536,0,0
0002530,65536,1478,64058,0,0
0002531,65536,13920,51616,0,0
0002532,65536,43251,22285,0,0
0002533,65536,62630,2906,0,0
0002534,65536,3663,61873,0,0
0002535,65536,14125,51411,0,0
0002536,65536,62712,2824,0,0
0002537,65536,60051,5485,0,0
0002538,65536,59444,6092,0,0
0002539,65536,65445,91,0,0
0002540,65536,36454,29082,0,0
0002541,65536,34737,30799,0,0
0002542,65536,64606,930,0,0
0002543,65536,63440,2096,0,0
0002544,65536,63220,2316,0,0
0002545,65536,64613,923,0,0
0002546,65536,0,65536,0,0
0002547,65536,0,65536,0,0
0002548,65536,0,65536,0,0
0002549,65536,0,65536,0,0
0002550,65536,10300,55236,0,0
0002551,65536,103,65433,0,0
0002552,65536,62967,2569,0,0
0002553,65536,58875,6661,0,0
0002554,65536,47707,17829,0,0
0002555,65536,65522,14,0,0
0002556,65536,0,65536,0,0
0002557,65536,38,65498,0,0
0002558,65536,6770,58766,0,0
0002559,65536,8855,56681,0,0
0002560,65536,10170,55366,0,0
0002561,65536,30352,35184,0,0
0002562,65536,41062,24474,0,0
0002563,65536,28377,37159,0,0
0002564,65536,12836,52700,0,0
0002565,65536,16731,48805,0,0
0002566,65536,64244,1292,0,0
0002567,65536,3243,62293,0,0
0002568,65536,65434,102,0,0
0002569,65536,50183,15353,0,0
0002570,65536,13855,51681,0,0
0002571,65536,50403,15133,0,0
0002572,65536,56693,8843,0,0
0002573,65536,24744,40792,0,0
0002574,65536,60588,4948,0,0
0002575,65536,58593,6943,0,0
0002576,65536,0,65536,0,0
0002577,65536,2057,63479,0,0
0002578,65536,10657,54879,0,0
0002579,65536,696,64840,0,0
0002580,65536,61867,3669,0,0
0002581,65536,47008,18528,0,0
0002582,65536,886,64650,0,0
0002583,65536,62238,3298,0,0
0002584,65536,17550,47986,0,0
0002585,65536,3456,62080,0,0
0002586,65536,0,65536,0,0
0002587,65536,12572,52964,0,0
0002588,65536,53644,11892,0,0
0002589,65536,4517,61019,0,0
0002590,65536,64300,1236,0,0
0002591,65536,47431,18105,0,0
0002592,65536,1769,63767,0,0
0002593,65536,795,64741,0,0
0002594,65536,285,65251,0,0
0002595,65536,3232,62304,0,0
0002596,65536,0,65536,0,0
0002597,65536,26914,38622,0,0
0002598,65536,30229,35307,0,0
0002599,65536,7210,58326,0,0
0002600,65536,0,65536,0,0
0002601,65536,58875,6661,0,0
0002602,65536,53183,12353,0,0
0002603,65536,0,65536,0,0
0002604,65536,0,65536,0,0
0002605,65536,64627,909,0,0
0002606,65536,24996,40540,0,0
0002607,65536,45086,20450,0,0
0002608,65536,26987,38549,0,0
0002609,65536,61857,3679,0,0
0002610,65536,26384,39152,0,0
0002611,65536,12624,52912,0,0
0002612,65536,50748,14788,0,0
0002613,65536,16635,48901,0,0
0002614,65536,62172,3364,0,0
0002615,65536,65416,120,0,0
0002616,65536,34199,31337,0,0
0002617,65536,62472,3064,0,0
0002618,65536,27984,37552,0,0
0002619,65536,65324,212,0,0
0002620,65536,36699,28837,0,0
0002621,65536,5001,60535,0,0
0002622,65536,20658,44878,0,0
0002623,65536,29334,36202,0,0
0002624,65536,64581,955,0,0
0002625,65536,36255,29281,0,0
0002626,65536,28905,36631,0,0
0002627,65536,65302,234,0,0
0002628,65536,13424,52112,0,0
0002629,65536,24472,41064,0,0
0002630,65536,47249,18287,0,0
0002631,65536,50744,14792,0,0
0002632,65536,40887,24649,0,0
0002633,65536,55788,9748,0,0
0002634,65536,12835,52701,0,0
0002635,65536,40672,24864,0,0
0002636,65536,42148,23388,0,0
0002637,65536,64731,805,0,0
0002638,65536,65456,80,0,0
0002639,65536,36945,28591,0,0
0002640,65536,61153,4383,0,0
0002641,65536,64582,954,0,0
0002642,65536,64429,1107,0,0
0002643,65536,64934,602,0,0
0002644,65536,52374,13162,0,0
0002645,65536,31114,34422,0,0
0002646,65536,359,65177,0,0
0002647,65536,14616,50920,0,0
0002648,65536,1408,64128,0,0
0002649,65536,0,65536,0,0
0002650,65536,5943,59593,0,0
0002651,65536,18036,47500,0,0
0002652,65536,62104,3432,0,0
0002653,65536,63382,2154,0,0
0002654,65536,40620,24916,0,0
0002655,65536,13455,52081,0,0
0002656,65536,0,65536,0,0
0002657,65536,1691,63845,0,0
0002658,65536,0,65536,0,0
0002659,65536,7739,57797,0,0
0002660,65536,10446,55090,0,0
0002661,65536,56421,9115,0,0
0002662,65536,15179,50357,0,0
0002663,65536,28667,36869,0,0
0002664,65536,25971,39565,0,0
0002665,65536,39094,26442,0,0
0002666,65536,21853,43683,0,0
0002667,65536,618,64918,0,0
0002668,65536,63633,1903,0,0
0002669,65536,18046,47490,0,0
0002670,65536,58545,6991,0,0
0002671,65536,32851,32685,0,0
0002672,65536,44952,20584,0,0
0002673,65536,39127,26409,0,0
0002674,65536,17048,48488,0,0
0002675,65536,30959,34577,0,0
0002676,65536,25316,40220,0,0
0002677,65536,59629,5907,0,0
0002678,65536,15184,50352,0,0
0002679,65536,53155,12381,0,0
0002680,65536,65342,194,0,0
0002681,65536,54960,10576,0,0
0002682,65536,36745,28791,0,0
0002683,65536,23330,42206,0,0
0002684,65536,11323,54213,0,0
0002685,65536,5444,60092,0,0
0002686,65536,33045,32491,0,0
0002687,65536,41737,23799,0,0
0002688,65536,59767,5769,0,0
0002689,65536,58178,7358,0,0
0002690,65536,60012,5524,0,0
0002691,65536,28908,36628,0,0
0002692,65536,19596,45940,0,0
0002693,65536,15036,50500,0,0
0002694,65536,44897,20639,0,0
0002695,65536,49005,16531,0,0
0002696,65536,41903,23633,0,0
0002697,65536,65491,45,0,0
0002698,65536,48881,16655,0,0
0002699,65536,22802,42734,0,0
0002700,65536,54614,10922,0,0
0002701,65536,41712,23824,0,0
0002702,65536,37462,28074,0,0
0002703,65536,60057,5479,0,0
0002704,65536,65469,67,0,0
0002705,65536,59473,6063,0,0
0002706,65536,36477,29059,0,0
0002707,65536,38545,26991,0,0
0002708,65536,32489,33047,0,0
0002709,65536,60708,4828,0,0
0002710,65536,62758,2778,0,0
0002711,65536,61778,3758,0,0
0002712,65536,52199,13337,0,0
0002713,65536,65455,81,0,0
0002714,65536,50757,14779,0,0
0002715,65536,61222,4314,0,0
0002716,65536,35934,29602,0,0
0002717,65536,55144,10392,0,0
0002718,65536,7573,57963,0,0
0002719,65536,48183,17353,0,0
0002720,65536,63596,1940,0,0
0002721,65536,64210,1326,0,0
0002722,65536,61286,4250,0,0
0002723,65536,64701,835,0,0
0002724,65536,49302,16234,0,0
0002725,65536,57066,8470,0,0
0002726,65536,31661,33875,0,0
0002727,65536,48998,16538,0,0
0002728,65536,42398,23138,0,0
0002729,65536,55691,9845,0,0
0002730,65536,65534,2,0,0
0002731,65536,65277,259,0,0
0002732,65536,54737,10799,0,0
0002733,65536,36970,28566,0,0
0002734,65536,58750,6786,0,0
0002735,65536,41619,23917,0,0
0002736,65536,17752,47784,0,0
0002737,65536,5548,59988,0,0
0002738,65536,8685,56851,0,0
0002739,65536,54000,11536,0,0
0002740,65536,56819,8717,0,0
0002741,65536,50858,14678,0,0
0002742,65536,52403,13133,0,0
0002743,65536,29425,36111,0,0
0002744,65536,17911,47625,0,0
0002745,65536,63035,2501,0,0
0002746,65536,59943,5593,0,0
0002747,65536,62790,2746,0,0
0002748,65536,37458,28078,0,0
0002749,65536,34734,30802,0,0
0002750,65536,22666,42870,0,0
0002751,65536,50444,15092,0,0
0002752,65536,38677,26859,0,0
0002753,65536,59398,6138,0,0
0002754,65536,43075,22461,0,0
0002755,65536,41305,24231,0,0
0002756,65536,62937,2599,0,0
0002757,65536,40244,25292,0,0
0002758,65536,55301,10235,0,0
0002759,65536,63993,1543,0,0
0002760,65536,26665,38871,0,0
0002761,65536,12524,53012,0,0
0002762,65536,34123,31413,0,0
0002763,65536,29645,35891,0,0
0002764,65536,55316,10220,0,0
0002765,65536,65213,323,0,0
0002766,65536,58744,6792,0,0
0002767,65536,60767,4769,0,0
0002768,65536,29851,35685,0,0
0002769,65536,44927,20609,0,0
0002770,65536,57199,8337,0,0
0002771,65536,63159,2377,0,0
0002772,65536,56528,9008,0,0
0002773,65536,59469,6067,0,0
0002774,65536,65248,288,0,0
0002775,65536,65337,199,0,0
0002776,65536,58483,7053,0,0
0002777,65536,15316,50220,0,0
0002778,65536,23624,41912,0,0
0002779,65536,4144,61392,0,0
0002780,65536,5726,59810,0,0
0002781,65536,3172,62364,0,0
0002782,65536,1895,63641,0,0
0002783,65536,12041,53495,0,0
0002784,65536,57737,7799,0,0
0002785,65536,10891,54645,0,0
0002786,65536,7699,57837,0,0
0002787,65536,28352,37184,0,0
0002788,65536,19037,46499,0,0
0002789,65536,6919,58617,0,0
0002790,65536,1938,63598,0,0
0002791,65536,1218,64318,0,0
0002792,65536,33081,32455,0,0
0002793,65536,34507,31029,0,0
0002794,65536,60491,5045,0,0
0002795,65536,36163,29373,0,0
0002796,65536,17285,48251,0,0
0002797,65536,10134,55402,0,0
0002798,65536,34645,30891,0,0
0002799,65536,39285,26251,0,0
0002800,65536,63731,1805,0,0
0002801,65536,27539,37997,0,0
0002802,65536,52611,12925,0,0
0002803,65536,58109,7427,0,0
0002804,65536,60578,4958,0,0
0002805,65536,16765,48771,0,0
0002806,65536,47948,17588,0,0
0002807,65536,30965,34571,0,0
0002808,65536,24541,40995,0,0
0002809,65536,35477,30059,0,0
0002810,65536,37575,27961,0,0
0002811,65536,50095,15441,0,0
0002812,65536,51306,14230,0,0
0002813,65536,49813,15723,0,0
0002814,65536,48417,17119,0,0
0002815,65536,37427,28109,0,0
0002816,65536,5764,59772,0,0
0002817,65536,35815,29721,0,0
0002818,65536,15989,49547,0,0
0002819,65536,8434,57102,0,0
0002820,65536,16511,49025,0,0
0002821,65536,14460,51076,0,0
0002822,65536,3330,62206,0,0
0002823,65536,8133,57403,0,0
0002824,65536,11226,54310,0,0
0002825,65536,36665,28871,0,0
0002826,65536,43919,21617,0,0
0002827,65536,21296,44240,0,0
0002828,65536,53806,11730,0,0
0002829,65536,45002,20534,0,0
0002830,65536,24032,41504,0,0
0002831,65536,11556,53980,0,0
0002832,65536,30563,34973,0,0
0002833,65536,16767,48769,0,0
0002834,65536,25257,40279,0,0
0002835,65536,9529,56007,0,0
0002836,65536,19040,46496,0,0
0002837,65536,22292,43244,0,0
0002838,65536,5868,59668,0,0
0002839,65536,0,65536,0,0
0002840,65536,32474,33062,0,0
0002841,65536,16025,49511,0,0
0002842,65536,24529,41007,0,0
0002843,65536,44463,21073,0,0
0002844,65536,4564,60972,0,0
0002845,65536,2428,63108,0,0
0002846,65536,2457,63079,0,0
0002847,65536,15372,50164,0,0
0002848,65536,9228,56308,0,0
0002849,65536,0,65536,0,0
0002850,65536,48361,17175,0,0
0002851,65536,43469,22067,0,0
0002852,65536,27414,38122,0,0
0002853,65536,63686,1850,0,0
0002854,65536,9119,56417,0,0
0002855,65536,13383,52153,0,0
0002856,65536,31050,34486,0,0
0002857,65536,9933,55603,0,0
0002858,65536,4999,60537,0,0
0002859,65536,1022,64514,0,0
0002860,65536,2041,63495,0,0
0002861,65536,12954,52582,0,0
0002862,65536,30723,34813,0,0
0002863,65536,0,65536,0,0
0002864,65536,7922,57614,0,0
0002865,65536,63092,2444,0,0
0002866,65536,11883,53653,0,0
0002867,65536,9455,56081,0,0
0002868,65536,759,64777,0,0
0002869,65536,3572,61964,0,0
0002870,65536,24451,41085,0,0
0002871,65536,24781,40755,0,0
0002872,65536,36914,28622,0,0
0002873,65536,46360,19176,0,0
0002874,65536,46791,18745,0,0
0002875,65536,8824,56712,0,0
0002876,65536,26376,39160,0,0
0002877,65536,4090,61446,0,0
0002878,65536,78,65458,0,0
0002879,65536,1193,64343,0,0
0002880,65536,1677,63859,0,0
0002881,65536,5858,59678,0,0
0002882,65536,1642,63894,0,0
0002883,65536,8075,57461,0,0
0002884,65536,0,65536,0,0
0002885,65536,9460,56076,0,0
0002886,65536,25135,40401,0,0
0002887,65536,52894,12642,0,0
0002888,65536,5833,59703,0,0
0002889,65536,0,65536,0,0
0002890,65536,6725,58811,0,0
0002891,65536,645,64891,0,0
0002892,65536,2889,62647,0,0
0002893,65536,3969,61567,0,0
0002894,65536,17169,48367,0,0
0002895,65536,25725,39811,0,0
0002896,65536,14737,50799,0,0
0002897,65536,59400,6136,0,0
0002898,65536,63011,2525,0,0
0002899,65536,43475,22061,0,0
0002900,65536,3385,62151,0,0
0002901,65536,5784,59752,0,0
0002902,65536,5821,59715,0,0
0002903,65536,46147,19389,0,0
0002904,65536,22788,42748,0,0
0002905,65536,27464,38072,0,0
0002906,65536,2971,62565,0,0
0002907,65536,660,64876,0,0
0002908,65536,45635,19901,0,0
0002909,65536,306,65230,0,0
0002910,65536,1763,63773,0,0
0002911,65536,30158,35378,0,0
0002912,65536,52564,12972,0,0
0002913,65536,57460,8076,0,0
0002914,65536,44785,20751,0,0
0002915,65536,41559,23977,0,0
0002916,65536,53532,12004,0,0
0002917,65536,9222,56314,0,0
0002918,65536,58429,7107,0,0
0002919,65536,32919,32617,0,0
0002920,65536,25309,40227,0,0
0002921,65536,8484,57052,0,0
0002922,65536,59738,5798,0,0
0002923,65536,0,65536,0,0
0002924,65536,0,65536,0,0
0002925,65536,26409,39127,0,0
0002926,65536,62702,2834,0,0
0002927,65536,25322,40214,0,0
0002928,65536,5969,59567,0,0
0002929,65536,19141,46395,0,0
0002930,65536,46139,19397,0,0
0002931,65536,26151,39385,0,0
0002932,65536,2084,63452,0,0
0002933,65536,6,65530,0,0
0002934,65536,30665,34871,0,0
0002935,65536,9368,56168,0,0
0002936,65536,45413,20123,0,0
0002937,65536,49876,15660,0,0
0002938,65536,12357,53179,0,0
0002939,65536,18773,46763,0,0
0002940,65536,5682,59854,0,0
0002941,65536,19279,46257,0,0
0002942,65536,6980,58556,0,0
0002943,65536,246,65290,0,0
0002944,65536,8249,57287,0,0
0002945,65536,29520,36016,0,0
0002946,65536,2181,63355,0,0
0002947,65536,0,65536,0,0
0002948,65536,16725,48811,0,0
0002949,65536,58071,7465,0,0
0002950,65536,50532,15004,0,0
0002951,65536,13500,52036,0,0
0002952,65536,63708,1828,0,0
0002953,65536,40156,25380,0,0
0002954,65536,64321,1215,0,0
0002955,65536,13701,51835,0,0
0002956,65536,6661,58875,0,0
0002957,65536,13176,52360,0,0
0002958,65536,61246,4290,0,0
0002959,65536,59343,6193,0,0
0002960,65536,31591,33945,0,0
0002961,65536,5624,59912,0,0
0002962,65536,34670,30866,0,0
0002963,65536,62267,3269,0,0
0002964,65536,53662,11874,0,0
0002965,65536,60764,4772,0,0
0002966,65536,42521,23015,0,0
0002967,65536,14773,50763,0,0
0002968,65536,27180,38356,0,0
0002969,65536,35202,30334,0,0
0002970,65536,21957,43579,0,0
0002971,65536,64977,559,0,0
0002972,65536,63695,1841,0,0
0002973,65536,19191,46345,0,0
0002974,65536,16231,49305,0,0
0002975,65536,7469,58067,0,0
0002976,65536,16490,49046,0,0
0002977,65536,38676,26860,0,0
0002978,65536,49967,15569,0,0
0002979,65536,42412,23124,0,0
0002980,65536,17437,48099,0,0
0002981,65536,27119,38417,0,0
0002982,65536,36383,29153,0,0
0002983,65536,64842,694,0,0
0002984,65536,3917,61619,0,0
0002985,65536,32430,33106,0,0
0002986,65536,39061,26475,0,0
0002987,65536,7613,57923,0,0
0002988,65536,12355,53181,0,0
0002989,65536,42145,23391,0,0
0002990,65536,29261,36275,0,0
0002991,65536,63315,2221,0,0
0002992,65536,23129,42407,0,0
0002993,65536,58395,7141,0,0
0002994,65536,28612,36924,0,0
0002995,65536,18110,47426,0,0
0002996,65536,27938,37598,0,0
0002997,65536,25821,39715,0,0
0002998,65536,6822,58714,0,0
0002999,65536,11209,54327,0,0
0003000,65536,54310,11226,0,0
0003001,65536,29061,36475,0,0
0003002,65536,28231,37305,0,0
0003003,65536,32091,33445,0,0
0003004,65536,24504,41032,0,0
0003005,65536,46239,19297,0,0
0003006,65536,7076,58460,0,0
0003007,65536,43601,21935,0,0
0003008,65536,3873,61663,0,0
0003009,65536,49031,16505,0,0
0003010,65536,34734,30802,0,0
0003011,65536,18941,46595,0,0
0003012,65536,16783,48753,0,0
0003013,65536,38502,27034,0,0
0003014,65536,56584,8952,0,0
0003015,65536,54242,11294,0,0
0003016,65536,10781,54755,0,0
0003017,65536,11783,53753,0,0
0003018,65536,62266,3270,0,0
0003019,65536,45072,20464,0,0
0003020,65536,64667,869,0,0
0003021,65536,50590,14946,0,0
0003022,65536,53935,11601,0,0
0003023,65536,47278,18258,0,0
0003024,65536,5953,59583,0,0
0003025,65536,1966,63570,0,0
0003026,65536,1291,64245,0,0
0003027,65536,737,64799,0,0
0003028,65536,37836,27700,0,0
0003029,65536,18905,46631,0,0
0003030,65536,48023,17513,0,0
0003031,65536,6083,59453,0,0
0003032,65536,29290,36246,0,0
0003033,65536,34929,30607,0,0
0003034,65536,36212,29324,0,0
0003035,65536,13686,51850,0,0
0003036,65536,21199,44337,0,0
0003037,65536,12082,53454,0,0
0003038,65536,22558,42978,0,0
0003039,65536,12221,53315,0,0
0003040,65536,3345,62191,0,0
0003041,65536,19803,45733,0,0
0003042,65536,19271,46265,0,0
0003043,65536,16039,49497,0,0
0003044,65536,14050,51486,0,0
0003045,65536,10800,54736,0,0
0003046,65536,19838,45698,0,0
0003047,65536,18856,46680,0,0
0003048,65536,6168,59368,0,0
0003049,65536,2405,63131,0,0
0003050,65536,31534,34002,0,0
0003051,65536,42985,22551,0,0
0003052,65536,18681,46855,0,0
0003053,65536,36938,28598,0,0
0003054,65536,9204,56332,0,0
0003055,65536,16536,49000,0,0
0003056,65536,32781,32755,0,0
0003057,65536,25362,40174,0,0
0003058,65536,5753,59783,0,0
0003059,65536,19005,46531,0,0
0003060,65536,24416,41120,0,0
0003061,65536,18374,47162,0,0
0003062,65536,13929,51607,0,0
0003063,65536,4476,61060,0,0
0003064,65536,31546,33990,0,0
0003065,65536,38110,27426,0,0
0003066,65536,55414,10122,0,0
0003067,65536,26259,39277,0,0
0003068,65536,22013,43523,0,0
0003069,65536,10982,54554,0,0
0003070,65536,55605,9931,0,0
0003071,65536,53588,11948,0,0
0003072,65536,24465,41071,0,0
0003073,65536,18620,46916,0,0
0003074,65536,8364,57172,0,0
0003075,65536,19093,46443,0,0
0003076,65536,37374,28162,0,0
0003077,65536,41674,23862,0,0
0003078,65536,46658,18878,0,0
0003079,65536,62911,2625,0,0
0003080,65536,28019,37517,0,0
0003081,65536,52101,13435,0,0
0003082,65536,19740,45796,0,0
0003083,65536,63643,1893,0,0
0003084,65536,36895,28641,0,0
0003085,65536,34800,30736,0,0
0003086,65536,26208,39328,0,0
0003087,65536,21072,44464,0,0
0003088,65536,25965,39571,0,0
0003089,65536,58913,6623,0,0
0003090,65536,64869,667,0,0
0003091,65536,40108,25428,0,0
0003092,65536,12032,53504,0,0
0003093,65536,22178,43358,0,0
0003094,65536,47660,17876,0,0
0003095,65536,24091,41445,0,0
0003096,65536,14460,51076,0,0
0003097,65536,15293,50243,0,0
0003098,65536,65062,474,0,0
0003099,65536,19225,46311,0,0
0003100,65536,1191,64345,0,0
0003101,65536,21329,44207,0,0
0003102,65536,62750,2786,0,0
0003103,65536,38902,26634,0,0
0003104,65536,10247,55289,0,0
0003105,65536,3189,62347,0,0
0003106,65536,64525,1011,0,0
0003107,65536,53950,11586,0,0
0003108,65536,53278,12258,0,0
0003109,65536,35369,30167,0,0
0003110,65536,43700,21836,0,0
0003111,65536,3539,61997,0,0
0003112,65536,20976,44560,0,0
0003113,65536,63563,1973,0,0
0003114,65536,64463,1073,0,0
0003115,65536,21435,44101,0,0
0003116,65536,61264,4272,0,0
0003117,65536,64246,1290,0,0
0003118,65536,64482,1054,0,0
0003119,65536,13302,52234,0,0
0003120,65536,24104,41432,0,0
0003121,65536,59192,6344,0,0
0003122,65536,38880,26656,0,0
0003123,65536,65431,105,0,0
0003124,65536,57860,7676,0,0
0003125,65536,5820,59716,0,0
0003126,65536,2897,62639,0,0
0003127,65536,2173,63363,0,0
0003128,65536,523,65013,0,0
0003129,65536,1125,64411,0,0
0003130,65536,65486,50,0,0
0003131,65536,64901,635,0,0
0003132,65536,38224,27312,0,0
0003133,65536,686,64850,0,0
0003134,65536,255,65281,0,0
0003135,65536,0,65536,0,0
0003136,65536,13343,52193,0,0
0003137,65536,52683,12853,0,0
0003138,65536,65325,211,0,0
0003139,65536,16475,49061,0,0
0003140,65536,40,65496,0,0
0003141,65536,18,65518,0,0
0003142,65536,13,65523,0,0
0003143,65536,465,65071,0,0
0003144,65536,34959,30577,0,0
0003145,65536,65429,107,0,0
0003146,65536,50388,15148,0,0
0003147,65536,19740,45796,0,0
0003148,65536,48262,17274,0,0
0003149,65536,19111,46425,0,0
0003150,65536,49447,16089,0,0
0003151,65536,49147,16389,0,0
0003152,65536,926,64610,0,0
0003153,65536,23014,42522,0,0
0003154,65536,48500,17036,0,0
0003155,65536,65535,1,0,0
0003156,65536,39822,25714,0,0
0003157,65536,61119,4417,0,0
0003158,65536,50831,14705,0,0
0003159,65536,53400,12136,0,0
0003160,65536,63782,1754,0,0
0003161,65536,24298,41238,0,0
0003162,65536,50764,14772,0,0
0003163,65536,64392,1144,0,0
0003164,65536,65448,88,0,0
0003165,65536,26859,38677,0,0
0003166,65536,4060,61476,0,0
0003167,65536,6025,59511,0,0
0003168,65536,5718,59818,0,0
0003169,65536,46913,18623,0,0
0003170,65536,51426,14110,0,0
0003171,65536,43797,21739,0,0
0003172,65536,3919,61617,0,0
0003173,65536,466,65070,0,0
0003174,65536,4431,61105,0,0
0003175,65536,8425,57111,0,0
0003176,65536,16538,48998,0,0
0003177,65536,64986,550,0,0
0003178,65536,46617,18919,0,0
0003179,65536,58106,7430,0,0
0003180,65536,53600,11936,0,0
0003181,65536,34194,31342,0,0
0003182,65536,60636,4900,0,0
0003183,65536,65520,16,0,0
0003184,65536,36634,28902,0,0
0003185,65536,9088,56448,0,0
0003186,65536,54492,11044,0,0
0003187,65536,60805,4731,0,0
0003188,65536,17295,48241,0,0
0003189,65536,52907,12629,0,0
0003190,65536,41606,23930,0,0
0003191,65536,21450,44086,0,0
0003192,65536,4372,61164,0,0
0003193,65536,24860,40676,0,0
0003194,65536,62107,3429,0,0
0003195,65536,63131,2405,0,0
0003196,65536,10690,54846,0,0
0003197,65536,676,64860,0,0
0003198,65536,914,64622,0,0
0003199,65536,43425,22111,0,0
0003200,65536,24508,41028,0,0
0003201,65536,3135,62401,0,0
0003202,65536,0,65536,0,0
0003203,65536,7,65529,0,0
0003204,65536,19693,45843,0,0
0003205,65536,38232,27304,0,0
0003206,65536,32514,33022,0,0
0003207,65536,57957,7579,0,0
0003208,65536,16,65520,0,0
0003209,65536,0,65536,0,0
0003210,65536,0,65536,0,0
0003211,65536,0,65536,0,0
0003212,65536,0,65536,0,0
0003213,65536,28941,36595,0,0
0003214,65536,55071,10465,0,0
0003215,65536,52568,12968,0,0
0003216,65536,58334,7202,0,0
0003217,65536,45613,19923,0,0
0003218,65536,5010,60526,0,0
0003219,65536,6508,59028,0,0
0003220,65536,61841,3695,0,0
0003221,65536,47399,18137,0,0
0003222,65536,52477,13059,0,0
0003223,65536,58970,6566,0,0
0003224,65536,62006,3530,0,0
0003225,65536,64644,892,0,0
0003226,65536,59678,5858,0,0
0003227,65536,15673,49863,0,0
0003228,65536,5818,59718,0,0
0003229,65536,37,65499,0,0
0003230,65536,4170,61366,0,0
0003231,65536,36868,28668,0,0
0003232,65536,859,64677,0,0
0003233,65536,2023,63513,0,0
0003234,65536,7,65529,0,0
0003235,65536,15189,50347,0,0
0003236,65536,50794,14742,0,0
0003237,65536,25212,40324,0,0
0003238,65536,0,65536,0,0
0003239,65536,0,65536,0,0
0003240,65536,0,65536,0,0
0003241,65536,6476,59060,0,0
0003242,65536,841,64695,0,0
0003243,65536,40993,24543,0,0
0003244,65536,56546,8990,0,0
0003245,65536,58829,6707,0,0
0003246,65536,63678,1858,0,0
0003247,65536,63360,2176,0,0
0003248,65536,49948,15588,0,0
0003249,65536,58618,6918,0,0
0003250,65536,6800,58736,0,0
0003251,65536,33932,31604,0,0
0003252,65536,21916,43620,0,0
0003253,65536,63719,1817,0,0
0003254,65536,59386,6150,0,0
0003255,65536,45286,20250,0,0
0003256,65536,2758,62778,0,0
0003257,65536,17599,47937,0,0
0003258,65536,48154,17382,0,0
0003259,65536,43138,22398,0,0
0003260,65536,64197,1339,0,0
0003261,65536,63305,2231,0,0
0003262,65536,64646,890,0,0
0003263,65536,34801,30735,0,0
0003264,65536,30816,34720,0,0
0003265,65536,60591,4945,0,0
0003266,65536,21490,44046,0,0
0003267,65536,835,64701,0,0
0003268,65536,3223,62313,0,0
0003269,65536,19041,46495,0,0
0003270,65536,65510,26,0,0
0003271,65536,52249,13287,0,0
0003272,65536,55234,10302,0,0
0003273,65536,38059,27477,0,0
0003274,65536,8032,57504,0,0
0003275,65536,51168,14368,0,0
0003276,65536,65464,72,0,0
0003277,65536,48489,17047,0,0
0003278,65536,42009,23527,0,0
0003279,65536,56671,8865,0,0
0003280,65536,65163,373,0,0
0003281,65536,20275,45261,0,0
0003282,65536,2520,63016,0,0
0003283,65536,7063,58473,0,0
0003284,65536,11891,53645,0,0
0003285,65536,0,65536,0,0
0003286,65536,962,64574,0,0
0003287,65536,228,65308,0,0
0003288,65536,16172,49364,0,0
0003289,65536,23029,42507,0,0
0003290,65536,2204,63332,0,0
0003291,65536,1152,64384,0,0
0003292,65536,49999,15537,0,0
0003293,65536,5200,60336,0,0
0003294,65536,20801,44735,0,0
0003295,65536,57856,7680,0,0
0003296,65536,0,65536,0,0
0003297,65536,738,64798,0,0
0003298,65536,1662,63874,0,0
0003299,65536,0,65536,0,0
0003300,65536,119,65417,0,0
0003301,65536,560,64976,0,0
0003302,65536,61749,3787,0,0
0003303,65536,5781,59755,0,0
0003304,65536,56714,8822,0,0
0003305,65536,20600,44936,0,0
0003306,65536,20653,44883,0,0
0003307,65536,15696,49840,0,0
0003308,65536,6794,58742,0,0
0003309,65536,22148,43388,0,0
0003310,65536,633,64903,0,0
0003311,65536,0,65536,0,0
0003312,65536,485,65051,0,0
0003313,65536,502,65034,0,0
0003314,65536,1115,64421,0,0
0003315,65536,513,65023,0,0
0003316,65536,25969,39567,0,0
0003317,65536,12486,53050,0,0
0003318,65536,19373,46163,0,0
0003319,65536,5269,60267,0,0
0003320,65536,44890,20646,0,0
0003321,65536,52159,13377,0,0
0003322,65536,1700,63836,0,0
0003323,65536,16541,48995,0,0
0003324,65536,6146,59390,0,0
0003325,65536,511,65025,0,0
0003326,65536,803,64733,0,0
0003327,65536,4992,60544,0,0
0003328,65536,393,65143,0,0
0003329,65536,162,65374,0,0
0003330,65536,5175,60361,0,0
0003331,65536,16831,48705,0,0
0003332,65536,2886,62650,0,0
0003333,65536,28221,37315,0,0
0003334,65536,148,65388,0,0
0003335,65536,2357,63179,0,0
0003336,65536,4052,61484,0,0
0003337,65536,4973,60563,0,0
0003338,65536,26021,39515,0,0
0003339,65536,38506,27030,0,0
0003340,65536,13648,51888,0,0
0003341,65536,47576,17960,0,0
0003342,65536,399,65137,0,0
0003343,65536,11981,53555,0,0
0003344,65536,18009,47527,0,0
0003345,65536,38279,27257,0,0
0003346,65536,31052,34484,0,0
0003347,65536,62420,3116,0,0
0003348,65536,42571,22965,0,0
0003349,65536,19044,46492,0,0
0003350,65536,58623,6913,0,0
0003351,65536,64300,1236,0,0
0003352,65536,1947,63589,0,0
0003353,65536,98,65438,0,0
0003354,65536,4,65532,0,0
0003355,65536,594,64942,0,0
0003356,65536,31003,34533,0,0
0003357,65536,16142,49394,0,0
0003358,65536,1995,63541,0,0
0003359,65536,3323,62213,0,0
0003360,65536,4843,60693,0,0
0003361,65536,4297,61239,0,0
0003362,65536,8001,57535,0,0
0003363,65536,30055,35481,0,0
0003364,65536,50825,14711,0,0
0003365,65536,53086,12450,0,0
0003366,65536,61314,4222,0,0
0003367,65536,0,65536,0,0
0003368,65536,19159,46377,0,0
0003369,65536,7070,58466,0,0
0003370,65536,73,65463,0,0
0003371,65536,14,65522,0,0
0003372,65536,2021,63515,0,0
0003373,65536,3300,62236,0,0
0003374,65536,6004,59532,0,0
0003375,65536,3437,62099,0,0
0003376,65536,22,65514,0,0
0003377,65536,0,65536,0,0
0003378,65536,0,65536,0,0
0003379,65536,52478,13058,0,0
0003380,65536,16101,49435,0,0
0003381,65536,11339,54197,0,0
0003382,65536,32393,33143,0,0
0003383,65536,46433,19103,0,0
0003384,65536,61342,4194,0,0
0003385,65536,61759,3777,0,0
0003386,65536,38084,27452,0,0
0003387,65536,65530,6,0,0
0003388,65536,36573,28963,0,0
0003389,65536,7822,57714,0,0
0003390,65536,44523,21013,0,0
0003391,65536,27,65509,0,0
0003392,65536,7790,57746,0,0
0003393,65536,49257,16279,0,0
0003394,65536,46164,19372,0,0
0003395,65536,28160,37376,0,0
0003396,65536,53034,12502,0,0
0003397,65536,63771,1765,0,0
0003398,65536,19639,45897,0,0
0003399,65536,57545,7991,0,0
0003400,65536,53980,11556,0,0
0003401,65536,50995,14541,0,0
0003402,65536,5339,60197,0,0
0003403,65536,47854,17682,0,0
0003404,65536,65231,305,0,0
0003405,65536,38751,26785,0,0
0003406,65536,44183,21353,0,0
0003407,65536,43791,21745,0,0
0003408,65536,12224,53312,0,0
0003409,65536,46850,18686,0,0
0003410,65536,8689,56847,0,0
0003411,65536,200,65336,0,0
0003412,65536,52418,13118,0,0
0003413,65536,57233,8303,0,0
0003414,65536,64255,1281,0,0
0003415,65536,61672,3864,0,0
0003416,65536,35164,30372,0,0
0003417,65536,11317,54219,0,0
0003418,65536,59217,6319,0,0
0003419,65536,16736,48800,0,0
0003420,65536,6053,59483,0,0
0003421,65536,32313,33223,0,0
0003422,65536,23515,42021,0,0
0003423,65536,53466,12070,0,0
0003424,65536,63058,2478,0,0
0003425,65536,38148,27388,0,0
0003426,65536,28932,36604,0,0
0003427,65536,28506,37030,0,0
0003428,65536,45848,19688,0,0
0003429,65536,26362,39174,0,0
0003430,65536,45935,19601,0,0
0003431,65536,42472,23064,0,0
0003432,65536,55662,9874,0,0
0003433,65536,16332,49204,0,0
0003434,65536,13937,51599,0,0
0003435,65536,7582,57954,0,0
0003436,65536,21197,44339,0,0
0003437,65536,40223,25313,0,0
0003438,65536,23641,41895,0,0
0003439,65536,15145,50391,0,0
0003440,65536,55722,9814,0,0
0003441,65536,54855,10681,0,0
0003442,65536,54846,10690,0,0
0003443,65536,62405,3131,0,0
0003444,65536,33833,31703,0,0
0003445,65536,43148,22388,0,0
0003446,65536,51664,13872,0,0
0003447,65536,52247,13289,0,0
0003448,65536,53685,11851,0,0
0003449,65536,39529,26007,0,0
0003450,65536,64637,899,0,0
0003451,65536,54319,11217,0,0
0003452,65536,64113,1423,0,0
0003453,65536,60848,4688,0,0
0003454,65536,49178,16358,0,0
0003455,65536,10012,55524,0,0
0003456,65536,35510,30026,0,0
0003457,65536,65521,15,0,0
0003458,65536,60589,4947,0,0
0003459,65536,22429,43107,0,0
0003460,65536,6051,59485,0,0
0003461,65536,17004,48532,0,0
0003462,65536,54996,10540,0,0
0003463,65536,44846,20690,0,0
0003464,65536,14813,50723,0,0
0003465,65536,52921,12615,0,0
0003466,65536,29027,36509,0,0
0003467,65536,7044,58492,0,0
0003468,65536,4481,61055,0,0
0003469,65536,2152,63384,0,0
0003470,65536,19491,46045,0,0
0003471,65536,29390,36146,0,0
0003472,65536,13943,51593,0,0
0003473,65536,3097,62439,0,0
0003474,65536,25232,40304,0,0
0003475,65536,63365,2171,0,0
0003476,65536,47499,18037,0,0
0003477,65536,5014,60522,0,0
0003478,65536,23963,41573,0,0
0003479,65536,57262,8274,0,0
0003480,65536,65333,203,0,0
0003481,65536,61843,3693,0,0
0003482,65536,62536,3000,0,0
0003483,65536,23466,42070,0,0
0003484,65536,56984,8552,0,0
0003485,65536,63030,2506,0,0
0003486,65536,57288,8248,0,0
0003487,65536,19414,46122,0,0
0003488,65536,61869,3667,0,0
0003489,65536,65319,217,0,0
0003490,65536,4528,61008,0,0
0003491,65536,42734,22802,0,0
0003492,65536,58051,7485,0,0
0003493,65536,349,65187,0,0
0003494,65536,38667,26869,0,0
0003495,65536,53576,11960,0,0
0003496,65536,17940,47596,0,0
0003497,65536,8774,56762,0,0
0003498,65536,33435,32101,0,0
0003499,65536,8789,56747,0,0
0003500,65536,57064,8472,0,0
0003501,65536,65519,17,0,0
0003502,65536,15855,49681,0,0
0003503,65536,10545,54991,0,0
0003504,65536,61324,4212,0,0
0003505,65536,53247,12289,0,0
0003506,65536,52848,12688,0,0
0003507,65536,4196,61340,0,0
0003508,65536,2373,63163,0,0
0003509,65536,41111,24425,0,0
0003510,65536,43170,22366,0,0
0003511,65536,29748,35788,0,0
0003512,65536,16631,48905,0,0
0003513,65536,52,65484,0,0
0003514,65536,42440,23096,0,0
0003515,65536,1860,63676,0,0
0003516,65536,1511,64025,0,0
0003517,65536,36,65500,0,0
0003518,65536,46670,18866,0,0
0003519,65536,64047,1489,0,0
0003520,65536,35513,30023,0,0
0003521,65536,43463,22073,0,0
0003522,65536,42230,23306,0,0
0003523,65536,65450,86,0,0
0003524,65536,63691,1845,0,0
0003525,65536,41463,24073,0,0
0003526,65536,53132,12404,0,0
0003527,65536,59213,6323,0,0
0003528,65536,56125,9411,0,0
0003529,65536,63744,1792,0,0
0003530,65536,29562,35974,0,0
0003531,65536,433,65103,0,0
0003532,65536,13566,51970,0,0
0003533,65536,39658,25878,0,0
0003534,65536,63514,2022,0,0
0003535,65536,10265,55271,0,0
0003536,65536,6558,58978,0,0
0003537,65536,19717,45819,0,0
0003538,65536,24541,40995,0,0
0003539,65536,64806,730,0,0
0003540,65536,64119,1417,0,0
0003541,65536,45871,19665,0,0
0003542,65536,19983,45553,0,0
0003543,65536,19634,45902,0,0
0003544,65536,6731,58805,0,0
0003545,65536,34947,30589,0,0
0003546,65536,64589,947,0,0
0003547,65536,36345,29191,0,0
0003548,65536,37151,28385,0,0
0003549,65536,37118,28418,0,0
0003550,65536,54217,11319,0,0
0003551,65536,60233,5303,0,0
0003552,65536,41216,24320,0,0
0003553,65536,0,65536,0,0
0003554,65536,3822,61714,0,0
0003555,65536,797,64739,0,0
0003556,65536,151,65385,0,0
0003557,65536,28,65508,0,0
0003558,65536,9160,56376,0,0
0003559,65536,126,65410,0,0
0003560,65536,1076,64460,0,0
0003561,65536,14,65522,0,0
0003562,65536,834,64702,0,0
0003563,65536,23752,41784,0,0
0003564,65536,64861,675,0,0
0003565,65536,53607,11929,0,0
0003566,65536,3317,62219,0,0
0003567,65536,4070,61466,0,0
0003568,65536,43092,22444,0,0
0003569,65536,10748,54788,0,0
0003570,65536,31549,33987,0,0
0003571,65536,62561,2975,0,0
0003572,65536,21189,44347,0,0
0003573,65536,43809,21727,0,0
0003574,65536,38116,27420,0,0
0003575,65536,57378,8158,0,0
0003576,65536,60376,5160,0,0
0003577,65536,60642,4894,0,0
0003578,65536,26953,38583,0,0
0003579,65536,63754,1782,0,0
0003580,65536,55308,10228,0,0
0003581,65536,46300,19236,0,0
0003582,65536,28342,37194,0,0
0003583,65536,628,64908,0,0
0003584,65536,0,65536,0,0
0003585,65536,417,65119,0,0
0003586,65536,5910,59626,0,0
0003587,65536,64180,1356,0,0
0003588,65536,20095,45441,0,0
0003589,65536,319,65217,0,0
0003590,65536,1213,64323,0,0
0003591,65536,6178,59358,0,0
0003592,65536,13159,52377,0,0
0003593,65536,50954,14582,0,0
0003594,65536,6667,58869,0,0
0003595,65536,312,65224,0,0
0003596,65536,35137,30399,0,0
0003597,65536,59350,6186,0,0
0003598,65536,43342,22194,0,0
0003599,65536,36623,28913,0,0
0003600,65536,47445,18091,0,0
0003601,65536,62135,3401,0,0
0003602,65536,49667,15869,0,0
0003603,65536,54041,11495,0,0
0003604,65536,50925,14611,0,0
0003605,65536,44701,20835,0,0
0003606,65536,46018,19518,0,0
0003607,65536,45094,20442,0,0
0003608,65536,59913,5623,0,0
0003609,65536,51443,14093,0,0
0003610,65536,46395,19141,0,0
0003611,65536,8655,56881,0,0
0003612,65536,3795,61741,0,0
0003613,65536,9930,55606,0,0
0003614,65536,13364,52172,0,0
0003615,65536,40482,25054,0,0
0003616,65536,43313,22223,0,0
0003617,65536,7419,58117,0,0
0003618,65536,18000,47536,0,0
0003619,65536,57038,8498,0,0
0003620,65536,64549,987,0,0
0003621,65536,37401,28135,0,0
0003622,65536,16931,48605,0,0
0003623,65536,19590,45946,0,0
0003624,65536,19404,46132,0,0
0003625,65536,32614,32922,0,0
0003626,65536,38796,26740,0,0
0003627,65536,60454,5082,0,0
0003628,65536,64910,626,0,0
0003629,65536,60644,4892,0,0
0003630,65536,33901,31635,0,0
0003631,65536,44795,20741,0,0
0003632,65536,30294,35242,0,0
0003633,65536,26381,39155,0,0
0003634,65536,19769,45767,0,0
0003635,65536,65493,43,0,0
0003636,65536,65102,434,0,0
0003637,65536,13910,51626,0,0
0003638,65536,10658,54878,0,0
0003639,65536,3544,61992,0,0
0003640,65536,7337,58199,0,0
0003641,65536,12496,53040,0,0
0003642,65536,15869,49667,0,0
0003643,65536,8355,57181,0,0
0003644,65536,11805,53731,0,0
0003645,65536,21609,43927,0,0
0003646,65536,46609,18927,0,0
0003647,65536,53762,11774,0,0
0003648,65536,44057,21479,0,0
0003649,65536,15779,49757,0,0
0003650,65536,15736,49800,0,0
0003651,65536,14051,51485,0,0
0003652,65536,11370,54166,0,0
0003653,65536,15772,49764,0,0
0003654,65536,5559,59977,0,0
0003655,65536,1780,63756,0,0
0003656,65536,6647,58889,0,0
0003657,65536,21600,43936,0,0
0003658,65536,9330,56206,0,0
0003659,65536,49258,16278,0,0
0003660,65536,52926,12610,0,0
0003661,65536,27237,38299,0,0
0003662,65536,7829,57707,0,0
0003663,65536,10618,54918,0,0
0003664,65536,19401,46135,0,0
0003665,65536,16745,48791,0,0
0003666,65536,15384,50152,0,0
0003667,65536,20529,45007,0,0
0003668,65536,61381,4155,0,0
0003669,65536,64295,1241,0,0
0003670,65536,51994,13542,0,0
0003671,65536,63114,2422,0,0
0003672,65536,40381,25155,0,0
0003673,65536,42897,22639,0,0
0003674,65536,63951,1585,0,0
0003675,65536,40316,25220,0,0
0003676,65536,39695,25841,0,0
0003677,65536,63513,2023,0,0
0003678,65536,24642,40894,0,0
0003679,65536,65535,1,0,0
0003680,65536,28182,37354,0,0
0003681,65536,65241,295,0,0
0003682,65536,58633,6903,0,0
0003683,65536,36144,29392,0,0
0003684,65536,55564,9972,0,0
0003685,65536,65514,22,0,0
0003686,65536,65428,108,0,0
0003687,65536,37357,28179,0,0
0003688,65536,3116,62420,0,0
0003689,65536,59882,5654,0,0
0003690,65536,35190,30346,0,0
0003691,65536,37602,27934,0,0
0003692,65536,64883,653,0,0
0003693,65536,56928,8608,0,0
0003694,65536,46248,19288,0,0
0003695,65536,24686,40850,0,0
0003696,65536,43661,21875,0,0
0003697,65536,47160,18376,0,0
0003698,65536,64784,752,0,0
0003699,65536,54676,10860,0,0
0003700,65536,41013,24523,0,0
0003701,65536,38394,27142,0,0
0003702,65536,37642,27894,0,0
0003703,65536,65173,363,0,0
0003704,65536,47612,17924,0,0
0003705,65536,36105,29431,0,0
0003706,65536,61813,3723,0,0
0003707,65536,41281,24255,0,0
0003708,65536,41714,23822,0,0
0003709,65536,55791,9745,0,0
0003710,65536,54293,11243,0,0
0003711,65536,11583,53953,0,0
0003712,65536,47382,18154,0,0
0003713,65536,62167,3369,0,0
0003714,65536,26602,38934,0,0
0003715,65536,21119,44417,0,0
0003716,65536,42519,23017,0,0
0003717,65536,65152,384,0,0
0003718,65536,27453,38083,0,0
0003719,65536,27258,38278,0,0
0003720,65536,37779,27757,0,0
0003721,65536,40413,25123,0,0
0003722,65536,65513,23,0,0
0003723,65536,60385,5151,0,0
0003724,65536,28232,37304,0,0
0003725,65536,2499,63037,0,0
0003726,65536,10530,55006,0,0
0003727,65536,18411,47125,0,0
0003728,65536,47797,17739,0,0
0003729,65536,46455,19081,0,0
0003730,65536,5792,59744,0,0
0003731,65536,4927,60609,0,0
0003732,65536,40738,24798,0,0
0003733,65536,19160,46376,0,0
0003734,65536,59052,6484,0,0
0003735,65536,64489,1047,0,0
0003736,65536,11992,53544,0,0
0003737,65536,14373,51163,0,0
0003738,65536,50750,14786,0,0
0003739,65536,40027,25509,0,0
0003740,65536,53671,11865,0,0
0003741,65536,9756,55780,0,0
0003742,65536,65529,7,0,0
0003743,65536,49682,15854,0,0
0003744,65536,16445,49091,0,0
0003745,65536,53149,12387,0,0
0003746,65536,47869,17667,0,0
0003747,65536,9585,55951,0,0
0003748,65536,45034,20502,0,0
0003749,65536,22000,43536,0,0
0003750,65536,65407,129,0,0
0003751,65536,42794,22742,0,0
0003752,65536,64955,581,0,0
0003753,65536,30009,35527,0,0
0003754,65536,138,65398,0,0
0003755,65536,44899,20637,0,0
0003756,65536,55881,9655,0,0
0003757,65536,37779,27757,0,0
0003758,65536,53933,11603,0,0
0003759,65536,55944,9592,0,0
0003760,65536,38342,27194,0,0
0003761,65536,46871,18665,0,0
0003762,65536,14332,51204,0,0
0003763,65536,3,65533,0,0
0003764,65536,6123,59413,0,0
0003765,65536,50959,14577,0,0
0003766,65536,3286,62250,0,0
0003767,65536,0,65536,0,0
0003768,65536,0,65536,0,0
0003769,65536,10435,55101,0,0
0003770,65536,61109,4427,0,0
0003771,65536,65439,97,0,0
0003772,65536,44890,20646,0,0
0003773,65536,10024,55512,0,0
0003774,65536,42,65494,0,0
0003775,65536,4641,60895,0,0
0003776,65536,39173,26363,0,0
0003777,65536,22613,42923,0,0
0003778,65536,63418,2118,0,0
0003779,65536,47644,17892,0,0
0003780,65536,36987,28549,0,0
0003781,65536,7303,58233,0,0
0003782,65536,31451,34085,0,0
0003783,65536,52711,12825,0,0
0003784,65536,35089,30447,0,0
0003785,65536,9547,55989,0,0
0003786,65536,707,64829,0,0
0003787,65536,13925,51611,0,0
0003788,65536,6992,58544,0,0
0003789,65536,2703,62833,0,0
0003790,65536,14428,51108,0,0
0003791,65536,3425,62111,0,0
0003792,65536,51450,14086,0,0
0003793,65536,52343,13193,0,0
0003794,65536,38148,27388,0,0
0003795,65536,63793,1743,0,0
0003796,65536,49171,16365,0,0
0003797,65536,34954,30582,0,0
0003798,65536,46700,18836,0,0
0003799,65536,56083,9453,0,0
0003800,65536,64892,644,0,0
0003801,65536,56969,8567,0,0
0003802,65536,61451,4085,0,0
0003803,65536,37057,28479,0,0
0003804,65536,54553,10983,0,0
0003805,65536,10610,54926,0,0
0003806,65536,30317,35219,0,0
0003807,65536,61756,3780,0,0
0003808,65536,64966,570,0,0
0003809,65536,18464,47072,0,0
0003810,65536,7648,57888,0,0
0003811,65536,32671,32865,0,0
0003812,65536,45587,19949,0,0
0003813,65536,42632,22904,0,0
0003814,65536,35478,30058,0,0
0003815,65536,13306,52230,0,0
0003816,65536,17390,48146,0,0
0003817,65536,65473,63,0,0
0003818,65536,57283,8253,0,0
0003819,65536,16425,49111,0,0
0003820,65536,18736,46800,0,0
0003821,65536,49453,16083,0,0
0003822,65536,60280,5256,0,0
0003823,65536,46604,18932,0,0
0003824,65536,46206,19330,0,0
0003825,65536,49350,16186,0,0
0003826,65536,56840,8696,0,0
0003827,65536,64248,1288,0,0
0003828,65536,46752,18784,0,0
0003829,65536,31024,34512,0,0
0003830,65536,54092,11444,0,0
0003831,65536,48755,16781,0,0
0003832,65536,542,64994,0,0
0003833,65536,7791,57745,0,0
0003834,65536,52384,13152,0,0
0003835,65536,55358,10178,0,0
0003836,65536,60413,5123,0,0
0003837,65536,65289,247,0,0
0003838,65536,38992,26544,0,0
0003839,65536,47115,18421,0,0
0003840,65536,65404,132,0,0
0003841,65536,16601,48935,0,0
0003842,65536,65532,4,0,0
0003843,65536,14498,51038,0,0
0003844,65536,56449,9087,0,0
0003845,65536,16558,48978,0,0
0003846,65536,57707,7829,0,0
0003847,65536,65051,485,0,0
0003848,65536,2911,62625,0,0
0003849,65536,52266,13270,0,0
0003850,65536,65413,123,0,0
0003851,65536,39593,25943,0,0
0003852,65536,65402,134,0,0
0003853,65536,6233,59303,0,0
0003854,65536,47273,18263,0,0
0003855,65536,60288,5248,0,0
0003856,65536,48418,17118,0,0
0003857,65536,64600,936,0,0
0003858,65536,27817,37719,0,0
0003859,65536,47296,18240,0,0
0003860,65536,63059,2477,0,0
0003861,65536,15777,49759,0,0
0003862,65536,65374,162,0,0
0003863,65536,59681,5855,0,0
0003864,65536,38369,27167,0,0
0003865,65536,42160,23376,0,0
0003866,65536,53786,11750,0,0
0003867,65536,5436,60100,0,0
0003868,65536,46772,18764,0,0
0003869,65536,46210,19326,0,0
0003870,65536,21900,43636,0,0
0003871,65536,15145,50391,0,0
0003872,65536,42097,23439,0,0
0003873,65536,45769,19767,0,0
0003874,65536,63586,1950,0,0
0003875,65536,61647,3889,0,0
0003876,65536,44333,21203,0,0
0003877,65536,46991,18545,0,0
0003878,65536,35732,29804,0,0
0003879,65536,0,0,65536,0
0003880,65536,0,0,65536,0
0003881,65536,0,0,65536,0
0003882,65536,4173,0,61363,0
0003883,65536,0,0,65536,0
0003884,65536,0,0,65536,0
0003885,65536,0,0,65536,0
0003886,65536,15586,0,49950,0
0003887,65536,43549,0,21987,0
0003888,65536,0,0,65536,0
0003889,65536,0,0,65536,0
0003890,65536,418,0,65118,0
0003891,65536,0,0,65536,0
0003892,65536,0,0,65536,0
0003893,65536,0,0,65536,0
0003894,65536,4519,0,61017,0
0003895,65536,0,0,65536,0
0003896,65536,0,0,65536,0
0003897,65536,0,0,65536,0
0003898,65536,0,0,65536,0
0003899,65536,2528,0,63008,0
0003900,65536,7714,0,57822,0
0003901,65536,0,0,65536,0
0003902,65536,0,0,65536,0
0003903,65536,556,0,64980,0
0003904,65536,0,0,65536,0
0003905,65536,0,0,65536,0
0003906,65536,0,0,65536,0
0003907,65536,0,0,65536,0
0003908,65536,0,0,65536,0
0003909,65536,0,0,65536,0
0003910,65536,0,0,65536,0
0003911,65536,0,0,65536,0
0003912,65536,0,0,65536,0
0003913,65536,0,0,65536,0
0003914,65536,66,0,65470,0
0003915,65536,0,0,65536,0
0003916,65536,0,0,65536,0
0003917,65536,0,0,65536,0
0003918,65536,0,0,65536,0
0003919,65536,0,0,65536,0
0003920,65536,0,0,65536,0
0003921,65536,0,0,65536,0
0003922,65536,0,0,65536,0
0003923,65536,0,0,65536,0
0003924,65536,0,0,65536,0
0003925,65536,0,0,65536,0
0003926,65536,944,0,64592,0
0003927,65536,0,0,65536,0
0003928,65536,0,0,65536,0
0003929,65536,0,0,65536,0
0003930,65536,0,0,65536,0
0003931,65536,0,0,65536,0
0003932,65536,0,0,65536,0
0003933,65536,0,0,65536,0
0003934,65536,0,0,65536,0
0003935,65536,0,0,65536,0
0003936,65536,0,0,65536,0
0003937,65536,0,0,65536,0
0003938,65536,0,0,65536,0
0003939,65536,0,0,65536,0
0003940,65536,0,0,65536,0
0003941,65536,0,0,65536,0
0003942,65536,8290,0,57246,0
0003943,65536,0,0,65536,0
0003944,65536,0,0,65536,0
0003945,65536,0,0,65536,0
0003946,65536,0,0,65536,0
0003947,65536,0,0,65536,0
0003948,65536,0,0,65536,0
0003949,65536,24973,0,40563,0
0003950,65536,0,0,65536,0
0003951,65536,0,0,65536,0
0003952,65536,0,0,65536,0
0003953,65536,0,0,65536,0
0003954,65536,0,0,65536,0
0003955,65536,0,0,65536,0
0003956,65536,15194,0,50342,0
0003957,65536,0,0,65536,0
0003958,65536,899,0,64637,0
0003959,65536,0,0,65536,0
0003960,65536,0,0,65536,0
0003961,65536,0,0,65536,0
0003962,65536,166,0,65370,0
0003963,65536,7984,0,57552,0
0003964,65536,7915,0,57621,0
0003965,65536,0,0,65536,0
0003966,65536,184,0,65352,0
0003967,65536,0,0,65536,0
0003968,65536,0,0,65536,0
0003969,65536,0,0,65536,0
0003970,65536,21549,0,43987,0
0003971,65536,0,0,65536,0
0003972,65536,8089,0,57447,0
0003973,65536,0,0,65536,0
0003974,65536,0,0,65536,0
0003975,65536,0,0,65536,0
0003976,65536,0,0,65536,0
0003977,65536,29728,0,35808,0
0003978,65536,5853,0,59683,0
0003979,65536,0,0,65536,0
0003980,65536,0,0,65536,0
0003981,65536,0,0,65536,0
0003982,65536,62473,0,3063,0
0003983,65536,4257,0,61279,0
0003984,65536,0,0,65536,0
0003985,65536,0,0,65536,0
0003986,65536,0,0,65536,0
0003987,65536,0,0,65536,0
0003988,65536,182,0,65354,0
0003989,65536,404,0,65132,0
0003990,65536,0,0,65536,0
0003991,65536,4489,0,61047,0
0003992,65536,0,0,65536,0
0003993,65536,60091,0,5445,0
0003994,65536,0,0,65536,0
0003995,65536,0,0,65536,0
0003996,65536,1397,0,64139,0
0003997,65536,0,0,65536,0
0003998,65536,0,0,65536,0
0003999,65536,0,0,65536,0
0004000,65536,0,0,65536,0
0004001,65536,1815,0,63721,0
0004002,65536,5633,0,59903,0
0004003,65536,63123,0,2413,0
0004004,65536,42885,0,22651,0
0004005,65536,23739,0,41797,0
0004006,65536,0,0,65536,0
0004007,65536,0,0,65536,0
0004008,65536,0,0,65536,0
0004009,65536,0,0,65536,0
0004010,65536,4338,0,61198,0
0004011,65536,429,0,65107,0
0004012,65536,0,0,65536,0
0004013,65536,0,0,65536,0
0004014,65536,7583,0,57953,0
0004015,65536,59192,0,6344,0
0004016,65536,49264,0,16272,0
0004017,65536,62019,0,3517,0
0004018,65536,20205,0,45331,0
0004019,65536,0,0,65536,0
0004020,65536,0,0,65536,0
0004021,65536,59748,0,5788,0
0004022,65536,636,0,64900,0
0004023,65536,0,0,65536,0
0004024,65536,5687,0,59849,0
0004025,65536,3504,0,62032,0
0004026,65536,0,0,65536,0
0004027,65536,35263,0,30273,0
0004028,65536,38918,0,26618,0
0004029,65536,49915,0,15621,0
0004030,65536,18412,0,47124,0
0004031,65536,64315,0,1221,0
0004032,65536,52356,0,13180,0
0004033,65536,259,0,65277,0
0004034,65536,2,0,65534,0
0004035,65536,0,0,65536,0
0004036,65536,22985,0,42551,0
0004037,65536,7894,0,57642,0
0004038,65536,0,0,65536,0
0004039,65536,6043,0,59493,0
0004040,65536,24484,0,41052,0
0004041,65536,34060,0,31476,0
0004042,65536,58952,0,6584,0
0004043,65536,51511,0,14025,0
0004044,65536,3769,0,61767,0
0004045,65536,62099,0,3437,0
0004046,65536,65347,0,189,0
0004047,65536,63768,0,1768,0
0004048,65536,47243,0,18293,0
0004049,65536,39413,0,26123,0
0004050,65536,0,0,65536,0
0004051,65536,17273,0,48263,0
0004052,65536,0,0,65536,0
0004053,65536,60652,0,4884,0
0004054,65536,61103,0,4433,0
0004055,65536,42651,0,22885,0
0004056,65536,60728,0,4808,0
0004057,65536,0,0,65536,0
0004058,65536,58850,0,6686,0
0004059,65536,56502,0,9034,0
0004060,65536,61411,0,4125,0
0004061,65536,49920,0,15616,0
0004062,65536,21980,0,43556,0
0004063,65536,794,0,64742,0
0004064,65536,0,0,65536,0
0004065,65536,1970,0,63566,0
0004066,65536,0,0,65536,0
0004067,65536,0,0,65536,0
0004068,65536,0,0,65536,0
0004069,65536,0,0,65536,0
0004070,65536,1293,0,64243,0
0004071,65536,0,0,65536,0
0004072,65536,6569,0,58967,0
0004073,65536,576,0,64960,0
0004074,65536,0,0,65536,0
0004075,65536,0,0,65536,0
0004076,65536,0,0,65536,0
0004077,65536,1445,0,64091,0
0004078,65536,16086,0,49450,0
0004079,65536,0,0,65536,0
0004080,65536,0,0,65536,0
0004081,65536,0,0,65536,0
0004082,65536,0,0,65536,0
0004083,65536,0,0,65536,0
0004084,65536,0,0,65536,0
0004085,65536,0,0,65536,0
0004086,65536,0,0,65536,0
0004087,65536,5239,0,60297,0
0004088,65536,0,0,65536,0
0004089,65536,0,0,65536,0
0004090,65536,0,0,65536,0
0004091,65536,583,0,64953,0
0004092,65536,26439,0,39097,0
0004093,65536,20216,0,45320,0
0004094,65536,6353,0,59183,0
0004095,65536,33509,0,32027,0
0004096,65536,56382,0,9154,0
0004097,65536,38946,0,26590,0
0004098,65536,0,0,65536,0
0004099,65536,50945,0,0,14591
0004100,65536,64757,0,779,0
0004101,65536,65363,0,0,173
0004102,65536,62823,0,2713,0
0004103,65536,65240,0,296,0
0004104,65536,62790,0,2746,0
0004105,65536,64764,0,772,0
0004106,65536,63745,0,0,1791
0004107,65536,27818,0,37718,0
0004108,65536,50601,0,14935,0
0004109,65536,29659,0,35877,0
0004110,65536,60601,0,4935,0
0004111,65536,65342,0,194,0
0004112,65536,61235,0,4301,0
0004113,65536,38119,0,27417,0
0004114,65536,43695,0,21841,0
0004115,65536,56273,0,9263,0
0004116,65536,53850,0,11686,0
0004117,65536,61195,0,4341,0
0004118,65536,47708,0,17828,0
0004119,65536,31160,0,34376,0
0004120,65536,46835,0,18701,0
0004121,65536,63007,0,2529,0
0004122,65536,56048,0,9488,0
0004123,65536,38367,0,27169,0
0004124,65536,19632,0,45904,0
0004125,65536,55839,0,9697,0
0004126,65536,18165,0,47371,0
0004127,65536,6768,0,58768,0
0004128,65536,55960,0,9576,0
0004129,65536,63266,0,2270,0
0004130,65536,56872,0,8664,0
0004131,65536,18804,0,46732,0
0004132,65536,0,0,65536,0
0004133,65536,22412,0,43124,0
0004134,65536,64085,0,1451,0
0004135,65536,42825,0,22711,0
0004136,65536,39367,0,26169,0
0004137,65536,36803,0,28733,0
0004138,65536,2908,0,62628,0
0004139,65536,0,0,65536,0
0004140,65536,20483,0,45053,0
0004141,65536,56533,0,9003,0
0004142,65536,61479,0,4057,0
0004143,65536,0,0,65536,0
0004144,65536,0,0,65536,0
0004145,65536,0,0,65536,0
0004146,65536,2478,0,63058,0
0004147,65536,0,0,65536,0
0004148,65536,0,0,65536,0
0004149,65536,1563,0,63973,0
0004150,65536,0,0,65536,0
0004151,65536,60579,0,4957,0
0004152,65536,63938,0,1598,0
0004153,65536,44531,0,21005,0
0004154,65536,0,0,65536,0
0004155,65536,0,0,65536,0
0004156,65536,484,0,65052,0
0004157,65536,9419,0,56117,0
0004158,65536,43407,0,22129,0
0004159,65536,48866,0,16670,0
0004160,65536,63484,0,2052,0
0004161,65536,39345,0,26191,0
0004162,65536,350,0,65186,0
0004163,65536,0,0,65536,0
0004164,65536,0,0,65536,0
0004165,65536,0,0,65536,0
0004166,65536,0,0,65536,0
0004167,65536,0,0,65536,0
0004168,65536,0,0,65536,0
0004169,65536,22738,0,42798,0
0004170,65536,62170,0,3366,0
0004171,65536,58384,0,7152,0
0004172,65536,58512,0,7024,0
0004173,65536,0,0,65536,0
0004174,65536,0,0,65536,0
0004175,65536,0,0,65536,0
0004176,65536,0,0,65536,0
0004177,65536,0,0,65536,0
0004178,65536,0,0,65536,0
0004179,65536,0,0,65536,0
0004180,65536,0,0,65536,0
0004181,65536,7317,0,58219,0
0004182,65536,57130,0,8406,0
0004183,65536,54653,0,10883,0
0004184,65536,41916,0,23620,0
0004185,65536,60183,0,5353,0
0004186,65536,19780,0,45756,0
0004187,65536,16503,0,49033,0
0004188,65536,7414,0,58122,0
0004189,65536,2131,0,63405,0
0004190,65536,35257,0,30279,0
0004191,65536,0,0,65536,0
0004192,65536,15649,0,49887,0
0004193,65536,48856,0,16680,0
0004194,65536,9663,0,55873,0
0004195,65536,2959,0,62577,0
0004196,65536,25607,0,39929,0
0004197,65536,50101,0,15435,0
0004198,65536,14758,0,50778,0
0004199,65536,60508,0,5028,0
0004200,65536,38430,0,27106,0
0004201,65536,60703,0,4833,0
0004202,65536,41372,0,24164,0
0004203,65536,12787,0,52749,0
0004204,65536,38100,0,27436,0
0004205,65536,38602,0,26934,0
0004206,65536,49767,0,15769,0
0004207,65536,55287,0,10249,0
0004208,65536,64800,0,736,0
0004209,65536,63468,0,2068,0
0004210,65536,35834,0,29702,0
0004211,65536,47421,0,18115,0
0004212,65536,38543,0,26993,0
0004213,65536,11127,0,54409,0
0004214,65536,584,0,64952,0
0004215,65536,20574,0,44962,0
0004216,65536,50935,0,14601,0
0004217,65536,21319,0,44217,0
0004218,65536,32535,0,33001,0
0004219,65536,36726,0,28810,0
0004220,65536,47571,0,17965,0
0004221,65536,62956,0,2580,0
0004222,65536,56773,0,8763,0
0004223,65536,64211,0,1325,0
0004224,65536,18347,0,47189,0
0004225,65536,50106,0,15430,0
0004226,65536,46313,0,19223,0
0004227,65536,37765,0,27771,0
0004228,65536,54338,0,11198,0
0004229,65536,48653,0,16883,0
0004230,65536,64463,0,1073,0
0004231,65536,61908,0,3628,0
0004232,65536,64315,0,1221,0
0004233,65536,64678,0,858,0
0004234,65536,49024,0,16512,0
0004235,65536,65018,0,0,518
0004236,65536,8462,0,0,57074
0004237,65536,0,0,0,65536
0004238,65536,65387,0,0,149
0004239,65536,41618,0,0,23918
0004240,65536,32090,0,0,33446
0004241,65536,7474,0,0,58062
0004242,65536,0,0,0,65536
0004243,65536,0,0,0,65536
0004244,65536,0,0,0,65536
0004245,65536,237,0,0,65299
0004246,65536,11475,0,0,54061
0004247,65536,60872,0,0,4664
0004248,65536,56666,0,0,8870
0004249,65536,35044,0,0,30492
0004250,65536,0,0,0,65536
0004251,65536,0,0,0,65536
0004252,65536,0,0,0,65536
0004253,65536,0,0,0,65536
0004254,65536,0,0,0,65536
0004255,65536,1919,0,0,63617
0004256,65536,22170,0,0,43366
0004257,65536,0,0,0,65536
0004258,65536,0,0,0,65536
0004259,65536,0,0,0,65536
0004260,65536,0,0,0,65536
0004261,65536,6425,0,0,59111
0004262,65536,58559,0,0,6977
0004263,65536,48178,0,0,17358
0004264,65536,63026,0,0,2510
0004265,65536,42585,0,0,22951
0004266,65536,692,0,0,64844
0004267,65536,0,0,0,65536
0004268,65536,0,0,0,65536
0004269,65536,0,0,0,65536
0004270,65536,0,0,0,65536
0004271,65536,0,0,0,65536
0004272,65536,10068,0,0,55468
0004273,65536,14244,0,0,51292
0004274,65536,62907,0,0,2629
0004275,65536,2104,0,0,63432
0004276,65536,0,0,0,65536
0004277,65536,0,0,0,65536
0004278,65536,0,0,0,65536
0004279,65536,0,0,0,65536
0004280,65536,0,0,0,65536
0004281,65536,2739,0,0,62797
0004282,65536,1266,0,0,64270
0004283,65536,50370,0,0,15166
0004284,65536,1955,0,0,63581
0004285,65536,0,0,0,65536
0004286,65536,0,0,0,65536
0004287,65536,0,0,0,65536
0004288,65536,0,0,0,65536
0004289,65536,0,0,0,65536
0004290,65536,50317,0,0,15219
0004291,65536,24879,0,0,40657
0004292,65536,0,0,0,65536
0004293,65536,0,0,0,65536
0004294,65536,0,0,0,65536
0004295,65536,0,0,0,65536
0004296,65536,0,0,0,65536
0004297,65536,0,0,0,65536
0004298,65536,0,0,0,65536
0004299,65536,0,0,0,65536
0004300,65536,21542,0,0,43994
0004301,65536,19339,0,0,46197
0004302,65536,0,0,0,65536
0004303,65536,62205,0,0,3331
0004304,65536,2774,0,0,62762
0004305,65536,0,0,0,65536
0004306,65536,29344,0,0,36192
0004307,65536,60254,0,0,5282
0004308,65536,37370,0,0,28166
0004309,65536,2430,0,0,63106
0004310,65536,0,0,0,65536
0004311,65536,0,0,0,65536
0004312,65536,0,0,0,65536
0004313,65536,0,0,0,65536
0004314,65536,0,0,0,65536
0004315,65536,0,0,0,65536
0004316,65536,0,0,0,65536
0004317,65536,0,0,0,65536
0004318,65536,23669,0,0,41867
0004319,65536,55275,0,0,10261
0004320,65536,271,0,0,65265
0004321,65536,0,0,0,65536
0004322,65536,0,0,0,65536
0004323,65536,0,0,0,65536
0004324,65536,0,0,0,65536
0004325,65536,0,0,0,65536
0004326,65536,20787,0,0,44749
0004327,65536,0,0,0,65536
0004328,65536,0,0,0,65536
0004329,65536,0,0,0,65536
0004330,65536,0,0,0,65536
0004331,65536,0,0,0,65536
0004332,65536,0,0,0,65536
0004333,65536,0,0,0,65536
0004334,65536,0,0,0,65536
0004335,65536,34029,0,0,31507
0004336,65536,25987,0,0,39549
0004337,65536,0,0,0,65536
0004338,65536,0,0,0,65536
0004339,65536,0,0,0,65536
0004340,65536,0,0,0,65536
0004341,65536,0,0,0,65536
0004342,65536,0,0,0,65536
0004343,65536,27656,0,0,37880
0004344,65536,0,0,0,65536
0004345,65536,0,0,0,65536
0004346,65536,0,0,0,65536
0004347,65536,0,0,0,65536
0004348,65536,0,0,0,65536
0004349,65536,0,0,0,65536
0004350,65536,64228,0,0,1308
0004351,65536,42287,0,23249,0
0004352,65536,41189,0,0,24347
0004353,65536,32932,0,0,32604
0004354,65536,1813,0,0,63723
0004355,65536,0,0,0,65536
0004356,65536,29693,0,0,35843
0004357,65536,515,0,0,65021
0004358,65536,19000,0,0,46536
0004359,65536,52406,0,0,13130
0004360,65536,0,0,0,65536
0004361,65536,2630,0,0,62906
0004362,65536,50243,0,0,15293
0004363,65536,39992,0,0,25544
0004364,65536,64351,0,0,1185
0004365,65536,39628,0,25908,0
0004366,65536,61817,0,0,3719
0004367,65536,31745,0,0,33791
0004368,65536,45535,0,0,20001
0004369,65536,30435,0,2211,32890
0004370,65536,28493,0,10958,26085
0004371,65536,14857,0,0,50679
0004372,65536,5269,0,881,59386
0004373,65536,41945,0,5450,18141
0004374,65536,0,0,0,65536
0004375,65536,65494,0,0,42
0004376,65536,62584,0,0,2952
0004377,65536,6229,0,0,59307
0004378,65536,34901,0,0,30635
0004379,65536,20906,0,0,44630
0004380,65536,53278,0,9620,2638
0004381,65536,53328,0,12208,0
0004382,65536,0,0,0,65536
0004383,65536,0,0,0,65536
0004384,65536,20498,0,0,45038
0004385,65536,37422,0,0,28114
0004386,65536,11904,0,0,53632
0004387,65536,1418,0,0,64118
0004388,65536,25787,0,0,39749
0004389,65536,63424,0,0,2112
0004390,65536,53518,0,0,12018
0004391,65536,17256,0,0,48280
0004392,65536,0,0,0,65536
0004393,65536,0,0,0,65536
0004394,65536,58903,0,0,6633
0004395,65536,6512,0,0,59024
0004396,65536,177,0,0,65359
0004397,65536,3006,0,0,62530
0004398,65536,0,0,0,65536
0004399,65536,0,0,0,65536
0004400,65536,0,0,0,65536
0004401,65536,55074,0,0,10462
0004402,65536,50804,0,0,14732
0004403,65536,45479,0,0,20057
0004404,65536,47861,0,0,17675
0004405,65536,37661,0,0,27875
0004406,65536,1106,0,0,64430
0004407,65536,0,0,0,65536
0004408,65536,0,0,0,65536
0004409,65536,0,0,0,65536
0004410,65536,0,0,0,65536
0004411,65536,0,0,0,65536
0004412,65536,12188,0,0,53348
0004413,65536,65516,0,0,20
0004414,65536,33242,0,0,32294
0004415,65536,25231,0,0,40305
0004416,65536,53489,0,0,12047
0004417,65536,24917,0,0,40619
0004418,65536,0,0,0,65536
0004419,65536,0,0,0,65536
0004420,65536,0,0,0,65536
0004421,65536,0,0,0,65536
0004422,65536,0,0,0,65536
0004423,65536,0,0,0,65536
0004424,65536,41417,0,0,24119
0004425,65536,28579,0,13972,22985
0004426,65536,46881,0,0,18655
0004427,65536,21184,0,0,44352
0004428,65536,0,0,0,65536
0004429,65536,0,0,0,65536
0004430,65536,0,0,0,65536
0004431,65536,17177,0,0,48359
0004432,65536,65425,0,0,111
0004433,65536,39282,0,23085,3169
0004434,65536,50014,0,0,15522
0004435,65536,65250,0,286,0
0004436,65536,64039,0,0,1497
0004437,65536,64903,0,0,633
0004438,65536,58979,0,6557,0
0004439,65536,61006,0,0,4530
0004440,65536,59858,0,0,5678
0004441,65536,65514,0,0,22
0004442,65536,18225,0,0,47311
0004443,65536,1593,0,0,63943
0004444,65536,24,0,0,65512
0004445,65536,0,0,0,65536
0004446,65536,0,0,0,65536
0004447,65536,7793,0,0,57743
0004448,65536,59304,0,0,6232
0004449,65536,40966,0,24570,0
0004450,65536,45687,0,4474,15375
0004451,65536,37442,0,0,28094
0004452,65536,12951,0,0,52585
0004453,65536,226,0,0,65310
0004454,65536,0,0,0,65536
0004455,65536,0,0,0,65536
0004456,65536,37597,0,0,27939
0004457,65536,37581,0,27867,88
0004458,65536,33661,0,5334,26541
0004459,65536,497,0,0,65039
0004460,65536,0,0,0,65536
0004461,65536,0,0,0,65536
0004462,65536,0,0,0,65536
0004463,65536,1872,0,0,63664
0004464,65536,37555,0,0,27981
0004465,65536,64610,0,0,926
0004466,65536,55656,0,9880,0
0004467,65536,61970,0,3566,0
0004468,65536,42184,0,1267,22085
0004469,65536,9717,0,0,55819
0004470,65536,337,0,0,65199
0004471,65536,56008,0,0,9528
0004472,65536,65430,0,0,106
0004473,65536,59094,0,6442,0
0004474,65536,57860,0,0,7676
0004475,65536,31602,0,0,33934
0004476,65536,64269,0,0,1267
0004477,65536,55626,0,0,9910
0004478,65536,5662,0,0,59874
0004479,65536,57119,0,8417,0
0004480,65536,57605,0,6407,1524
0004481,65536,31524,0,10018,23994
0004482,65536,0,0,0,65536
0004483,65536,12482,0,0,53054
0004484,65536,57715,0,0,7821
0004485,65536,25442,0,0,40094
0004486,65536,1350,0,0,64186
0004487,65536,1847,0,0,63689
0004488,65536,30399,35137,0,0
0004489,65536,40766,24770,0,0
0004490,65536,38124,27412,0,0
0004491,65536,58770,6766,0,0
0004492,65536,61209,0,0,4327
0004493,65536,48838,0,0,16698
0004494,65536,36436,0,0,29100
0004495,65536,55762,0,0,9774
0004496,65536,15741,0,0,49795
0004497,65536,5937,0,0,59599
0004498,65536,12174,0,0,53362
0004499,65536,428,0,0,65108
0004500,65536,0,0,0,65536
0004501,65536,1063,0,0,64473
0004502,65536,65220,0,0,316
0004503,65536,58692,0,0,6844
0004504,65536,30709,0,0,34827
0004505,65536,0,0,0,65536
0004506,65536,0,0,0,65536
0004507,65536,0,0,0,65536
0004508,65536,0,0,0,65536
0004509,65536,9463,0,0,56073
0004510,65536,722,0,0,64814
0004511,65536,37627,0,0,27909
0004512,65536,58975,0,0,6561
0004513,65536,55265,0,0,10271
0004514,65536,15631,0,0,49905
0004515,65536,0,0,0,65536
0004516,65536,43025,0,0,22511
0004517,65536,0,0,0,65536
0004518,65536,0,0,0,65536
0004519,65536,0,0,0,65536
0004520,65536,0,0,0,65536
0004521,65536,0,0,0,65536
0004522,65536,98,0,0,65438
0004523,65536,0,0,0,65536
0004524,65536,5355,0,0,60181
0004525,65536,35769,0,0,29767
0004526,65536,25369,0,0,40167
0004527,65536,25840,0,0,39696
0004528,65536,0,0,0,65536
0004529,65536,64425,0,0,1111
0004530,65536,0,0,0,65536
0004531,65536,0,0,0,65536
0004532,65536,0,0,0,65536
0004533,65536,0,0,0,65536
0004534,65536,0,0,0,65536
0004535,65536,1663,0,0,63873
0004536,65536,0,0,0,65536
0004537,65536,475,0,0,65061
0004538,65536,64647,0,0,889
0004539,65536,0,0,0,65536
0004540,65536,0,0,0,65536
0004541,65536,0,0,0,65536
0004542,65536,0,0,0,65536
0004543,65536,5121,0,0,60415
0004544,65536,0,0,0,65536
0004545,65536,0,0,0,65536
0004546,65536,0,0,0,65536
0004547,65536,55699,0,0,9837
0004548,65536,0,0,0,65536
0004549,65536,879,0,0,64657
0004550,65536,10119,0,0,55417
0004551,65536,38331,0,0,27205
0004552,65536,48453,0,0,17083
0004553,65536,14714,0,0,50822
0004554,65536,0,0,0,65536
0004555,65536,0,0,0,65536
0004556,65536,0,0,0,65536
0004557,65536,9241,0,0,56295
0004558,65536,19,0,0,65517
0004559,65536,0,0,0,65536
0004560,65536,24758,0,0,40778
0004561,65536,54476,0,0,11060
0004562,65536,61027,0,0,4509
0004563,65536,58136,0,0,7400
0004564,65536,1719,0,0,63817
0004565,65536,36808,0,0,28728
0004566,65536,33659,0,0,31877
0004567,65536,38439,0,0,27097
0004568,65536,34264,0,0,31272
0004569,65536,39917,0,0,25619
0004570,65536,51391,0,0,14145
0004571,65536,64803,0,0,733
0004572,65536,60637,0,4899,0
0004573,65536,49328,0,0,16208
0004574,65536,0,0,65536,0
0004575,65536,5721,0,59815,0
0004576,65536,1860,0,63676,0
0004577,65536,60515,0,5021,0
0004578,65536,61560,0,3976,0
0004579,65536,3377,0,62159,0
0004580,65536,1795,0,63741,0
0004581,65536,0,0,65536,0
0004582,65536,0,0,65536,0
0004583,65536,895,0,64641,0
0004584,65536,63059,0,2477,0
0004585,65536,62827,0,2709,0
0004586,65536,46853,0,18683,0
0004587,65536,63142,0,2394,0
0004588,65536,64454,0,1082,0
0004589,65536,47987,0,17549,0
0004590,65536,63543,0,1993,0
0004591,65536,62824,0,2712,0
0004592,65536,47104,0,18432,0
0004593,65536,56034,0,9502,0
0004594,65536,46086,0,19450,0
0004595,65536,60606,0,4930,0
0004596,65536,49653,0,15883,0
0004597,65536,55876,0,9660,0
0004598,65536,36539,0,28997,0
0004599,65536,55009,0,10527,0
0004600,65536,44131,0,21405,0
0004601,65536,37269,0,28267,0
0004602,65536,53641,0,11895,0
0004603,65536,18981,0,46555,0
0004604,65536,12780,0,52756,0
0004605,65536,33256,0,32280,0
0004606,65536,1201,0,64335,0
0004607,65536,24141,0,41395,0
0004608,65536,35962,0,29574,0
0004609,65536,13192,0,52344,0
0004610,65536,57268,0,8268,0
0004611,65536,0,0,65536,0
0004612,65536,120,0,65416,0
0004613,65536,4910,0,60626,0
0004614,65536,7566,0,57970,0
0004615,65536,5004,0,60532,0
0004616,65536,3149,0,62387,0
0004617,65536,8523,0,57013,0
0004618,65536,16032,0,49504,0
0004619,65536,29919,0,35617,0
0004620,65536,64173,0,1363,0
0004621,65536,0,0,65536,0
0004622,65536,65290,0,246,0
0004623,65536,64970,0,566,0
0004624,65536,57878,0,7658,0
0004625,65536,30928,0,34608,0
0004626,65536,43745,0,21791,0
0004627,65536,49896,0,15640,0
0004628,65536,282,0,65254,0
0004629,65536,50317,0,15219,0
0004630,65536,58604,0,6932,0
0004631,65536,45064,0,20472,0
0004632,65536,9935,0,55601,0
0004633,65536,6466,0,59070,0
0004634,65536,46767,0,18769,0
0004635,65536,51938,0,13598,0
0004636,65536,59367,0,6169,0
0004637,65536,24025,0,41511,0
0004638,65536,35205,0,30331,0
0004639,65536,51700,0,13836,0
0004640,65536,48875,0,16661,0
0004641,65536,38857,0,26679,0
0004642,65536,60609,0,4927,0
0004643,65536,65212,0,324,0
0004644,65536,65487,0,49,0
0004645,65536,4765,0,60771,0
0004646,65536,13659,0,51877,0
0004647,65536,35033,0,30503,0
0004648,65536,0,0,65536,0
0004649,65536,7914,0,57622,0
0004650,65536,40437,0,25099,0
0004651,65536,14133,0,51403,0
0004652,65536,42280,0,23256,0
0004653,65536,9640,0,55896,0
0004654,65536,16276,0,49260,0
0004655,65536,53119,0,12417,0
0004656,65536,19126,0,46410,0
0004657,65536,47695,0,17841,0
0004658,65536,30109,0,35427,0
0004659,65536,52869,0,12667,0
0004660,65536,64534,0,1002,0
0004661,65536,59737,0,5799,0
0004662,65536,3290,0,62246,0
0004663,65536,65185,0,351,0
0004664,65536,63912,0,1624,0
0004665,65536,5447,0,60089,0
0004666,65536,65098,0,438,0
0004667,65536,62243,0,3293,0
0004668,65536,386,0,65150,0
0004669,65536,46819,0,18717,0
0004670,65536,34938,0,30598,0
0004671,65536,62005,0,3531,0
0004672,65536,0,0,65536,0
0004673,65536,31362,0,34174,0
0004674,65536,47865,0,17671,0
0004675,65536,52291,0,13245,0
0004676,65536,58239,0,7297,0
0004677,65536,65169,0,367,0
0004678,65536,57726,0,7810,0
0004679,65536,65512,0,24,0
0004680,65536,61870,0,3666,0
0004681,65536,57456,0,8080,0
0004682,65536,31368,0,34168,0
0004683,65536,59935,0,5601,0
0004684,65536,43363,0,22173,0
0004685,65536,34831,0,30705,0
0004686,65536,65073,0,463,0
0004687,65536,52487,0,13049,0
0004688,65536,62067,0,3469,0
0004689,65536,53792,0,11744,0
0004690,65536,56108,0,9428,0
0004691,65536,59920,0,0,5616
0004692,65536,28707,0,0,36829
0004693,65536,8048,0,0,57488
0004694,65536,33730,0,0,31806
0004695,65536,64190,0,0,1346
0004696,65536,46941,0,0,18595
0004697,65536,9287,0,0,56249
0004698,65536,24263,0,0,41273
0004699,65536,58647,0,0,6889
0004700,65536,62162,0,0,3374
0004701,65536,60929,0,0,4607
0004702,65536,18760,0,0,46776
0004703,65536,14918,0,0,50618
0004704,65536,65108,0,0,428
0004705,65536,61060,0,0,4476
0004706,65536,37849,0,0,27687
0004707,65536,36571,0,0,28965
0004708,65536,56228,0,0,9308
0004709,65536,64593,0,0,943
0004710,65536,64661,0,0,875
0004711,65536,63448,0,0,2088
0004712,65536,62956,0,0,2580
0004713,65536,59769,0,0,5767
0004714,65536,10611,0,54925,0
0004715,65536,55705,0,9831,0
0004716,65536,65137,0,399,0
0004717,65536,65028,0,508,0
0004718,65536,54511,0,11025,0
0004719,65536,47013,0,18523,0
0004720,65536,23173,0,42363,0
0004721,65536,41218,0,24318,0
0004722,65536,19896,0,45640,0
0004723,65536,13412,0,52124,0
0004724,65536,56787,0,8749,0
0004725,65536,48227,0,17309,0
0004726,65536,229,0,65307,0
0004727,65536,48629,0,16907,0
0004728,65536,38852,0,26684,0
0004729,65536,64055,0,1481,0
0004730,65536,59119,0,6417,0
0004731,65536,24568,0,40968,0
0004732,65536,11768,0,53768,0
0004733,65536,47684,0,17852,0
0004734,65536,65408,0,128,0
0004735,65536,18326,0,47210,0
0004736,65536,24338,0,41198,0
0004737,65536,40998,0,24538,0
0004738,65536,29974,0,35562,0
0004739,65536,55331,0,10205,0
0004740,65536,41898,0,23638,0
0004741,65536,32751,0,32785,0
0004742,65536,63626,0,1910,0
0004743,65536,64584,0,952,0
0004744,65536,9646,0,55890,0
0004745,65536,9075,0,56461,0
0004746,65536,23246,0,42290,0
0004747,65536,52032,0,13504,0
0004748,65536,43206,0,22330,0
0004749,65536,62841,0,2695,0
0004750,65536,65293,0,243,0
0004751,65536,54826,0,10710,0
0004752,65536,56761,0,8775,0
0004753,65536,58543,0,6993,0
0004754,65536,62393,0,3143,0
0004755,65536,17226,0,48310,0
0004756,65536,41559,0,23977,0
0004757,65536,39015,0,26521,0
0004758,65536,31843,0,33693,0
0004759,65536,54027,0,11509,0
0004760,65536,61878,0,3658,0
0004761,65536,39983,0,25553,0
0004762,65536,60050,0,5486,0
0004763,65536,51208,0,14328,0
0004764,65536,30383,0,35153,0
0004765,65536,30879,0,34657,0
0004766,65536,53716,0,11820,0
0004767,65536,64382,0,1154,0
0004768,65536,38382,0,27154,0
0004769,65536,26915,0,38621,0
0004770,65536,9437,0,56099,0
0004771,65536,52175,0,13361,0
0004772,65536,31878,0,33658,0
0004773,65536,35024,0,30512,0
0004774,65536,58319,0,7217,0
0004775,65536,61174,0,4362,0
0004776,65536,34907,0,30629,0
0004777,65536,63769,0,1767,0
0004778,65536,41118,0,24418,0
0004779,65536,0,0,65536,0
0004780,65536,0,0,65536,0
0004781,65536,0,0,65536,0
0004782,65536,47391,0,18145,0
0004783,65536,7636,0,57900,0
0004784,65536,52785,0,12751,0
0004785,65536,60024,0,5512,0
0004786,65536,64429,0,0,1107
0004787,65536,34834,0,30702,0
0004788,65536,64672,0,864,0
0004789,65536,4531,0,61005,0
0004790,65536,0,0,65536,0
0004791,65536,0,0,65536,0
0004792,65536,0,0,65536,0
0004793,65536,21721,0,43815,0
0004794,65536,63094,0,2442,0
0004795,65536,52939,0,12597,0
0004796,65536,58622,0,6914,0
0004797,65536,61974,0,3562,0
0004798,65536,61867,0,0,3669
0004799,65536,63493,0,0,2043
0004800,65536,43740,0,21796,0
0004801,65536,42080,0,23456,0
0004802,65536,1758,0,63778,0
0004803,65536,0,0,65536,0
0004804,65536,0,0,65536,0
0004805,65536,42851,0,22685,0
0004806,65536,62999,0,2537,0
0004807,65536,63636,0,1900,0
0004808,65536,57610,0,7926,0
0004809,65536,60821,0,4715,0
0004810,65536,18777,0,46759,0
0004811,65536,4730,0,60806,0
0004812,65536,0,0,65536,0
0004813,65536,64927,0,0,609
0004814,65536,64660,0,0,876
0004815,65536,61602,0,3934,0
0004816,65536,38495,0,27041,0
0004817,65536,45015,0,20521,0
0004818,65536,8392,0,57144,0
0004819,65536,48989,0,16547,0
0004820,65536,24449,0,41087,0
0004821,65536,39018,0,26518,0
0004822,65536,11644,0,53892,0
0004823,65536,33602,0,31934,0
0004824,65536,64115,0,1421,0
0004825,65536,29552,0,35984,0
0004826,65536,10451,0,55085,0
0004827,65536,61468,0,4068,0
0004828,65536,49270,0,16266,0
0004829,65536,46352,0,19184,0
0004830,65536,40731,0,24805,0
0004831,65536,0,0,65536,0
0004832,65536,0,0,65536,0
0004833,65536,0,0,65536,0
0004834,65536,0,0,65536,0
0004835,65536,50796,0,14740,0
0004836,65536,40200,0,25336,0
0004837,65536,60377,0,5159,0
0004838,65536,10771,0,54765,0
0004839,65536,0,0,65536,0
0004840,65536,0,0,65536,0
0004841,65536,0,0,65536,0
0004842,65536,0,0,65536,0
0004843,65536,39166,0,26370,0
0004844,65536,13734,0,51802,0
0004845,65536,56905,0,8631,0
0004846,65536,21112,0,44424,0
0004847,65536,45166,0,20370,0
0004848,65536,60509,0,5027,0
0004849,65536,47656,0,17880,0
0004850,65536,24893,0,40643,0
0004851,65536,8281,0,57255,0
0004852,65536,619,0,64917,0
0004853,65536,0,0,65536,0
0004854,65536,0,0,65536,0
0004855,65536,0,0,65536,0
0004856,65536,10396,0,55140,0
0004857,65536,61341,0,4195,0
0004858,65536,0,0,65536,0
0004859,65536,51479,0,14057,0
0004860,65536,51565,0,13971,0
0004861,65536,63030,0,2506,0
0004862,65536,3251,0,62285,0
0004863,65536,0,0,65536,0
0004864,65536,0,0,65536,0
0004865,65536,0,0,65536,0
0004866,65536,0,0,65536,0
0004867,65536,0,0,65536,0
0004868,65536,24118,0,41418,0
0004869,65536,7148,0,58388,0
0004870,65536,27420,0,38116,0
0004871,65536,55964,0,9572,0
0004872,65536,38650,0,26886,0
0004873,65536,16794,0,48742,0
0004874,65536,0,0,65536,0
0004875,65536,0,0,65536,0
0004876,65536,0,0,65536,0
0004877,65536,0,0,65536,0
0004878,65536,0,0,65536,0
0004879,65536,0,0,65536,0
0004880,65536,33379,0,32157,0
0004881,65536,56675,0,8861,0
0004882,65536,3146,0,62390,0
0004883,65536,42331,0,23205,0
0004884,65536,2102,0,63434,0
0004885,65536,9737,0,55799,0
0004886,65536,55253,0,10283,0
0004887,65536,47505,0,18031,0
0004888,65536,48096,0,17440,0
0004889,65536,38269,0,27267,0
0004890,65536,53351,0,12185,0
0004891,65536,56660,0,8876,0
0004892,65536,58241,0,7295,0
0004893,65536,9617,0,55919,0
0004894,65536,44362,0,21174,0
0004895,65536,1180,0,64356,0
0004896,65536,45055,0,20481,0
0004897,65536,63924,0,1612,0
0004898,65536,6704,0,58832,0
0004899,65536,11907,0,53629,0
0004900,65536,4073,0,61463,0
0004901,65536,28913,0,36623,0
0004902,65536,49959,0,15577,0
0004903,65536,64244,0,1292,0
0004904,65536,49667,0,15869,0
0004905,65536,36797,0,28739,0
0004906,65536,58336,0,7200,0
0004907,65536,34810,0,30726,0
0004908,65536,60964,0,0,4572
0004909,65536,63381,0,0,2155
0004910,65536,65171,0,0,365
0004911,65536,41250,0,0,24286
0004912,65536,64803,0,733,0
0004913,65536,55981,0,9555,0
0004914,65536,64803,0,0,733
0004915,65536,57958,0,0,7578
0004916,65536,65094,0,0,442
0004917,65536,19124,0,0,46412
0004918,65536,63967,0,0,1569
0004919,65536,51609,0,0,13927
0004920,65536,32269,0,0,33267
0004921,65536,62185,0,0,3351
0004922,65536,0,0,0,65536
0004923,65536,3994,0,0,61542
0004924,65536,29310,0,0,36226
0004925,65536,58569,0,0,6967
0004926,65536,31236,0,0,34300
0004927,65536,0,0,0,65536
0004928,65536,0,0,0,65536
0004929,65536,65279,0,0,257
0004930,65536,56040,0,0,9496
0004931,65536,10664,0,0,54872
0004932,65536,60273,0,0,5263
0004933,65536,65099,0,0,437
0004934,65536,57510,0,0,8026
0004935,65536,59248,0,0,6288
0004936,65536,62859,0,0,2677
0004937,65536,64077,0,0,1459
0004938,65536,55277,0,0,10259
0004939,65536,30776,0,0,34760
0004940,65536,55493,0,0,10043
0004941,65536,65391,0,145,0
0004942,65536,64428,0,1108,0
0004943,65536,61712,0,0,3824
0004944,65536,65244,0,0,292
0004945,65536,64718,0,0,818
0004946,65536,54655,0,0,10881
0004947,65536,65360,0,0,176
0004948,65536,40861,0,0,24675
0004949,65536,10393,0,0,55143
0004950,65536,63432,0,0,2104
0004951,65536,53013,0,0,12523
0004952,65536,65411,0,125,0
0004953,65536,64443,0,1093,0
0004954,65536,63884,0,0,1652
0004955,65536,34314,0,0,31222
0004956,65536,15949,0,0,49587
0004957,65536,61876,0,0,3660
0004958,65536,14348,0,0,51188
0004959,65536,470,0,0,65066
0004960,65536,0,0,0,65536
0004961,65536,0,0,0,65536
0004962,65536,0,0,0,65536
0004963,65536,0,0,0,65536
0004964,65536,0,0,0,65536
0004965,65536,0,0,0,65536
0004966,65536,0,0,0,65536
0004967,65536,48833,0,0,16703
0004968,65536,24316,0,0,41220
0004969,65536,0,0,0,65536
0004970,65536,0,0,0,65536
0004971,65536,0,0,0,65536
0004972,65536,0,0,0,65536
0004973,65536,0,0,0,65536
0004974,65536,18162,0,0,47374
0004975,65536,0,0,0,65536
0004976,65536,0,0,0,65536
0004977,65536,0,0,0,65536
0004978,65536,1264,0,0,64272
0004979,65536,0,0,0,65536
0004980,65536,0,0,0,65536
0004981,65536,0,0,0,65536
0004982,65536,0,0,0,65536
0004983,65536,0,0,0,65536
0004984,65536,0,0,0,65536
0004985,65536,9932,0,0,55604
0004986,65536,25537,0,0,39999
0004987,65536,10988,0,0,54548
0004988,65536,0,0,0,65536
0004989,65536,60090,0,0,5446
0004990,65536,56018,0,0,9518
0004991,65536,42710,0,0,22826
0004992,65536,2050,0,0,63486
0004993,65536,0,0,0,65536
0004994,65536,0,0,0,65536
0004995,65536,0,0,0,65536
0004996,65536,0,0,0,65536
0004997,65536,18038,0,0,47498
0004998,65536,0,0,0,65536
0004999,65536,64216,0,0,1320
0005000,65536,64515,0,0,1021
0005001,65536,0,0,0,65536
0005002,65536,0,0,0,65536
0005003,65536,0,0,0,65536
0005004,65536,0,0,0,65536
0005005,65536,0,0,0,65536
0005006,65536,0,0,0,65536
0005007,65536,0,0,0,65536
0005008,65536,3011,0,0,62525
0005009,65536,787,0,0,64749
0005010,65536,63335,0,0,2201
0005011,65536,19909,0,0,45627
0005012,65536,24494,0,0,41042
0005013,65536,1280,0,0,64256
0005014,65536,0,0,0,65536
0005015,65536,0,0,0,65536
0005016,65536,0,0,0,65536
0005017,65536,0,0,0,65536
0005018,65536,63784,0,0,1752
0005019,65536,0,0,0,65536
0005020,65536,0,0,0,65536
0005021,65536,0,0,0,65536
0005022,65536,0,0,0,65536
0005023,65536,50878,0,0,14658
0005024,65536,31836,0,0,33700
0005025,65536,0,0,0,65536
0005026,65536,0,0,0,65536
0005027,65536,0,0,0,65536
0005028,65536,0,0,0,65536
0005029,65536,0,0,0,65536
0005030,65536,0,0,0,65536
0005031,65536,0,0,0,65536
0005032,65536,0,0,0,65536
0005033,65536,49208,0,0,16328
0005034,65536,6374,0,0,59162
0005035,65536,24961,0,0,40575
0005036,65536,0,0,0,65536
0005037,65536,0,0,0,65536
0005038,65536,0,0,0,65536
0005039,65536,2625,0,0,62911
0005040,65536,38711,0,0,26825
0005041,65536,0,0,0,65536
0005042,65536,0,0,0,65536
0005043,65536,22837,0,0,42699
0005044,65536,38035,0,0,27501
0005045,65536,43728,0,0,21808
0005046,65536,0,0,0,65536
0005047,65536,21558,0,0,43978
0005048,65536,12020,0,0,53516
0005049,65536,26940,0,0,38596
0005050,65536,35925,0,0,29611
0005051,65536,63643,0,0,1893
0005052,65536,41413,0,0,24123
0005053,65536,46601,0,0,18935
0005054,65536,48976,0,0,16560
0005055,65536,48744,0,16792,0
0005056,65536,31255,0,0,34281
0005057,65536,26240,0,0,39296
0005058,65536,19955,0,0,45581
0005059,65536,39637,0,0,25899
0005060,65536,56135,0,0,9401
0005061,65536,64369,0,0,1167
0005062,65536,46049,0,0,19487
0005063,65536,28010,0,0,37526
0005064,65536,273,0,0,65263
0005065,65536,0,0,0,65536
0005066,65536,0,0,0,65536
0005067,65536,0,0,0,65536
0005068,65536,2554,0,0,62982
0005069,65536,8909,0,0,56627
0005070,65536,55015,0,0,10521
0005071,65536,56124,0,0,9412
0005072,65536,61494,0,0,4042
0005073,65536,40248,0,0,25288
0005074,65536,30581,0,0,34955
0005075,65536,0,0,0,65536
0005076,65536,0,0,0,65536
0005077,65536,8242,0,0,57294
0005078,65536,64437,0,0,1099
0005079,65536,65011,0,0,525
0005080,65536,27655,0,0,37881
0005081,65536,62536,0,0,3000
0005082,65536,63926,0,0,1610
0005083,65536,48286,0,0,17250
0005084,65536,7255,0,0,58281
0005085,65536,0,0,0,65536
0005086,65536,11284,0,0,54252
0005087,65536,58280,0,0,7256
0005088,65536,31080,0,0,34456
0005089,65536,7940,0,0,57596
0005090,65536,31724,0,0,33812
0005091,65536,55012,0,0,10524
0005092,65536,37308,0,0,28228
0005093,65536,40739,0,0,24797
0005094,65536,49855,0,0,15681
0005095,65536,64559,0,0,977
0005096,65536,49526,0,0,16010
0005097,65536,46614,0,0,18922
0005098,65536,58655,0,0,6881
0005099,65536,56290,0,0,9246
0005100,65536,8440,0,0,57096
0005101,65536,11546,0,0,53990
0005102,65536,18619,0,0,46917
0005103,65536,43305,0,0,22231
0005104,65536,54114,0,0,11422
0005105,65536,61485,0,0,4051
0005106,65536,61017,0,0,4519
0005107,65536,44506,0,0,21030
0005108,65536,29616,0,0,35920
0005109,65536,4690,0,0,60846
0005110,65536,16863,0,0,48673
0005111,65536,54952,0,0,10584
0005112,65536,61211,0,0,4325
0005113,65536,64808,0,0,728
0005114,65536,12987,0,0,52549
0005115,65536,63979,0,0,1557
0005116,65536,43690,0,0,21846
0005117,65536,28534,0,0,37002
0005118,65536,50333,0,0,15203
0005119,65536,36580,0,0,28956
0005120,65536,57612,0,0,7924
0005121,65536,52153,0,0,13383
0005122,65536,47924,0,0,17612
0005123,65536,7538,0,0,57998
0005124,65536,57451,0,0,8085
0005125,65536,65033,0,0,503
0005126,65536,65487,0,0,49
0005127,65536,61587,0,0,3949
0005128,65536,11757,0,0,53779
0005129,65536,13069,0,0,52467
0005130,65536,61522,0,0,4014
0005131,65536,23261,0,0,42275
0005132,65536,29807,0,0,35729
0005133,65536,55617,0,0,9919
0005134,65536,41064,0,0,24472
0005135,65536,34725,0,0,30811
0005136,65536,60545,0,0,4991
0005137,65536,37035,0,0,28501
0005138,65536,64950,0,0,586
0005139,65536,65184,0,0,352
0005140,65536,61541,0,0,3995
0005141,65536,55012,0,0,10524
0005142,65536,40196,0,0,25340
0005143,65536,52354,0,0,13182
0005144,65536,45002,0,0,20534
0005145,65536,6550,0,0,58986
0005146,65536,57196,0,0,8340
0005147,65536,0,0,0,65536
0005148,65536,33118,0,0,32418
0005149,65536,64905,0,0,631
0005150,65536,65085,0,0,451
0005151,65536,47210,0,0,18326
0005152,65536,64524,0,0,1012
0005153,65536,61804,0,0,3732
0005154,65536,62305,0,0,3231
0005155,65536,65460,0,0,76
0005156,65536,65519,0,0,17
0005157,65536,54625,0,10911,0
0005158,65536,48568,0,16968,0
0005159,65536,24981,0,40555,0
0005160,65536,7967,0,57569,0
0005161,65536,1423,0,64113,0
0005162,65536,62026,0,3510,0
0005163,65536,43402,0,22134,0
0005164,65536,26845,0,38691,0
0005165,65536,35033,0,30503,0
0005166,65536,5008,0,60528,0
0005167,65536,2932,0,62604,0
0005168,65536,65303,0,0,233
0005169,65536,59593,0,5943,0
0005170,65536,62622,0,0,2914
0005171,65536,48909,0,16627,0
0005172,65536,28037,0,37499,0
0005173,65536,11360,0,54176,0
0005174,65536,17012,0,48524,0
0005175,65536,14245,0,51291,0
0005176,65536,1190,0,64346,0
0005177,65536,57661,0,0,7875
0005178,65536,63075,0,0,2461
0005179,65536,64108,0,1428,0
0005180,65536,58122,0,0,7414
0005181,65536,57622,0,7914,0
0005182,65536,43382,0,22154,0
0005183,65536,36547,0,28989,0
0005184,65536,27475,0,38061,0
0005185,65536,65148,0,0,388
0005186,65536,47559,0,17977,0
0005187,65536,44718,0,0,20818
0005188,65536,49494,0,16042,0
0005189,65536,60021,0,5515,0
0005190,65536,58466,0,0,7070
0005191,65536,56327,0,9209,0
0005192,65536,61986,0,3550,0
0005193,65536,40237,0,0,25299
0005194,65536,45835,0,19701,0
0005195,65536,64450,0,1086,0
0005196,65536,64711,0,825,0
0005197,65536,63218,0,2318,0
0005198,65536,27991,0,37545,0
0005199,65536,43470,0,22066,0
0005200,65536,63016,0,2520,0
0005201,65536,65533,0,0,3
0005202,65536,64128,0,1408,0
0005203,65536,61667,0,0,3869
0005204,65536,58571,0,6965,0
0005205,65536,63096,0,2440,0
0005206,65536,65495,0,41,0
0005207,65536,58814,0,6722,0
0005208,65536,62176,0,3360,0
0005209,65536,63258,0,2278,0
0005210,65536,63633,0,1903,0
0005211,65536,60109,0,5427,0
0005212,65536,59555,0,5981,0
0005213,65536,64031,0,1505,0
0005214,65536,61027,0,4509,0
0005215,65536,58994,0,6542,0
0005216,65536,57123,0,8413,0
0005217,65536,59648,0,5888,0
0005218,65536,61256,0,4280,0
0005219,65536,65351,0,185,0
0005220,65536,63501,0,2035,0
0005221,65536,48277,0,17259,0
0005222,65536,63279,0,2257,0
0005223,65536,36989,0,28547,0
0005224,65536,48274,0,17262,0
0005225,65536,64109,0,0,1427
0005226,65536,65420,0,116,0
0005227,65536,62524,0,3012,0
0005228,65536,62967,0,2569,0
0005229,65536,52720,0,12816,0
0005230,65536,60380,0,5156,0
0005231,65536,64620,0,0,916
0005232,65536,59968,0,0,5568
0005233,65536,65212,0,324,0
0005234,65536,57994,0,7542,0
0005235,65536,51202,0,14334,0
0005236,65536,11513,0,54023,0
0005237,65536,21425,0,44111,0
0005238,65536,42972,0,22564,0
0005239,65536,37351,0,0,28185
0005240,65536,49292,0,0,16244
0005241,65536,19627,0,0,45909
0005242,65536,665,0,0,64871
0005243,65536,65209,0,0,327
0005244,65536,63322,0,0,2214
0005245,65536,64140,0,0,1396
0005246,65536,59640,0,0,5896
0005247,65536,65228,0,0,308
0005248,65536,24863,0,0,40673
0005249,65536,9531,0,0,56005
0005250,65536,9727,0,0,55809
0005251,65536,49407,0,0,16129
0005252,65536,9354,0,0,56182
0005253,65536,0,0,0,65536
0005254,65536,169,0,0,65367
0005255,65536,13606,0,0,51930
0005256,65536,576,0,0,64960
0005257,65536,5340,0,0,60196
0005258,65536,57199,0,0,8337
0005259,65536,35356,0,0,30180
0005260,65536,59901,0,0,5635
0005261,65536,138,0,0,65398
0005262,65536,1032,0,0,64504
0005263,65536,37891,0,0,27645
0005264,65536,58043,0,0,7493
0005265,65536,641,0,0,64895
0005266,65536,334,0,0,65202
0005267,65536,61923,0,0,3613
0005268,65536,59302,0,0,6234
0005269,65536,63605,0,0,1931
0005270,65536,45468,0,0,20068
0005271,65536,63092,0,0,2444
0005272,65536,28511,0,0,37025
0005273,65536,0,0,0,65536
0005274,65536,3107,0,0,62429
0005275,65536,57794,0,0,7742
0005276,65536,54772,0,0,10764
0005277,65536,50330,0,0,15206
0005278,65536,52898,0,0,12638
0005279,65536,16397,0,0,49139
0005280,65536,11554,0,0,53982
0005281,65536,36872,0,0,28664
0005282,65536,44256,0,21280,0
0005283,65536,60484,0,4154,898
0005284,65536,57067,0,0,8469
0005285,65536,63857,0,0,1679
0005286,65536,57140,0,4350,4046
0005287,65536,48632,0,0,16904
0005288,65536,27597,0,2910,35029
0005289,65536,62618,0,0,2918
0005290,65536,56906,0,8630,0
0005291,65536,8934,0,56602,0
0005292,65536,62508,0,3028,0
0005293,65536,62141,0,0,3395
0005294,65536,45851,0,0,19685
0005295,65536,6005,0,0,59531
0005296,65536,11052,0,0,54484
0005297,65536,29304,0,0,36232
0005298,65536,65410,0,0,126
0005299,65536,48131,0,0,17405
0005300,65536,26587,0,38949,0
0005301,65536,65098,0,438,0
0005302,65536,60635,0,4901,0
0005303,65536,59812,0,5724,0
0005304,65536,62668,0,0,2868
0005305,65536,62387,0,0,3149
0005306,65536,34193,0,0,31343
0005307,65536,32932,0,0,32604
0005308,65536,40377,0,25159,0
0005309,65536,50584,0,0,14952
0005310,65536,5442,0,60094,0
0005311,65536,16764,0,48772,0
0005312,65536,32361,0,33175,0
0005313,65536,33759,0,31777,0
0005314,65536,60824,0,0,4712
0005315,65536,64713,0,0,823
0005316,65536,58473,0,7063,0
0005317,65536,63996,0,0,1540
0005318,65536,64340,0,0,1196
0005319,65536,20198,45338,0,0
0005320,65536,45828,19708,0,0
0005321,65536,54995,10541,0,0
0005322,65536,41680,23856,0,0
0005323,65536,4542,60994,0,0
0005324,65536,0,65536,0,0
0005325,65536,250,65286,0,0
0005326,65536,2550,62986,0,0
0005327,65536,12517,53019,0,0
0005328,65536,18732,46804,0,0
0005329,65536,26783,38753,0,0
0005330,65536,44567,20969,0,0
0005331,65536,24552,40984,0,0
0005332,65536,12579,52957,0,0
0005333,65536,9413,56123,0,0
0005334,65536,1511,64025,0,0
0005335,65536,31577,33959,0,0
0005336,65536,6714,58822,0,0
0005337,65536,36489,29047,0,0
0005338,65536,3609,61927,0,0
0005339,65536,8913,56623,0,0
0005340,65536,0,65536,0,0
0005341,65536,93,65443,0,0
0005342,65536,43885,21651,0,0
0005343,65536,0,65536,0,0
0005344,65536,6766,58770,0,0
0005345,65536,13842,51694,0,0
0005346,65536,11459,54077,0,0
0005347,65536,0,65536,0,0
0005348,65536,0,65536,0,0
0005349,65536,10405,55131,0,0
0005350,65536,7633,57903,0,0
0005351,65536,56260,9276,0,0
0005352,65536,5366,60170,0,0
0005353,65536,3856,61680,0,0
0005354,65536,0,65536,0,0
0005355,65536,279,65257,0,0
0005356,65536,0,65536,0,0
0005357,65536,0,65536,0,0
0005358,65536,0,65536,0,0
0005359,65536,15509,50027,0,0
0005360,65536,3845,61691,0,0
0005361,65536,53610,11926,0,0
0005362,65536,0,65536,0,0
0005363,65536,858,64678,0,0
0005364,65536,0,65536,0,0
0005365,65536,2958,62578,0,0
0005366,65536,6725,58811,0,0
0005367,65536,593,64943,0,0
0005368,65536,43109,22427,0,0
0005369,65536,58178,7358,0,0
0005370,65536,54559,10977,0,0
0005371,65536,40683,24853,0,0
0005372,65536,60718,4818,0,0
0005373,65536,6538,58998,0,0
0005374,65536,70,65466,0,0
0005375,65536,12610,52926,0,0
0005376,65536,1403,64133,0,0
0005377,65536,1692,63844,0,0
0005378,65536,8407,57129,0,0
0005379,65536,2089,63447,0,0
0005380,65536,3615,61921,0,0
0005381,65536,0,65536,0,0
0005382,65536,2280,63256,0,0
0005383,65536,6799,58737,0,0
0005384,65536,2535,63001,0,0
0005385,65536,13193,52343,0,0
0005386,65536,45706,19830,0,0
0005387,65536,675,64861,0,0
0005388,65536,300,65236,0,0
0005389,65536,1953,63583,0,0
0005390,65536,13044,52492,0,0
0005391,65536,30645,34891,0,0
0005392,65536,24918,40618,0,0
0005393,65536,200,65336,0,0
0005394,65536,3401,62135,0,0
0005395,65536,10716,54820,0,0
0005396,65536,1542,63994,0,0
0005397,65536,2153,63383,0,0
0005398,65536,56,65480,0,0
0005399,65536,65486,50,0,0
0005400,65536,44711,20825,0,0
0005401,65536,7666,57870,0,0
0005402,65536,27351,38185,0,0
0005403,65536,45640,19896,0,0
0005404,65536,15968,49568,0,0
0005405,65536,7899,57637,0,0
0005406,65536,2507,63029,0,0
0005407,65536,19,65517,0,0
0005408,65536,2371,63165,0,0
0005409,65536,14,65522,0,0
0005410,65536,23536,42000,0,0
0005411,65536,4152,61384,0,0
0005412,65536,53231,12305,0,0
0005413,65536,13361,52175,0,0
0005414,65536,2999,62537,0,0
0005415,65536,3994,61542,0,0
0005416,65536,34465,31071,0,0
0005417,65536,3785,61751,0,0
0005418,65536,48286,17250,0,0
0005419,65536,64293,1243,0,0
0005420,65536,19261,46275,0,0
0005421,65536,24442,41094,0,0
0005422,65536,32883,32653,0,0
0005423,65536,50145,15391,0,0
0005424,65536,4018,61518,0,0
0005425,65536,19934,45602,0,0
0005426,65536,10270,55266,0,0
0005427,65536,4623,60913,0,0
0005428,65536,35292,30244,0,0
0005429,65536,15992,49544,0,0
0005430,65536,59788,5748,0,0
0005431,65536,57199,8337,0,0
0005432,65536,9705,55831,0,0
0005433,65536,3396,62140,0,0
0005434,65536,5,65531,0,0
0005435,65536,5,65531,0,0
0005436,65536,12261,53275,0,0
0005437,65536,36122,29414,0,0
0005438,65536,22003,43533,0,0
0005439,65536,51505,14031,0,0
0005440,65536,39098,26438,0,0
0005441,65536,45658,19878,0,0
0005442,65536,40973,24563,0,0
0005443,65536,62050,3486,0,0
0005444,65536,64270,1266,0,0
0005445,65536,64820,716,0,0
0005446,65536,19877,45659,0,0
0005447,65536,24560,40976,0,0
0005448,65536,55296,10240,0,0
0005449,65536,564,64972,0,0
0005450,65536,5950,59586,0,0
0005451,65536,35337,30199,0,0
0005452,65536,36442,29094,0,0
0005453,65536,9306,56230,0,0
0005454,65536,14073,51463,0,0
0005455,65536,39609,25927,0,0
0005456,65536,1155,64381,0,0
0005457,65536,50536,15000,0,0
0005458,65536,59791,5745,0,0
0005459,65536,11095,54441,0,0
0005460,65536,23602,0,41934,0
0005461,65536,50384,0,15152,0
0005462,65536,65230,0,306,0
0005463,65536,57030,0,8506,0
0005464,65536,35054,0,30482,0
0005465,65536,64008,0,0,1528
0005466,65536,64369,0,0,1167
0005467,65536,61684,0,3852,0
0005468,65536,65006,0,530,0
0005469,65536,63867,0,1669,0
0005470,65536,63275,0,0,2261
0005471,65536,64886,0,0,650
0005472,65536,34541,0,0,30995
0005473,65536,49006,0,0,16530
0005474,65536,64094,0,1442,0
0005475,65536,56318,0,0,9218
0005476,65536,62144,0,0,3392
0005477,65536,0,0,65536,0
0005478,65536,34376,0,31160,0
0005479,65536,53431,0,12105,0
0005480,65536,53803,0,11733,0
0005481,65536,6347,0,59189,0
0005482,65536,57840,0,0,7696
0005483,65536,39421,0,26115,0
0005484,65536,5204,0,60332,0
0005485,65536,63333,0,2203,0
0005486,65536,63267,0,2269,0
0005487,65536,64472,0,1064,0
0005488,65536,43643,0,21893,0
0005489,65536,137,0,65399,0
0005490,65536,58649,0,6887,0
0005491,65536,53543,0,11993,0
0005492,65536,25488,0,40048,0
0005493,65536,38209,0,27327,0
0005494,65536,59190,0,0,6346
0005495,65536,37686,0,27850,0
0005496,65536,48651,0,0,16885
0005497,65536,41387,0,0,24149
0005498,65536,44005,0,0,21531
0005499,65536,20525,0,0,45011
0005500,65536,4927,0,0,60609
0005501,65536,31591,0,0,33945
0005502,65536,56519,0,0,9017
0005503,65536,54986,0,10550,0
0005504,65536,5021,0,0,60515
0005505,65536,13891,0,0,51645
0005506,65536,65270,0,266,0
0005507,65536,64043,0,1493,0
0005508,65536,11000,0,54536,0
0005509,65536,51753,0,120,13663
0005510,65536,41500,0,11,24025
0005511,65536,0,0,65536,0
0005512,65536,43620,0,21916,0
0005513,65536,47267,0,18269,0
0005514,65536,24168,0,41368,0
0005515,65536,42011,0,23525,0
0005516,65536,37478,0,28058,0
0005517,65536,53842,0,11694,0
0005518,65536,55108,0,10428,0
0005519,65536,35817,0,29719,0
0005520,65536,28187,0,37349,0
0005521,65536,59907,0,0,5629
0005522,65536,57274,0,4299,3963
0005523,65536,0,0,65536,0
0005524,65536,0,0,65536,0
0005525,65536,5858,0,59678,0
0005526,65536,21142,0,44394,0
0005527,65536,57534,0,8002,0
0005528,65536,56491,0,9045,0
0005529,65536,26371,0,39165,0
0005530,65536,48558,0,16978,0
0005531,65536,64671,0,865,0
0005532,65536,50204,0,15332,0
0005533,65536,57716,0,0,7820
0005534,65536,63372,0,2164,0
0005535,65536,18567,0,46969,0
0005536,65536,57158,0,8378,0
0005537,65536,24070,0,41466,0
0005538,65536,21263,0,44273,0
0005539,65536,58341,0,7195,0
0005540,65536,54463,0,11073,0
0005541,65536,56419,0,9117,0
0005542,65536,15069,0,50467,0
0005543,65536,64791,0,0,745
0005544,65536,42791,0,22745,0
0005545,65536,59773,0,0,5763
0005546,65536,0,0,65536,0
0005547,65536,54639,0,0,10897
0005548,65536,9269,0,56267,0
0005549,65536,45717,0,19819,0
0005550,65536,0,0,65536,0
0005551,65536,54511,0,11025,0
0005552,65536,57499,0,0,8037
0005553,65536,10505,0,55031,0
0005554,65536,46826,0,0,18710
0005555,65536,3415,0,62121,0
0005556,65536,54350,0,11186,0
0005557,65536,12444,0,53092,0
0005558,65536,0,0,65536,0
0005559,65536,49334,0,16202,0
0005560,65536,31402,0,0,34134
0005561,65536,1511,0,64025,0
0005562,65536,51295,0,8970,5271
0005563,65536,46547,0,18989,0
0005564,65536,56464,0,9072,0
0005565,65536,7390,0,58146,0
0005566,65536,0,0,65536,0
0005567,65536,0,0,65536,0
0005568,65536,6110,0,59426,0
0005569,65536,49248,0,3318,12970
0005570,65536,63748,0,0,1788
0005571,65536,38136,0,0,27400
0005572,65536,65095,0,0,441
0005573,65536,59983,0,0,5553
0005574,65536,35613,0,0,29923
0005575,65536,16145,0,0,49391
0005576,65536,58605,0,3407,3524
0005577,65536,64884,0,357,295
0005578,65536,7283,0,0,58253
0005579,65536,3304,0,0,62232
0005580,65536,58119,0,7417,0
0005581,65536,62070,0,0,3466
0005582,65536,50948,0,0,14588
0005583,65536,53278,0,12258,0
0005584,65536,2930,0,62606,0
0005585,65536,13269,0,52267,0
0005586,65536,10960,0,54576,0
0005587,65536,0,0,65536,0
0005588,65536,0,0,65536,0
0005589,65536,5128,0,60408,0
0005590,65536,59270,0,5719,547
0005591,65536,60353,0,5183,0
0005592,65536,0,0,65536,0
0005593,65536,0,0,65536,0
0005594,65536,0,0,65536,0
0005595,65536,13075,0,52461,0
0005596,65536,36852,0,28684,0
0005597,65536,23760,0,41776,0
0005598,65536,57631,0,7905,0
0005599,65536,54373,0,11163,0
0005600,65536,890,0,64646,0
0005601,65536,23222,0,42314,0
0005602,65536,0,0,65536,0
0005603,65536,0,0,65536,0
0005604,65536,0,0,65536,0
0005605,65536,14105,0,51431,0
0005606,65536,31315,0,34221,0
0005607,65536,65184,0,352,0
0005608,65536,0,0,65536,0
0005609,65536,0,0,65536,0
0005610,65536,25973,0,39563,0
0005611,65536,1175,0,64361,0
0005612,65536,63077,0,2459,0
0005613,65536,0,0,65536,0
0005614,65536,0,0,65536,0
0005615,65536,0,0,65536,0
0005616,65536,0,0,65536,0
0005617,65536,0,0,65536,0
0005618,65536,16821,0,48715,0
0005619,65536,54892,0,10644,0
0005620,65536,0,0,65536,0
0005621,65536,0,0,65536,0
0005622,65536,14894,0,50642,0
0005623,65536,65255,0,281,0
0005624,65536,56918,0,8618,0
0005625,65536,0,0,65536,0
0005626,65536,0,0,65536,0
0005627,65536,0,0,65536,0
0005628,65536,0,0,65536,0
0005629,65536,0,0,65536,0
0005630,65536,0,0,65536,0
0005631,65536,43213,0,22323,0
0005632,65536,49405,0,16131,0
0005633,65536,48771,0,10051,6714
0005634,65536,41742,0,0,23794
0005635,65536,0,0,65536,0
0005636,65536,0,0,65536,0
0005637,65536,41172,0,0,24364
0005638,65536,48337,0,0,17199
0005639,65536,12658,0,0,52878
0005640,65536,15121,0,0,50415
0005641,65536,64100,0,0,1436
0005642,65536,38060,0,27476,0
0005643,65536,6561,0,58975,0
0005644,65536,11554,0,53982,0
0005645,65536,33574,0,31962,0
0005646,65536,64204,0,1332,0
0005647,65536,61917,0,0,3619
0005648,65536,29018,0,0,36518
0005649,65536,37888,0,0,27648
0005650,65536,29756,0,0,35780
0005651,65536,31772,0,0,33764
0005652,65536,51000,0,0,14536
0005653,65536,45778,0,0,19758
0005654,65536,53178,0,813,11545
0005655,65536,33332,0,32204,0
0005656,65536,65032,0,0,504
0005657,65536,27385,0,38151,0
0005658,65536,53321,0,996,11219
0005659,65536,437,0,65099,0
0005660,65536,41028,0,24508,0
0005661,65536,62745,0,0,2791
0005662,65536,63891,0,0,1645
0005663,65536,48654,0,0,16882
0005664,65536,0,0,0,65536
0005665,65536,0,0,0,65536
0005666,65536,0,0,0,65536
0005667,65536,40682,0,0,24854
0005668,65536,3418,0,0,62118
0005669,65536,0,0,0,65536
0005670,65536,3515,0,0,62021
0005671,65536,34169,0,0,31367
0005672,65536,4184,0,0,61352
0005673,65536,389,0,0,65147
0005674,65536,38773,0,0,26763
0005675,65536,27730,0,0,37806
0005676,65536,15122,0,0,50414
0005677,65536,5795,0,0,59741
0005678,65536,49334,0,0,16202
0005679,65536,23148,0,0,42388
0005680,65536,34653,0,0,30883
0005681,65536,65402,0,0,134
0005682,65536,55902,0,0,9634
0005683,65536,13846,0,0,51690
0005684,65536,64524,0,0,1012
0005685,65536,41487,0,0,24049
0005686,65536,60794,0,0,4742
0005687,65536,61151,0,0,4385
0005688,65536,60028,0,0,5508
0005689,65536,0,0,0,65536
0005690,65536,0,0,0,65536
0005691,65536,0,0,0,65536
0005692,65536,0,0,0,65536
0005693,65536,617,0,0,64919
0005694,65536,65152,0,0,384
0005695,65536,34572,0,0,30964
0005696,65536,64218,0,0,1318
0005697,65536,63832,0,0,1704
0005698,65536,19027,0,0,46509
0005699,65536,567,0,0,64969
0005700,65536,55844,0,0,9692
0005701,65536,54606,0,0,10930
0005702,65536,64905,0,0,631
0005703,65536,25185,0,0,40351
0005704,65536,0,0,0,65536
0005705,65536,0,0,0,65536
0005706,65536,0,0,0,65536
0005707,65536,0,0,0,65536
0005708,65536,23367,0,0,42169
0005709,65536,41132,0,0,24404
0005710,65536,2320,0,0,63216
0005711,65536,0,0,0,65536
0005712,65536,595,0,0,64941
0005713,65536,12197,0,0,53339
0005714,65536,62777,0,0,2759
0005715,65536,63224,0,0,2312
0005716,65536,64458,0,1078,0
0005717,65536,63457,0,2079,0
0005718,65536,62598,0,0,2938
0005719,65536,57228,0,0,8308
0005720,65536,65513,0,0,23
0005721,65536,62433,0,0,3103
0005722,65536,38899,0,0,26637
0005723,65536,61245,0,0,4291
0005724,65536,59630,0,5906,0
0005725,65536,58706,0,6830,0
0005726,65536,58425,0,0,7111
0005727,65536,55563,0,0,9973
0005728,65536,58558,0,0,6978
0005729,65536,6456,0,0,59080
0005730,65536,57425,0,0,8111
0005731,65536,56907,0,0,8629
0005732,65536,63092,0,2444,0
0005733,65536,53029,0,12507,0
0005734,65536,64661,0,0,875
0005735,65536,54797,0,0,10739
0005736,65536,53952,0,0,11584
0005737,65536,25313,0,0,40223
0005738,65536,61310,0,4226,0
0005739,65536,62747,0,2789,0
0005740,65536,45994,0,0,19542
0005741,65536,42706,0,0,22830
0005742,65536,65518,0,0,18
0005743,65536,61124,0,4412,0
0005744,65536,18118,0,47418,0
0005745,65536,28144,0,37392,0
0005746,65536,0,0,65536,0
0005747,65536,0,0,65536,0
0005748,65536,0,0,65536,0
0005749,65536,1990,0,63546,0
0005750,65536,0,0,65536,0
0005751,65536,0,0,65536,0
0005752,65536,0,0,65536,0
0005753,65536,1260,0,64276,0
0005754,65536,0,0,65536,0
0005755,65536,0,0,65536,0
0005756,65536,0,0,65536,0
0005757,65536,0,0,65536,0
0005758,65536,19017,0,46519,0
0005759,65536,0,0,65536,0
0005760,65536,0,0,65536,0
0005761,65536,0,0,65536,0
0005762,65536,0,0,65536,0
0005763,65536,0,0,65536,0
0005764,65536,22965,0,42571,0
0005765,65536,0,0,65536,0
0005766,65536,0,0,65536,0
0005767,65536,8233,0,57303,0
0005768,65536,0,0,65536,0
0005769,65536,0,0,65536,0
0005770,65536,0,0,65536,0
0005771,65536,0,0,65536,0
0005772,65536,0,0,65536,0
0005773,65536,0,0,65536,0
0005774,65536,0,0,65536,0
0005775,65536,0,0,65536,0
0005776,65536,1585,0,63951,0
0005777,65536,0,0,65536,0
0005778,65536,69,0,65467,0
0005779,65536,5432,0,60104,0
0005780,65536,0,0,65536,0
0005781,65536,0,0,65536,0
0005782,65536,0,0,65536,0
0005783,65536,0,0,65536,0
0005784,65536,0,0,65536,0
0005785,65536,0,0,65536,0
0005786,65536,38021,0,27515,0
0005787,65536,14598,0,50938,0
0005788,65536,5255,0,60281,0
0005789,65536,370,0,65166,0
0005790,65536,26768,0,38768,0
0005791,65536,65416,0,120,0
0005792,65536,26394,0,39142,0
0005793,65536,0,0,65536,0
0005794,65536,22370,0,43166,0
0005795,65536,2103,0,63433,0
0005796,65536,22299,0,43237,0
0005797,65536,14222,0,51314,0
0005798,65536,18542,0,46994,0
0005799,65536,7092,0,58444,0
0005800,65536,5801,0,59735,0
0005801,65536,22909,0,42627,0
0005802,65536,61633,0,3903,0
0005803,65536,10128,0,55408,0
0005804,65536,0,0,65536,0
0005805,65536,29235,0,36301,0
0005806,65536,46582,0,18954,0
0005807,65536,56461,0,9075,0
0005808,65536,0,0,65536,0
0005809,65536,0,0,65536,0
0005810,65536,19531,0,46005,0
0005811,65536,6807,0,58729,0
0005812,65536,53326,0,12210,0
0005813,65536,47075,0,18461,0
0005814,65536,63031,0,2505,0
0005815,65536,0,0,65536,0
0005816,65536,5208,0,60328,0
0005817,65536,876,0,64660,0
0005818,65536,48325,0,17211,0
0005819,65536,39224,0,26312,0
0005820,65536,46004,0,19532,0
0005821,65536,19541,0,45995,0
0005822,65536,0,0,65536,0
0005823,65536,12859,0,52677,0
0005824,65536,64081,0,1455,0
0005825,65536,2125,0,63411,0
0005826,65536,0,0,65536,0
0005827,65536,57778,0,7758,0
0005828,65536,55043,0,10493,0
0005829,65536,4036,0,61500,0
0005830,65536,0,0,65536,0
0005831,65536,1465,0,64071,0
0005832,65536,0,0,65536,0
0005833,65536,14739,0,50797,0
0005834,65536,12752,0,52784,0
0005835,65536,40511,0,25025,0
0005836,65536,15,0,65521,0
0005837,65536,38840,0,26696,0
0005838,65536,59587,0,5949,0
0005839,65536,2677,0,62859,0
0005840,65536,0,0,65536,0
0005841,65536,0,0,65536,0
0005842,65536,42811,0,22725,0
0005843,65536,0,0,65536,0
0005844,65536,0,0,65536,0
0005845,65536,0,0,65536,0
0005846,65536,0,0,65536,0
0005847,65536,0,0,65536,0
0005848,65536,10375,0,55161,0
0005849,65536,59051,0,6485,0
0005850,65536,12289,0,53247,0
0005851,65536,35453,0,30083,0
0005852,65536,57065,0,8471,0
0005853,65536,59387,0,6149,0
0005854,65536,1171,0,64365,0
0005855,65536,0,0,65536,0
0005856,65536,0,0,65536,0
0005857,65536,54750,0,10786,0
0005858,65536,42339,0,23197,0
0005859,65536,63145,0,2391,0
0005860,65536,11833,0,53703,0
0005861,65536,14182,0,51354,0
0005862,65536,24276,0,41260,0
0005863,65536,37542,0,27994,0
0005864,65536,16062,0,49474,0
0005865,65536,0,0,65536,0
0005866,65536,0,0,65536,0
0005867,65536,26590,0,38946,0
0005868,65536,62431,0,3105,0
0005869,65536,33108,0,32428,0
0005870,65536,2654,0,62882,0
0005871,65536,2827,0,62709,0
0005872,65536,4454,0,61082,0
0005873,65536,1462,0,64074,0
0005874,65536,0,0,65536,0
0005875,65536,0,0,65536,0
0005876,65536,21806,0,43730,0
0005877,65536,2816,0,62720,0
0005878,65536,35102,0,30434,0
0005879,65536,0,0,65536,0
0005880,65536,0,0,65536,0
0005881,65536,0,0,65536,0
0005882,65536,0,0,65536,0
0005883,65536,0,0,65536,0
0005884,65536,0,0,65536,0
0005885,65536,33539,0,31997,0
0005886,65536,3699,0,61837,0
0005887,65536,0,0,65536,0
0005888,65536,0,0,65536,0
0005889,65536,0,0,65536,0
0005890,65536,0,0,65536,0
0005891,65536,0,0,65536,0
0005892,65536,0,0,65536,0
0005893,65536,0,0,65536,0
0005894,65536,0,0,65536,0
0005895,65536,0,0,65536,0
0005896,65536,0,0,65536,0
0005897,65536,0,0,65536,0
0005898,65536,2400,0,63136,0
0005899,65536,63282,0,2254,0
0005900,65536,0,0,65536,0
0005901,65536,0,0,65536,0
0005902,65536,0,0,65536,0
0005903,65536,62886,0,2650,0
0005904,65536,16538,0,48998,0
0005905,65536,0,0,65536,0
0005906,65536,0,0,65536,0
0005907,65536,0,0,65536,0
0005908,65536,0,0,65536,0
0005909,65536,1511,0,64025,0
0005910,65536,0,0,65536,0
0005911,65536,0,0,65536,0
0005912,65536,0,0,65536,0
0005913,65536,0,0,65536,0
0005914,65536,0,0,65536,0
0005915,65536,0,0,65536,0
0005916,65536,21002,0,44534,0
0005917,65536,39553,0,25983,0
0005918,65536,0,0,65536,0
0005919,65536,61598,0,3938,0
0005920,65536,11575,0,53961,0
0005921,65536,0,0,65536,0
0005922,65536,0,0,65536,0
0005923,65536,0,0,65536,0
0005924,65536,0,0,65536,0
0005925,65536,31986,0,33550,0
0005926,65536,0,0,65536,0
0005927,65536,0,0,65536,0
0005928,65536,0,0,65536,0
0005929,65536,0,0,65536,0
0005930,65536,0,0,65536,0
0005931,65536,0,0,65536,0
0005932,65536,64874,0,662,0
0005933,65536,35601,0,29935,0
0005934,65536,1829,0,63707,0
0005935,65536,51720,0,13816,0
0005936,65536,48609,0,16927,0
0005937,65536,40242,0,25294,0
0005938,65536,0,0,65536,0
0005939,65536,34314,0,31222,0
0005940,65536,44603,0,20933,0
0005941,65536,10004,0,55532,0
0005942,65536,7544,0,57992,0
0005943,65536,0,0,65536,0
0005944,65536,23,0,65513,0
0005945,65536,0,0,65536,0
0005946,65536,14010,0,51526,0
0005947,65536,0,0,65536,0
0005948,65536,61129,0,4407,0
0005949,65536,21069,0,44467,0
0005950,65536,56307,0,9229,0
0005951,65536,60376,0,5160,0
0005952,65536,60841,0,4695,0
0005953,65536,57762,0,7774,0
0005954,65536,54366,0,11170,0
0005955,65536,51904,0,13632,0
0005956,65536,43717,0,21819,0
0005957,65536,57670,0,7866,0
0005958,65536,44923,0,20613,0
0005959,65536,65468,0,68,0
0005960,65536,29033,0,36503,0
0005961,65536,0,0,65536,0
0005962,65536,62809,0,2727,0
0005963,65536,23831,0,41705,0
0005964,65536,62965,0,2571,0
0005965,65536,6735,0,58801,0
0005966,65536,270,0,65266,0
0005967,65536,15685,0,49851,0
0005968,65536,37060,0,28476,0
0005969,65536,56886,0,8650,0
0005970,65536,1017,0,64519,0
0005971,65536,0,0,65536,0
0005972,65536,20742,0,44794,0
0005973,65536,49633,0,15903,0
0005974,65536,53958,0,11578,0
0005975,65536,3151,0,62385,0
0005976,65536,7705,0,57831,0
0005977,65536,61857,0,3679,0
0005978,65536,55884,0,9652,0
0005979,65536,60096,0,5440,0
0005980,65536,49258,0,16278,0
0005981,65536,55784,0,9752,0
0005982,65536,63930,0,1606,0
0005983,65536,55949,0,9587,0
0005984,65536,15520,0,50016,0
0005985,65536,0,0,65536,0
0005986,65536,0,0,65536,0
0005987,65536,23516,0,42020,0
0005988,65536,9100,0,56436,0
0005989,65536,1652,0,63884,0
0005990,65536,0,0,65536,0
0005991,65536,35713,0,29823,0
0005992,65536,16158,0,49378,0
0005993,65536,25451,0,40085,0
0005994,65536,2129,0,63407,0
0005995,65536,0,0,65536,0
0005996,65536,0,0,65536,0
0005997,65536,49927,0,15609,0
0005998,65536,35878,0,29658,0
0005999,65536,0,0,65536,0
0006000,65536,52107,0,13429,0
0006001,65536,65372,0,164,0
0006002,65536,65519,0,17,0
0006003,65536,35454,0,30082,0
0006004,65536,0,0,65536,0
0006005,65536,0,0,65536,0
0006006,65536,0,0,65536,0
0006007,65536,0,0,65536,0
0006008,65536,0,0,65536,0
0006009,65536,9849,0,55687,0
0006010,65536,2734,0,62802,0
0006011,65536,0,0,65536,0
0006012,65536,63937,0,1599,0
0006013,65536,0,0,65536,0
0006014,65536,19710,0,45826,0
0006015,65536,37725,0,27811,0
0006016,65536,0,0,65536,0
0006017,65536,57944,0,7592,0
0006018,65536,43441,0,22095,0
0006019,65536,0,0,65536,0
0006020,65536,5288,0,60248,0
0006021,65536,20866,0,44670,0
0006022,65536,0,0,65536,0
0006023,65536,0,0,65536,0
0006024,65536,0,0,65536,0
0006025,65536,0,0,65536,0
0006026,65536,0,0,65536,0
0006027,65536,0,0,65536,0
0006028,65536,0,0,65536,0
0006029,65536,6739,0,58797,0
0006030,65536,6484,0,59052,0
0006031,65536,0,0,65536,0
0006032,65536,0,0,65536,0
0006033,65536,0,0,65536,0
0006034,65536,0,0,65536,0
0006035,65536,0,0,65536,0
0006036,65536,0,0,65536,0
0006037,65536,0,0,65536,0
0006038,65536,0,0,65536,0
0006039,65536,0,0,65536,0
0006040,65536,0,0,65536,0
0006041,65536,0,0,65536,0
0006042,65536,0,0,65536,0
0006043,65536,0,0,65536,0
0006044,65536,0,0,65536,0
0006045,65536,0,0,65536,0
0006046,65536,0,0,65536,0
0006047,65536,0,0,65536,0
0006048,65536,0,0,65536,0
0006049,65536,0,0,65536,0
0006050,65536,0,0,65536,0
0006051,65536,0,0,65536,0
0006052,65536,0,0,65536,0
0006053,65536,0,0,65536,0
0006054,65536,0,0,65536,0
0006055,65536,0,0,65536,0
0006056,65536,0,0,65536,0
0006057,65536,0,0,65536,0
0006058,65536,0,0,65536,0
0006059,65536,0,0,65536,0
0006060,65536,0,0,65536,0
0006061,65536,0,0,65536,0
0006062,65536,0,0,65536,0
0006063,65536,0,0,65536,0
0006064,65536,0,0,65536,0
0006065,65536,0,0,65536,0
0006066,65536,0,0,65536,0
0006067,65536,0,0,65536,0
0006068,65536,0,0,65536,0
0006069,65536,0,0,65536,0
0006070,65536,0,0,65536,0
0006071,65536,0,0,65536,0
0006072,65536,0,0,65536,0
0006073,65536,0,0,65536,0
0006074,65536,0,0,65536,0
0006075,65536,0,0,65536,0
0006076,65536,0,0,65536,0
0006077,65536,5842,0,59694,0
0006078,65536,376,0,65160,0
0006079,65536,0,0,65536,0
0006080,65536,0,0,65536,0
0006081,65536,968,0,64568,0
0006082,65536,61051,0,4485,0
0006083,65536,415,0,65121,0
0006084,65536,31440,0,34096,0
0006085,65536,33804,0,31732,0
0006086,65536,16476,0,49060,0
0006087,65536,36744,0,28792,0
0006088,65536,49576,0,15960,0
0006089,65536,9202,0,56334,0
0006090,65536,5399,0,60137,0
0006091,65536,63388,0,2148,0
0006092,65536,7098,0,58438,0
0006093,65536,62419,0,3117,0
0006094,65536,65451,0,85,0
0006095,65536,46513,0,19023,0
0006096,65536,65377,0,159,0
0006097,65536,62829,0,2707,0
0006098,65536,58274,0,7262,0
0006099,65536,55522,0,10014,0
0006100,65536,48808,0,16728,0
0006101,65536,55471,0,10065,0
0006102,65536,60263,0,5273,0
0006103,65536,52575,0,12961,0
0006104,65536,56063,0,9473,0
0006105,65536,60029,0,5507,0
0006106,65536,63434,0,2102,0
0006107,65536,46911,0,18625,0
0006108,65536,37073,0,28463,0
0006109,65536,26428,0,39108,0
0006110,65536,59073,0,6463,0
0006111,65536,28005,0,37531,0
0006112,65536,65499,0,37,0
0006113,65536,38799,0,26737,0
0006114,65536,56322,0,9214,0
0006115,65536,15084,0,50452,0
0006116,65536,44096,0,21440,0
0006117,65536,56700,0,8836,0
0006118,65536,59823,0,5713,0
0006119,65536,62889,0,2647,0
0006120,65536,54890,0,10646,0
0006121,65536,58482,0,7054,0
0006122,65536,57379,0,8157,0
0006123,65536,47428,0,18108,0
0006124,65536,26738,0,38798,0
0006125,65536,46688,0,18848,0
0006126,65536,39320,0,26216,0
0006127,65536,42501,0,23035,0
0006128,65536,47502,0,18034,0
0006129,65536,44555,0,20981,0
0006130,65536,47528,0,18008,0
0006131,65536,62434,0,3102,0
0006132,65536,57681,0,7855,0
0006133,65536,49817,0,15719,0
0006134,65536,63983,0,1553,0
0006135,65536,55331,0,10205,0
0006136,65536,65422,0,114,0
0006137,65536,38815,0,26721,0
0006138,65536,18384,0,47152,0
0006139,65536,60617,0,4919,0
0006140,65536,65511,0,25,0
0006141,65536,58964,0,6572,0
0006142,65536,60120,0,0,5416
0006143,65536,44833,0,20703,0
0006144,65536,57008,0,8528,0
0006145,65536,63538,0,1998,0
0006146,65536,25025,0,40511,0
0006147,65536,8266,0,57270,0
0006148,65536,60063,0,5473,0
0006149,65536,61377,0,4159,0
0006150,65536,50381,0,15155,0
0006151,65536,61366,0,4170,0
0006152,65536,51136,0,3652,10748
0006153,65536,65460,0,76,0
0006154,65536,20300,0,45236,0
0006155,65536,59749,0,5787,0
0006156,65536,65362,0,174,0
0006157,65536,53627,0,11909,0
0006158,65536,18711,0,46825,0
0006159,65536,63183,0,2353,0
0006160,65536,51589,0,13947,0
0006161,65536,62790,0,2746,0
0006162,65536,53785,0,11751,0
0006163,65536,62287,0,3249,0
0006164,65536,23257,0,42279,0
0006165,65536,65191,0,345,0
0006166,65536,60205,0,5331,0
0006167,65536,62966,0,2570,0
0006168,65536,63260,0,2276,0
0006169,65536,41296,0,24240,0
0006170,65536,55196,0,10340,0
0006171,65536,44706,0,20830,0
0006172,65536,49175,0,16361,0
0006173,65536,39309,0,26227,0
0006174,65536,40019,0,25517,0
0006175,65536,63359,0,2177,0
0006176,65536,54060,0,11476,0
0006177,65536,62740,0,2796,0
0006178,65536,65258,0,278,0
0006179,65536,58560,0,6976,0
0006180,65536,58230,0,7306,0
0006181,65536,59045,0,6491,0
0006182,65536,34468,0,31068,0
0006183,65536,35701,0,29835,0
0006184,65536,35100,0,30436,0
0006185,65536,64156,0,1380,0
0006186,65536,62703,0,2833,0
0006187,65536,53800,0,11736,0
0006188,65536,50408,0,15128,0
0006189,65536,50367,0,15169,0
0006190,65536,55770,0,9766,0
0006191,65536,55194,0,10342,0
0006192,65536,43177,0,22359,0
0006193,65536,59327,0,6209,0
0006194,65536,48057,0,17479,0
0006195,65536,50570,0,14966,0
0006196,65536,52997,0,12539,0
0006197,65536,65352,0,184,0
0006198,65536,60971,0,4565,0
0006199,65536,64035,0,1501,0
0006200,65536,61724,0,3812,0
0006201,65536,51888,0,13648,0
0006202,65536,63632,0,1904,0
0006203,65536,44606,0,20930,0
0006204,65536,30990,0,34546,0
0006205,65536,33872,0,31664,0
0006206,65536,62274,0,3262,0
0006207,65536,24942,0,40594,0
0006208,65536,37292,0,28244,0
0006209,65536,54472,0,11064,0
0006210,65536,59233,0,6303,0
0006211,65536,57530,0,8006,0
0006212,65536,54172,0,11364,0
0006213,65536,61471,0,4065,0
0006214,65536,9665,0,55871,0
0006215,65536,53820,0,11716,0
0006216,65536,58042,0,7494,0
0006217,65536,45646,0,19890,0
0006218,65536,61807,0,3729,0
0006219,65536,53191,0,12345,0
0006220,65536,45084,0,20452,0
0006221,65536,54887,0,10649,0
0006222,65536,65064,0,472,0
0006223,65536,53768,0,11768,0
0006224,65536,43218,0,22318,0
0006225,65536,31655,0,33881,0
0006226,65536,36614,0,28922,0
0006227,65536,49818,0,15718,0
0006228,65536,60733,0,4803,0
0006229,65536,54660,0,10876,0
0006230,65536,58314,0,7222,0
0006231,65536,65499,0,37,0
0006232,65536,61210,0,4326,0
0006233,65536,62738,0,2798,0
0006234,65536,27354,0,38182,0
0006235,65536,53447,0,12089,0
0006236,65536,58851,0,6685,0
0006237,65536,46310,0,19226,0
0006238,65536,44551,0,20985,0
0006239,65536,45296,0,20240,0
0006240,65536,63288,0,2248,0
0006241,65536,55603,0,9933,0
0006242,65536,61084,0,4452,0
0006243,65536,46751,0,18785,0
0006244,65536,45519,0,20017,0
0006245,65536,43854,0,21682,0
0006246,65536,52385,0,13151,0
0006247,65536,40464,0,25072,0
0006248,65536,56524,0,9012,0
0006249,65536,45433,0,20103,0
0006250,65536,23924,0,41612,0
0006251,65536,41162,0,24374,0
0006252,65536,51370,0,14166,0
0006253,65536,54120,0,11416,0
0006254,65536,65375,0,161,0
0006255,65536,65474,0,62,0
0006256,65536,45465,0,20071,0
0006257,65536,39135,0,26401,0
0006258,65536,50716,0,14820,0
0006259,65536,21197,0,44339,0
0006260,65536,62847,0,2689,0
0006261,65536,0,0,0,65536
0006262,65536,0,0,0,65536
0006263,65536,0,0,0,65536
0006264,65536,11621,0,0,53915
0006265,65536,60532,0,0,5004
0006266,65536,0,0,0,65536
0006267,65536,0,0,0,65536
0006268,65536,0,0,0,65536
0006269,65536,307,0,0,65229
0006270,65536,0,0,0,65536
0006271,65536,0,0,0,65536
0006272,65536,0,0,0,65536
0006273,65536,266,0,0,65270
0006274,65536,25585,0,0,39951
0006275,65536,0,0,0,65536
0006276,65536,3244,0,0,62292
0006277,65536,0,0,0,65536
0006278,65536,0,0,0,65536
0006279,65536,0,0,0,65536
0006280,65536,0,0,0,65536
0006281,65536,0,0,0,65536
0006282,65536,0,0,0,65536
0006283,65536,0,0,0,65536
0006284,65536,0,0,0,65536
0006285,65536,0,0,0,65536
0006286,65536,0,0,0,65536
0006287,65536,0,0,0,65536
0006288,65536,0,0,0,65536
0006289,65536,0,0,0,65536
0006290,65536,441,0,0,65095
0006291,65536,0,0,0,65536
0006292,65536,1239,0,0,64297
0006293,65536,0,0,0,65536
0006294,65536,0,0,0,65536
0006295,65536,0,0,0,65536
0006296,65536,0,0,0,65536
0006297,65536,0,0,0,65536
0006298,65536,0,0,0,65536
0006299,65536,0,0,0,65536
0006300,65536,0,0,0,65536
0006301,65536,0,0,0,65536
0006302,65536,40407,0,0,25129
0006303,65536,0,0,0,65536
0006304,65536,0,0,0,65536
0006305,65536,1133,0,0,64403
0006306,65536,0,0,0,65536
0006307,65536,0,0,0,65536
0006308,65536,0,0,0,65536
0006309,65536,0,0,0,65536
0006310,65536,0,0,0,65536
0006311,65536,0,0,0,65536
0006312,65536,0,0,0,65536
0006313,65536,0,0,0,65536
0006314,65536,0,0,0,65536
0006315,65536,0,0,0,65536
0006316,65536,0,0,0,65536
0006317,65536,2128,0,0,63408
0006318,65536,0,0,0,65536
0006319,65536,37093,0,0,28443
0006320,65536,0,0,0,65536
0006321,65536,0,0,0,65536
0006322,65536,0,0,0,65536
0006323,65536,0,0,0,65536
0006324,65536,0,0,0,65536
0006325,65536,0,0,0,65536
0006326,65536,12,0,0,65524
0006327,65536,0,0,0,65536
0006328,65536,0,0,0,65536
0006329,65536,0,0,0,65536
0006330,65536,7105,0,0,58431
0006331,65536,0,0,0,65536
0006332,65536,0,0,0,65536
0006333,65536,0,0,0,65536
0006334,65536,26358,0,0,39178
0006335,65536,0,0,0,65536
0006336,65536,0,0,0,65536
0006337,65536,0,0,0,65536
0006338,65536,0,0,0,65536
0006339,65536,338,0,0,65198
0006340,65536,0,0,0,65536
0006341,65536,0,0,0,65536
0006342,65536,0,0,0,65536
0006343,65536,0,0,0,65536
0006344,65536,0,0,0,65536
0006345,65536,0,0,0,65536
0006346,65536,0,0,0,65536
0006347,65536,0,0,0,65536
0006348,65536,62225,0,0,3311
0006349,65536,6010,0,0,59526
0006350,65536,0,0,0,65536
0006351,65536,0,0,0,65536
0006352,65536,0,0,0,65536
0006353,65536,0,0,0,65536
0006354,65536,29760,0,0,35776
0006355,65536,62348,0,0,3188
0006356,65536,0,0,0,65536
0006357,65536,51537,0,13999,0
0006358,65536,59594,0,5942,0
0006359,65536,1656,0,0,63880
0006360,65536,753,0,0,64783
0006361,65536,0,0,0,65536
0006362,65536,0,0,0,65536
0006363,65536,0,0,0,65536
0006364,65536,0,0,0,65536
0006365,65536,0,0,0,65536
0006366,65536,0,0,0,65536
0006367,65536,0,0,0,65536
0006368,65536,0,0,0,65536
0006369,65536,0,0,0,65536
0006370,65536,0,0,0,65536
0006371,65536,31887,0,0,33649
0006372,65536,0,0,0,65536
0006373,65536,0,0,0,65536
0006374,65536,0,0,0,65536
0006375,65536,0,0,0,65536
0006376,65536,0,0,0,65536
0006377,65536,0,0,0,65536
0006378,65536,0,0,0,65536
0006379,65536,0,0,0,65536
0006380,65536,0,0,0,65536
0006381,65536,54402,0,0,11134
0006382,65536,0,0,0,65536
0006383,65536,0,0,0,65536
0006384,65536,188,0,0,65348
0006385,65536,0,0,0,65536
0006386,65536,0,0,0,65536
0006387,65536,0,0,0,65536
0006388,65536,0,0,0,65536
0006389,65536,0,0,0,65536
0006390,65536,59838,0,0,5698
0006391,65536,0,0,0,65536
0006392,65536,0,0,0,65536
0006393,65536,0,0,0,65536
0006394,65536,729,0,0,64807
0006395,65536,285,0,0,65251
0006396,65536,0,0,0,65536
0006397,65536,0,0,0,65536
0006398,65536,0,0,0,65536
0006399,65536,0,0,0,65536
0006400,65536,0,0,0,65536
0006401,65536,0,0,0,65536
0006402,65536,56069,0,0,9467
0006403,65536,462,0,0,65074
0006404,65536,0,0,0,65536
0006405,65536,0,0,0,65536
0006406,65536,0,0,0,65536
0006407,65536,0,0,0,65536
0006408,65536,0,0,0,65536
0006409,65536,0,0,0,65536
0006410,65536,0,0,0,65536
0006411,65536,0,0,0,65536
0006412,65536,63250,0,0,2286
0006413,65536,0,0,0,65536
0006414,65536,0,0,0,65536
0006415,65536,0,0,0,65536
0006416,65536,0,0,0,65536
0006417,65536,0,0,0,65536
0006418,65536,10486,0,0,55050
0006419,65536,0,0,0,65536
0006420,65536,42820,0,2719,19997
0006421,65536,59514,0,1222,4800
0006422,65536,44121,0,21415,0
0006423,65536,0,0,0,65536
0006424,65536,5787,0,0,59749
0006425,65536,0,0,0,65536
0006426,65536,0,0,0,65536
0006427,65536,0,0,0,65536
0006428,65536,0,0,0,65536
0006429,65536,0,0,0,65536
0006430,65536,0,0,0,65536
0006431,65536,0,0,0,65536
0006432,65536,470,0,0,65066
0006433,65536,14775,0,0,50761
0006434,65536,46668,0,0,18868
0006435,65536,0,0,0,65536
0006436,65536,2326,0,0,63210
0006437,65536,39075,0,26461,0
0006438,65536,23106,0,42430,0
0006439,65536,18123,0,47413,0
0006440,65536,34724,0,30812,0
0006441,65536,39421,0,26115,0
0006442,65536,62345,0,3191,0
0006443,65536,14461,0,51075,0
0006444,65536,53891,0,11645,0
0006445,65536,28733,0,36803,0
0006446,65536,4911,0,60625,0
0006447,65536,8160,0,57376,0
0006448,65536,0,0,65536,0
0006449,65536,0,0,65536,0
0006450,65536,56939,0,8597,0
0006451,65536,57386,0,8150,0
0006452,65536,58959,0,6577,0
0006453,65536,65219,0,317,0
0006454,65536,46427,0,19109,0
0006455,65536,33188,0,32348,0
0006456,65536,31094,0,34442,0
0006457,65536,14144,0,51392,0
0006458,65536,0,0,65536,0
0006459,65536,0,0,65536,0
0006460,65536,0,0,65536,0
0006461,65536,64509,0,1027,0
0006462,65536,54369,0,11167,0
0006463,65536,45625,0,19911,0
0006464,65536,33188,0,32348,0
0006465,65536,10817,0,54719,0
0006466,65536,53603,0,11933,0
0006467,65536,24015,0,41521,0
0006468,65536,13360,0,52176,0
0006469,65536,0,0,65536,0
0006470,65536,29075,0,36461,0
0006471,65536,30323,0,35213,0
0006472,65536,62109,0,3427,0
0006473,65536,62531,0,3005,0
0006474,65536,47793,0,17743,0
0006475,65536,37132,0,28404,0
0006476,65536,34915,0,30621,0
0006477,65536,57271,0,8265,0
0006478,65536,43216,0,22320,0
0006479,65536,2856,0,62680,0
0006480,65536,0,0,65536,0
0006481,65536,0,0,65536,0
0006482,65536,2984,0,62552,0
0006483,65536,35400,0,30136,0
0006484,65536,63076,0,2460,0
0006485,65536,54835,0,10701,0
0006486,65536,44794,0,20742,0
0006487,65536,39014,0,26522,0
0006488,65536,45720,0,19816,0
0006489,65536,21984,0,43552,0
0006490,65536,0,0,65536,0
0006491,65536,0,0,65536,0
0006492,65536,3320,0,62216,0
0006493,65536,316,0,65220,0
0006494,65536,40800,0,24736,0
0006495,65536,37303,0,28233,0
0006496,65536,16135,0,49401,0
0006497,65536,25068,0,40468,0
0006498,65536,18742,0,46794,0
0006499,65536,46281,0,19255,0
0006500,65536,17336,0,48200,0
0006501,65536,1019,0,64517,0
0006502,65536,1455,0,64081,0
0006503,65536,0,0,65536,0
0006504,65536,0,0,65536,0
0006505,65536,56983,0,8553,0
0006506,65536,58414,0,7122,0
0006507,65536,57010,0,8526,0
0006508,65536,34675,0,30861,0
0006509,65536,65318,0,218,0
0006510,65536,50508,0,15028,0
0006511,65536,8891,0,56645,0
0006512,65536,786,0,64750,0
0006513,65536,5103,0,60433,0
0006514,65536,0,0,65536,0
0006515,65536,0,0,65536,0
0006516,65536,59318,0,6218,0
0006517,65536,41859,0,23677,0
0006518,65536,61645,0,3891,0
0006519,65536,62537,0,2999,0
0006520,65536,20301,0,45235,0
0006521,65536,44782,0,20754,0
0006522,65536,62173,0,3363,0
0006523,65536,60905,0,4631,0
0006524,65536,37897,0,27639,0
0006525,65536,1635,0,63901,0
0006526,65536,0,0,65536,0
0006527,65536,0,0,65536,0
0006528,65536,54213,0,11323,0
0006529,65536,60326,0,5210,0
0006530,65536,55077,0,10459,0
0006531,65536,10097,0,55439,0
0006532,65536,34221,0,31315,0
0006533,65536,54567,0,10969,0
0006534,65536,8836,0,56700,0
0006535,65536,20184,0,45352,0
0006536,65536,2654,0,62882,0
0006537,65536,1847,0,63689,0
0006538,65536,32976,0,32560,0
0006539,65536,343,0,65193,0
0006540,65536,0,0,65536,0
0006541,65536,22546,0,42990,0
0006542,65536,42028,0,23508,0
0006543,65536,57474,0,8062,0
0006544,65536,49049,0,16487,0
0006545,65536,52158,0,13378,0
0006546,65536,21182,0,44354,0
0006547,65536,38314,0,27222,0
0006548,65536,22752,0,42784,0
0006549,65536,9234,0,56302,0
0006550,65536,7887,0,57649,0
0006551,65536,0,0,65536,0
0006552,65536,0,0,65536,0
0006553,65536,46573,0,18963,0
0006554,65536,63232,0,2304,0
0006555,65536,33239,0,32297,0
0006556,65536,47450,0,18086,0
0006557,65536,31663,0,33873,0
0006558,65536,64364,0,1172,0
0006559,65536,4974,0,60562,0
0006560,65536,10589,0,54947,0
0006561,65536,60106,0,5430,0
0006562,65536,42346,0,23190,0
0006563,65536,54874,0,10662,0
0006564,65536,36880,0,28656,0
0006565,65536,52448,0,13088,0
0006566,65536,61814,0,3722,0
0006567,65536,6020,0,59516,0
0006568,65536,12670,0,52866,0
0006569,65536,47692,0,17844,0
0006570,65536,0,0,65536,0
0006571,65536,49659,0,15877,0
0006572,65536,60884,0,4652,0
0006573,65536,49061,0,16475,0
0006574,65536,51171,0,14365,0
0006575,65536,54947,0,10589,0
0006576,65536,64853,0,683,0
0006577,65536,64332,0,1204,0
0006578,65536,11263,0,54273,0
0006579,65536,36949,0,28587,0
0006580,65536,5315,0,60221,0
0006581,65536,12028,0,53508,0
0006582,65536,0,0,65536,0
0006583,65536,0,0,65536,0
0006584,65536,48449,0,17087,0
0006585,65536,61044,0,4492,0
0006586,65536,16323,0,49213,0
0006587,65536,37240,0,28296,0
0006588,65536,58390,0,7146,0
0006589,65536,44603,0,20933,0
0006590,65536,48655,0,16881,0
0006591,65536,3245,0,62291,0
0006592,65536,8038,0,57498,0
0006593,65536,92,0,65444,0
0006594,65536,0,0,65536,0
0006595,65536,0,0,65536,0
0006596,65536,0,0,65536,0
0006597,65536,49411,0,16125,0
0006598,65536,59711,0,5825,0
0006599,65536,35410,0,30126,0
0006600,65536,30990,0,34546,0
0006601,65536,47262,0,18274,0
0006602,65536,15822,0,49714,0
0006603,65536,27007,0,38529,0
0006604,65536,0,0,65536,0
0006605,65536,4347,0,61189,0
0006606,65536,29923,0,35613,0
0006607,65536,6492,0,59044,0
0006608,65536,0,0,65536,0
0006609,65536,0,0,65536,0
0006610,65536,14023,0,51513,0
0006611,65536,62045,0,3491,0
0006612,65536,29225,0,36311,0
0006613,65536,34776,0,30760,0
0006614,65536,19589,0,45947,0
0006615,65536,16284,0,49252,0
0006616,65536,6658,0,58878,0
0006617,65536,3195,0,62341,0
0006618,65536,1773,0,63763,0
0006619,65536,0,0,65536,0
0006620,65536,24459,0,41077,0
0006621,65536,19372,0,46164,0
0006622,65536,0,0,65536,0
0006623,65536,0,0,65536,0
0006624,65536,24333,0,41203,0
0006625,65536,2904,0,62632,0
0006626,65536,4627,0,60909,0
0006627,65536,4982,0,60554,0
0006628,65536,27521,0,38015,0
0006629,65536,63938,0,1598,0
0006630,65536,40455,0,25081,0
0006631,65536,65105,0,431,0
0006632,65536,48543,0,16993,0
0006633,65536,53698,0,11838,0
0006634,65536,53795,0,11741,0
0006635,65536,63761,0,1775,0
0006636,65536,57502,0,8034,0
0006637,65536,59436,0,6100,0
0006638,65536,63770,0,1766,0
0006639,65536,57123,0,8413,0
0006640,65536,55147,0,10389,0
0006641,65536,65524,0,12,0
0006642,65536,44138,0,21398,0
0006643,65536,5830,0,59706,0
0006644,65536,25721,0,39815,0
0006645,65536,58008,0,7528,0
0006646,65536,56226,0,9310,0
0006647,65536,19442,0,46094,0
0006648,65536,10916,0,54620,0
0006649,65536,2375,0,63161,0
0006650,65536,45354,0,20182,0
0006651,65536,63673,0,1863,0
0006652,65536,8155,0,57381,0
0006653,65536,17348,0,48188,0
0006654,65536,60086,0,0,5450
0006655,65536,65095,0,0,441
0006656,65536,64911,0,625,0
0006657,65536,40205,0,25331,0
0006658,65536,9008,0,56528,0
0006659,65536,1382,0,64154,0
0006660,65536,940,0,64596,0
0006661,65536,46794,0,18742,0
0006662,65536,45929,0,19607,0
0006663,65536,63428,0,0,2108
0006664,65536,65237,0,299,0
0006665,65536,7349,0,58187,0
0006666,65536,2524,0,63012,0
0006667,65536,40876,0,24660,0
0006668,65536,53735,0,11801,0
0006669,65536,44072,0,21464,0
0006670,65536,1800,0,63736,0
0006671,65536,58110,0,7426,0
0006672,65536,64478,0,1058,0
0006673,65536,0,0,65536,0
0006674,65536,63772,0,0,1764
0006675,65536,65084,0,452,0
0006676,65536,27613,0,37923,0
0006677,65536,4248,0,61288,0
0006678,65536,53894,0,11642,0
0006679,65536,63739,0,1797,0
0006680,65536,57615,0,7921,0
0006681,65536,26121,0,39415,0
0006682,65536,42774,0,22762,0
0006683,65536,62401,0,3135,0
0006684,65536,65169,0,367,0
0006685,65536,15282,0,50254,0
0006686,65536,22624,0,42912,0
0006687,65536,53940,0,11596,0
0006688,65536,59934,0,5602,0
0006689,65536,55738,0,9798,0
0006690,65536,15234,0,50302,0
0006691,65536,35303,0,30233,0
0006692,65536,59104,0,6432,0
0006693,65536,64556,0,980,0
0006694,65536,63073,0,2463,0
0006695,65536,58755,0,0,6781
0006696,65536,47598,0,17938,0
0006697,65536,24866,0,40670,0
0006698,65536,7803,0,57733,0
0006699,65536,26614,0,38922,0
0006700,65536,64716,0,0,820
0006701,65536,64980,0,556,0
0006702,65536,41943,0,23593,0
0006703,65536,60707,0,4829,0
0006704,65536,104,0,65432,0
0006705,65536,14922,0,50614,0
0006706,65536,1754,0,63782,0
0006707,65536,43292,0,22244,0
0006708,65536,57561,0,7975,0
0006709,65536,62427,0,3109,0
0006710,65536,52690,0,12846,0
0006711,65536,34881,0,30655,0
0006712,65536,29108,0,36428,0
0006713,65536,28020,0,37516,0
0006714,65536,63987,0,1549,0
0006715,65536,851,0,64685,0
0006716,65536,3071,0,62465,0
0006717,65536,50075,0,15461,0
0006718,65536,52455,0,13081,0
0006719,65536,34003,0,31533,0
0006720,65536,61529,0,4007,0
0006721,65536,56599,0,8937,0
0006722,65536,57863,0,7673,0
0006723,65536,62626,0,2910,0
0006724,65536,60980,0,4556,0
0006725,65536,36204,0,29332,0
0006726,65536,24410,0,41126,0
0006727,65536,64636,900,0,0
0006728,65536,36481,29055,0,0
0006729,65536,61977,3559,0,0
0006730,65536,27617,37919,0,0
0006731,65536,5119,60417,0,0
0006732,65536,0,65536,0,0
0006733,65536,12481,53055,0,0
0006734,65536,60995,4541,0,0
0006735,65536,7389,58147,0,0
0006736,65536,14670,50866,0,0
0006737,65536,27065,38471,0,0
0006738,65536,49575,15961,0,0
0006739,65536,22549,42987,0,0
0006740,65536,13359,52177,0,0
0006741,65536,52718,12818,0,0
0006742,65536,21787,43749,0,0
0006743,65536,16998,48538,0,0
0006744,65536,7744,57792,0,0
0006745,65536,4366,61170,0,0
0006746,65536,65090,446,0,0
0006747,65536,16875,48661,0,0
0006748,65536,6513,59023,0,0
0006749,65536,48677,16859,0,0
0006750,65536,8,65528,0,0
0006751,65536,14517,51019,0,0
0006752,65536,15476,50060,0,0
0006753,65536,11872,53664,0,0
0006754,65536,57206,8330,0,0
0006755,65536,60713,4823,0,0
0006756,65536,12581,52955,0,0
0006757,65536,43835,21701,0,0
0006758,65536,182,65354,0,0
0006759,65536,488,65048,0,0
0006760,65536,64586,950,0,0
0006761,65536,10483,55053,0,0
0006762,65536,1496,64040,0,0
0006763,65536,5789,59747,0,0
0006764,65536,2295,63241,0,0
0006765,65536,6169,59367,0,0
0006766,65536,1024,0,64512,0
0006767,65536,0,0,65536,0
0006768,65536,0,0,65536,0
0006769,65536,0,0,65536,0
0006770,65536,0,0,65536,0
0006771,65536,3681,0,61855,0
0006772,65536,20461,0,45075,0
0006773,65536,5810,0,59726,0
0006774,65536,2521,0,63015,0
0006775,65536,0,0,65536,0
0006776,65536,370,0,65166,0
0006777,65536,70,0,65466,0
0006778,65536,10879,0,54657,0
0006779,65536,0,0,65536,0
0006780,65536,8863,0,56673,0
0006781,65536,625,0,64911,0
0006782,65536,11008,0,54528,0
0006783,65536,2867,0,62669,0
0006784,65536,10130,0,55406,0
0006785,65536,240,0,65296,0
0006786,65536,33849,0,31687,0
0006787,65536,55892,0,9644,0
0006788,65536,59786,0,5750,0
0006789,65536,50603,0,14933,0
0006790,65536,1025,0,64511,0
0006791,65536,0,0,65536,0
0006792,65536,21145,0,44391,0
0006793,65536,39175,0,26361,0
0006794,65536,60056,0,5480,0
0006795,65536,23570,0,41966,0
0006796,65536,20590,0,44946,0
0006797,65536,44332,0,21204,0
0006798,65536,54813,0,10723,0
0006799,65536,63277,0,2259,0
0006800,65536,63385,0,2151,0
0006801,65536,0,0,65536,0
0006802,65536,2256,0,63280,0
0006803,65536,9297,0,56239,0
0006804,65536,32901,0,32635,0
0006805,65536,54587,0,10949,0
0006806,65536,28546,0,36990,0
0006807,65536,52150,0,13386,0
0006808,65536,6019,0,59517,0
0006809,65536,24652,0,40884,0
0006810,65536,50585,0,14951,0
0006811,65536,63668,0,1868,0
0006812,65536,61405,0,4131,0
0006813,65536,4714,0,60822,0
0006814,65536,30588,0,34948,0
0006815,65536,59246,0,6290,0
0006816,65536,43809,0,21727,0
0006817,65536,24237,0,41299,0
0006818,65536,60701,0,4835,0
0006819,65536,39157,0,26379,0
0006820,65536,55025,0,10511,0
0006821,65536,64601,0,935,0
0006822,65536,57365,0,8171,0
0006823,65536,22330,0,43206,0
0006824,65536,56477,0,9059,0
0006825,65536,26947,0,38589,0
0006826,65536,64124,0,1412,0
0006827,65536,2762,0,62774,0
0006828,65536,59683,0,5853,0
0006829,65536,64180,0,1356,0
0006830,65536,38949,0,26587,0
0006831,65536,36647,0,28889,0
0006832,65536,33637,0,31899,0
0006833,65536,48398,0,17138,0
0006834,65536,55178,0,10358,0
0006835,65536,1099,0,64437,0
0006836,65536,56524,0,9012,0
0006837,65536,55026,0,10510,0
0006838,65536,1875,0,63661,0
0006839,65536,59833,0,5703,0
0006840,65536,34960,0,30576,0
0006841,65536,58581,0,6955,0
0006842,65536,1056,0,64480,0
0006843,65536,0,0,65536,0
0006844,65536,0,0,65536,0
0006845,65536,0,0,65536,0
0006846,65536,3532,0,62004,0
0006847,65536,1382,0,64154,0
0006848,65536,0,0,65536,0
0006849,65536,0,0,65536,0
0006850,65536,1238,0,64298,0
0006851,65536,6275,0,59261,0
0006852,65536,0,0,65536,0
0006853,65536,0,0,65536,0
0006854,65536,0,0,65536,0
0006855,65536,59758,0,5778,0
0006856,65536,7645,0,57891,0
0006857,65536,58173,0,7363,0
0006858,65536,65499,0,37,0
0006859,65536,51672,0,13864,0
0006860,65536,7770,0,57766,0
0006861,65536,17602,0,47934,0
0006862,65536,57739,0,7797,0
0006863,65536,63095,0,2441,0
0006864,65536,62128,0,3408,0
0006865,65536,65275,0,261,0
0006866,65536,58586,0,6950,0
0006867,65536,40865,0,24671,0
0006868,65536,65055,0,481,0
0006869,65536,64505,0,1031,0
0006870,65536,42535,0,23001,0
0006871,65536,37356,0,28180,0
0006872,65536,0,0,65536,0
0006873,65536,13,0,65523,0
0006874,65536,3144,0,62392,0
0006875,65536,2808,0,62728,0
0006876,65536,0,0,65536,0
0006877,65536,0,0,65536,0
0006878,65536,9704,0,55832,0
0006879,65536,2954,0,62582,0
0006880,65536,7913,0,57623,0
0006881,65536,16611,0,48925,0
0006882,65536,0,0,65536,0
0006883,65536,0,0,65536,0
0006884,65536,20591,0,44945,0
0006885,65536,0,0,65536,0
0006886,65536,0,0,65536,0
0006887,65536,868,0,64668,0
0006888,65536,4578,0,60958,0
0006889,65536,6425,0,59111,0
0006890,65536,12254,0,53282,0
0006891,65536,13960,0,51576,0
0006892,65536,30213,0,35323,0
0006893,65536,38032,0,27504,0
0006894,65536,8701,0,56835,0
0006895,65536,0,0,65536,0
0006896,65536,0,0,65536,0
0006897,65536,0,0,65536,0
0006898,65536,4571,0,60965,0
0006899,65536,58494,0,7042,0
0006900,65536,46454,0,19082,0
0006901,65536,1026,0,64510,0
0006902,65536,4846,0,60690,0
0006903,65536,52098,0,13438,0
0006904,65536,64936,0,600,0
0006905,65536,0,0,65536,0
0006906,65536,53450,0,12086,0
0006907,65536,23987,0,41549,0
0006908,65536,40938,0,24598,0
0006909,65536,59935,0,5601,0
0006910,65536,56749,0,8787,0
0006911,65536,9691,0,55845,0
0006912,65536,4205,0,61331,0
0006913,65536,2112,0,63424,0
0006914,65536,40840,0,24696,0
0006915,65536,0,0,65536,0
0006916,65536,2256,0,63280,0
0006917,65536,59010,0,6526,0
0006918,65536,3770,0,61766,0
0006919,65536,52344,0,13192,0
0006920,65536,43844,0,21692,0
0006921,65536,62968,0,2568,0
0006922,65536,60263,0,5273,0
0006923,65536,44864,0,20672,0
0006924,65536,39672,0,25864,0
0006925,65536,28709,0,36827,0
0006926,65536,56898,0,8638,0
0006927,65536,81,0,65455,0
0006928,65536,20,0,65516,0
0006929,65536,4400,0,61136,0
0006930,65536,58690,0,6846,0
0006931,65536,59897,0,5639,0
0006932,65536,55384,0,10152,0
0006933,65536,61113,0,4423,0
0006934,65536,47846,0,17690,0
0006935,65536,64789,0,747,0
0006936,65536,7544,0,57992,0
0006937,65536,0,0,65536,0
0006938,65536,0,0,65536,0
0006939,65536,38695,0,26841,0
0006940,65536,63385,0,2151,0
0006941,65536,63829,0,1707,0
0006942,65536,63896,0,1640,0
0006943,65536,49426,0,16110,0
0006944,65536,22217,0,43319,0
0006945,65536,0,0,65536,0
0006946,65536,0,0,65536,0
0006947,65536,31856,0,33680,0
0006948,65536,65074,0,462,0
0006949,65536,57681,0,7855,0
0006950,65536,48240,0,17296,0
0006951,65536,29711,0,35825,0
0006952,65536,0,0,65536,0
0006953,65536,0,0,65536,0
0006954,65536,8029,0,57507,0
0006955,65536,65286,0,250,0
0006956,65536,60430,0,5106,0
0006957,65536,14936,0,50600,0
0006958,65536,0,0,65536,0
0006959,65536,448,0,65088,0
0006960,65536,47027,0,18509,0
0006961,65536,61516,0,0,4020
0006962,65536,65299,0,0,237
0006963,65536,24860,0,40676,0
0006964,65536,0,0,65536,0
0006965,65536,0,0,65536,0
0006966,65536,3744,0,61792,0
0006967,65536,53946,0,11590,0
0006968,65536,63673,0,1863,0
0006969,65536,31711,0,33825,0
0006970,65536,0,0,65536,0
0006971,65536,116,0,65420,0
0006972,65536,1145,0,64391,0
0006973,65536,56829,0,8707,0
0006974,65536,63146,0,2390,0
0006975,65536,19140,0,46396,0
0006976,65536,61550,0,3986,0
0006977,65536,1546,0,63990,0
0006978,65536,0,0,65536,0
0006979,65536,1197,0,64339,0
0006980,65536,2305,0,63231,0
0006981,65536,9854,0,55682,0
0006982,65536,64821,0,0,715
0006983,65536,42994,0,0,22542
0006984,65536,9865,0,0,55671
0006985,65536,18971,0,0,46565
0006986,65536,47323,0,0,18213
0006987,65536,47426,0,18110,0
0006988,65536,40605,0,24931,0
0006989,65536,36370,0,29166,0
0006990,65536,47594,0,17942,0
0006991,65536,62534,0,0,3002
0006992,65536,14786,0,0,50750
0006993,65536,1412,0,0,64124
0006994,65536,1450,0,0,64086
0006995,65536,38603,0,0,26933
0006996,65536,63655,0,1881,0
0006997,65536,65265,0,271,0
0006998,65536,57783,0,7753,0
0006999,65536,64898,0,0,638
0007000,65536,61170,0,0,4366
0007001,65536,4709,0,0,60827
0007002,65536,1669,0,0,63867
0007003,65536,55430,0,0,10106
0007004,65536,64056,0,1480,0
0007005,65536,65458,0,78,0
0007006,65536,33146,0,0,32390
0007007,65536,34201,0,0,31335
0007008,65536,8686,0,0,56850
0007009,65536,12185,0,0,53351
0007010,65536,60994,0,0,4542
0007011,65536,60532,0,5004,0
0007012,65536,58067,0,7469,0
0007013,65536,62013,0,0,3523
0007014,65536,26062,0,0,39474
0007015,65536,20735,0,0,44801
0007016,65536,15885,0,0,49651
0007017,65536,39825,0,0,25711
0007018,65536,6200,0,59336,0
0007019,65536,0,0,65536,0
0007020,65536,7429,0,58107,0
0007021,65536,61725,0,3811,0
0007022,65536,32615,0,32921,0
0007023,65536,21398,0,44138,0
0007024,65536,225,0,65311,0
0007025,65536,13506,0,52030,0
0007026,65536,25238,0,40298,0
0007027,65536,60028,0,5508,0
0007028,65536,8324,0,57212,0
0007029,65536,56432,0,9104,0
0007030,65536,10233,0,55303,0
0007031,65536,5202,0,60334,0
0007032,65536,22742,0,42794,0
0007033,65536,4500,0,61036,0
0007034,65536,42320,0,23216,0
0007035,65536,1671,0,63865,0
0007036,65536,5496,0,60040,0
0007037,65536,46340,0,19196,0
0007038,65536,39203,0,26333,0
0007039,65536,0,0,65536,0
0007040,65536,17181,0,48355,0
0007041,65536,49298,0,0,16238
0007042,65536,57341,0,0,8195
0007043,65536,63615,0,1921,0
0007044,65536,60366,0,5170,0
0007045,65536,57681,0,7855,0
0007046,65536,59881,0,0,5655
0007047,65536,57216,0,8320,0
0007048,65536,55716,0,9820,0
0007049,65536,64685,0,851,0
0007050,65536,62134,0,0,3402
0007051,65536,60312,0,5224,0
0007052,65536,64891,0,0,645
0007053,65536,58384,0,2378,4774
0007054,65536,59679,0,2275,3582
0007055,65536,62362,0,3174,0
0007056,65536,52700,0,12836,0
0007057,65536,36300,0,0,29236
0007058,65536,49991,0,0,15545
0007059,65536,58565,0,6971,0
0007060,65536,59105,0,5821,610
0007061,65536,58363,0,0,7173
0007062,65536,63622,0,0,1914
0007063,65536,53164,0,0,12372
0007064,65536,60792,0,2320,2424
0007065,65536,41526,0,18159,5851
0007066,65536,35807,0,29729,0
0007067,65536,60648,0,4397,491
0007068,65536,26996,0,190,38350
0007069,65536,48435,0,2731,14370
0007070,65536,19861,0,45675,0
0007071,65536,65017,0,519,0
0007072,65536,45004,0,20532,0
0007073,65536,57407,0,0,8129
0007074,65536,62680,0,2856,0
0007075,65536,55712,0,0,9824
0007076,65536,59913,0,0,5623
0007077,65536,60977,0,4296,263
0007078,65536,45346,0,20190,0
0007079,65536,65469,0,67,0
0007080,65536,60262,0,5274,0
0007081,65536,61513,0,4023,0
0007082,65536,61646,0,281,3609
0007083,65536,58767,0,6769,0
0007084,65536,42415,0,23121,0
0007085,65536,46607,0,18929,0
0007086,65536,50823,0,14713,0
0007087,65536,54013,0,11523,0
0007088,65536,41824,0,23712,0
0007089,65536,65478,0,58,0
0007090,65536,53832,0,11704,0
0007091,65536,48014,0,17522,0
0007092,65536,58947,0,6589,0
0007093,65536,63862,0,1674,0
0007094,65536,63175,0,2361,0
0007095,65536,55193,0,10343,0
0007096,65536,33486,0,32050,0
0007097,65536,50418,0,15118,0
0007098,65536,49958,0,15578,0
0007099,65536,41842,0,23694,0
0007100,65536,57906,0,7630,0
0007101,65536,60674,0,4862,0
0007102,65536,60304,0,5232,0
0007103,65536,27781,0,37755,0
0007104,65536,37973,0,27563,0
0007105,65536,35272,0,30264,0
0007106,65536,59786,0,5750,0
0007107,65536,44135,0,21401,0
0007108,65536,53815,0,11721,0
0007109,65536,61947,0,3589,0
0007110,65536,35307,0,30229,0
0007111,65536,25469,0,40067,0
0007112,65536,55155,0,10381,0
0007113,65536,58721,0,6815,0
0007114,65536,61346,0,4190,0
0007115,65536,52368,0,13168,0
0007116,65536,57849,0,7687,0
0007117,65536,65110,0,426,0
0007118,65536,61832,0,3704,0
0007119,65536,59618,0,5918,0
0007120,65536,56763,0,8773,0
0007121,65536,51197,0,14339,0
0007122,65536,60687,0,4849,0
0007123,65536,55606,0,3647,6283
0007124,65536,64853,0,0,683
0007125,65536,57175,0,8201,160
0007126,65536,39587,0,25949,0
0007127,65536,59355,0,6181,0
0007128,65536,52516,0,0,13020
0007129,65536,65130,0,406,0
0007130,65536,61574,0,3962,0
0007131,65536,65117,0,419,0
0007132,65536,44412,0,0,21124
0007133,65536,59575,0,0,5961
0007134,65536,64436,0,1100,0
0007135,65536,60363,0,5173,0
0007136,65536,51330,0,14206,0
0007137,65536,58373,0,7163,0
0007138,65536,48116,0,17420,0
0007139,65536,57953,0,7583,0
0007140,65536,62781,0,2755,0
0007141,65536,63279,0,2257,0
0007142,65536,43436,0,22100,0
0007143,65536,61250,0,4286,0
0007144,65536,45504,0,20032,0
0007145,65536,54355,0,11181,0
0007146,65536,47537,0,17999,0
0007147,65536,58964,0,6572,0
0007148,65536,29661,0,35875,0
0007149,65536,51133,0,14403,0
0007150,65536,62281,0,3255,0
0007151,65536,61385,0,4151,0
0007152,65536,51426,0,14110,0
0007153,65536,58314,0,7222,0
0007154,65536,39049,0,26487,0
0007155,65536,27742,0,37794,0
0007156,65536,50386,0,15150,0
0007157,65536,52288,0,13248,0
0007158,65536,57544,0,7992,0
0007159,65536,65498,0,38,0
0007160,65536,47860,0,17676,0
0007161,65536,61336,0,4200,0
0007162,65536,52716,0,0,12820
0007163,65536,58538,0,6998,0
0007164,65536,63943,0,1593,0
0007165,65536,43279,0,22257,0
0007166,65536,33776,0,31760,0
0007167,65536,23978,0,41558,0
0007168,65536,61384,0,4152,0
0007169,65536,45980,0,19556,0
0007170,65536,62533,0,3003,0
0007171,65536,64384,0,1152,0
0007172,65536,43214,0,0,22322
0007173,65536,62288,0,1648,1600
0007174,65536,22503,0,43033,0
0007175,65536,26459,0,39077,0
0007176,65536,49630,0,15906,0
0007177,65536,57767,0,7769,0
0007178,65536,50523,0,15013,0
0007179,65536,47922,0,17614,0
0007180,65536,9641,0,55895,0
0007181,65536,54697,0,10839,0
0007182,65536,55447,0,10089,0
0007183,65536,29656,0,35880,0
0007184,65536,65439,0,0,97
0007185,65536,56159,0,6687,2690
0007186,65536,39684,0,0,25852
0007187,65536,64192,0,1344,0
0007188,65536,62614,0,2922,0
0007189,65536,44670,0,0,20866
0007190,65536,62292,0,3244,0
0007191,65536,54934,0,5193,5409
0007192,65536,44518,0,21018,0
0007193,65536,43595,0,0,21941
0007194,65536,47846,0,17077,613
0007195,65536,57778,0,7742,16
0007196,65536,63057,0,2479,0
0007197,65536,35902,0,29634,0
0007198,65536,62420,0,3116,0
0007199,65536,36834,0,0,28702
0007200,65536,54110,0,11426,0
0007201,65536,45889,0,19647,0
0007202,65536,65095,0,0,441
0007203,65536,59267,0,6269,0
0007204,65536,59802,0,0,5734
0007205,65536,56058,0,9478,0
0007206,65536,64024,0,1512,0
0007207,65536,46309,0,19227,0
0007208,65536,51572,0,13964,0
0007209,65536,58857,0,6679,0
0007210,65536,56867,0,8669,0
0007211,65536,64171,0,1365,0
0007212,65536,64964,0,0,572
0007213,65536,55951,0,9585,0
0007214,65536,64987,0,549,0
0007215,65536,64225,0,0,1311
0007216,65536,63072,0,0,2464
0007217,65536,64183,0,0,1353
0007218,65536,43994,0,21542,0
0007219,65536,63147,0,0,2389
0007220,65536,59588,0,5948,0
0007221,65536,41017,0,24519,0
0007222,65536,63573,0,0,1963
0007223,65536,60487,0,5049,0
0007224,65536,63065,0,0,2471
0007225,65536,63754,0,1782,0
0007226,65536,41123,0,24413,0
0007227,65536,48866,0,16670,0
0007228,65536,64204,0,0,1332
0007229,65536,65271,0,0,265
0007230,65536,64634,0,0,902
0007231,65536,65444,0,92,0
0007232,65536,62108,0,0,3428
0007233,65536,65095,0,0,441
0007234,65536,64542,0,994,0
0007235,65536,57929,0,7607,0
0007236,65536,55323,0,10213,0
0007237,65536,21216,0,44320,0
0007238,65536,56713,0,0,8823
0007239,65536,60359,0,0,5177
0007240,65536,53258,0,12278,0
0007241,65536,52003,0,13533,0
0007242,65536,48553,0,15198,1785
0007243,65536,58926,0,0,6610
0007244,65536,37351,0,28185,0
0007245,65536,59853,0,5683,0
0007246,65536,63525,0,0,2011
0007247,65536,64976,0,560,0
0007248,65536,61374,0,4162,0
0007249,65536,55776,0,9760,0
0007250,65536,59459,0,6077,0
0007251,65536,64952,0,584,0
0007252,65536,34816,0,30720,0
0007253,65536,50408,0,15128,0
0007254,65536,62666,0,2870,0
0007255,65536,65459,0,77,0
0007256,65536,64282,0,1254,0
0007257,65536,63915,0,1621,0
0007258,65536,58624,0,6912,0
0007259,65536,61201,0,4335,0
0007260,65536,52988,0,12548,0
0007261,65536,58294,0,7242,0
0007262,65536,65137,0,399,0
0007263,65536,65032,0,504,0
0007264,65536,47949,0,17587,0
0007265,65536,45470,0,20066,0
0007266,65536,53108,0,12428,0
0007267,65536,21881,0,43655,0
0007268,65536,61181,0,4355,0
0007269,65536,63951,0,0,1585
0007270,65536,46341,0,19195,0
0007271,65536,62102,0,3434,0
0007272,65536,25008,0,40528,0
0007273,65536,59050,0,6486,0
0007274,65536,64884,0,652,0
0007275,65536,58854,0,6682,0
0007276,65536,65100,0,0,436
0007277,65536,64803,0,0,733
0007278,65536,62797,0,0,2739
0007279,65536,64150,0,1386,0
0007280,65536,62135,0,3401,0
0007281,65536,55724,0,0,9812
0007282,65536,62852,0,2684,0
0007283,65536,55316,0,10220,0
0007284,65536,65103,0,433,0
0007285,65536,57676,0,0,7860
0007286,65536,0,0,0,65536
0007287,65536,0,0,0,65536
0007288,65536,0,0,0,65536
0007289,65536,0,0,0,65536
0007290,65536,37465,0,0,28071
0007291,65536,230,0,0,65306
0007292,65536,0,0,0,65536
0007293,65536,0,0,0,65536
0007294,65536,293,0,0,65243
0007295,65536,29286,0,0,36250
0007296,65536,65151,0,0,385
0007297,65536,35084,0,0,30452
0007298,65536,6546,0,0,58990
0007299,65536,0,0,0,65536
0007300,65536,0,0,0,65536
0007301,65536,0,0,0,65536
0007302,65536,0,0,0,65536
0007303,65536,0,0,0,65536
0007304,65536,0,0,0,65536
0007305,65536,64206,0,0,1330
0007306,65536,45370,0,0,20166
0007307,65536,7645,0,0,57891
0007308,65536,57561,0,0,7975
0007309,65536,42833,0,0,22703
0007310,65536,33968,0,0,31568
0007311,65536,15925,0,0,49611
0007312,65536,0,0,0,65536
0007313,65536,108,0,0,65428
0007314,65536,52512,0,0,13024
0007315,65536,64922,0,0,614
0007316,65536,42620,0,0,22916
0007317,65536,31853,0,0,33683
0007318,65536,53265,0,0,12271
0007319,65536,20592,0,0,44944
0007320,65536,0,0,0,65536
0007321,65536,0,0,0,65536
0007322,65536,0,0,0,65536
0007323,65536,7752,0,0,57784
0007324,65536,65466,0,0,70
0007325,65536,0,0,0,65536
0007326,65536,0,0,0,65536
0007327,65536,0,0,0,65536
0007328,65536,0,0,0,65536
0007329,65536,0,0,0,65536
0007330,65536,2253,0,0,63283
0007331,65536,43693,0,0,21843
0007332,65536,64603,0,0,933
0007333,65536,53971,0,0,11565
0007334,65536,43399,0,0,22137
0007335,65536,611,0,0,64925
0007336,65536,0,0,0,65536
0007337,65536,0,0,0,65536
0007338,65536,0,0,0,65536
0007339,65536,0,0,0,65536
0007340,65536,4378,0,0,61158
0007341,65536,42928,0,0,22608
0007342,65536,40960,0,0,24576
0007343,65536,15093,0,0,50443
0007344,65536,114,0,0,65422
0007345,65536,0,0,0,65536
0007346,65536,0,0,0,65536
0007347,65536,51559,0,0,13977
0007348,65536,65489,0,0,47
0007349,65536,64608,0,0,928
0007350,65536,58004,0,0,7532
0007351,65536,43621,0,0,21915
0007352,65536,49693,0,0,15843
0007353,65536,64666,0,0,870
0007354,65536,46796,0,0,18740
0007355,65536,7600,0,0,57936
0007356,65536,0,0,0,65536
0007357,65536,20416,0,0,45120
0007358,65536,58549,0,0,6987
0007359,65536,51728,0,0,13808
0007360,65536,321,0,0,65215
0007361,65536,0,0,0,65536
0007362,65536,63168,0,0,2368
0007363,65536,59858,0,0,5678
0007364,65536,51030,0,0,14506
0007365,65536,20901,0,0,44635
0007366,65536,0,0,65536,0
0007367,65536,3908,0,61628,0
0007368,65536,55917,0,9619,0
0007369,65536,38168,0,27368,0
0007370,65536,3741,0,61795,0
0007371,65536,47289,0,18247,0
0007372,65536,17547,0,47989,0
0007373,65536,58626,0,6910,0
0007374,65536,61677,0,3859,0
0007375,65536,63868,0,1668,0
0007376,65536,36332,0,29204,0
0007377,65536,111,0,65425,0
0007378,65536,19908,0,45628,0
0007379,65536,43904,0,21632,0
0007380,65536,59404,0,6132,0
0007381,65536,16554,0,48982,0
0007382,65536,621,0,64915,0
0007383,65536,41187,0,24349,0
0007384,65536,62322,0,3214,0
0007385,65536,35830,0,29706,0
0007386,65536,62699,0,2837,0
0007387,65536,41558,0,23978,0
0007388,65536,27855,0,37681,0
0007389,65536,61878,0,3658,0
0007390,65536,61996,0,3540,0
0007391,65536,60151,0,5385,0
0007392,65536,62917,0,2619,0
0007393,65536,40158,0,25378,0
0007394,65536,53785,0,11751,0
0007395,65536,38314,0,27222,0
0007396,65536,54970,0,10566,0
0007397,65536,65288,0,248,0
0007398,65536,49694,0,15842,0
0007399,65536,51521,0,14015,0
0007400,65536,185,0,65351,0
0007401,65536,38806,0,26730,0
0007402,65536,533,0,65003,0
0007403,65536,4197,0,61339,0
0007404,65536,37793,0,27743,0
0007405,65536,40755,0,24781,0
0007406,65536,63298,0,2238,0
0007407,65536,64456,0,1080,0
0007408,65536,4179,0,61357,0
0007409,65536,46733,0,18803,0
0007410,65536,0,0,65536,0
0007411,65536,2188,0,63348,0
0007412,65536,2038,0,63498,0
0007413,65536,61370,0,4166,0
0007414,65536,52345,0,13191,0
0007415,65536,52097,0,13439,0
0007416,65536,37630,0,27906,0
0007417,65536,14213,0,51323,0
0007418,65536,59424,0,6112,0
0007419,65536,63957,0,1579,0
0007420,65536,63916,0,1620,0
0007421,65536,0,0,65536,0
0007422,65536,6073,0,59463,0
0007423,65536,595,0,64941,0
0007424,65536,32895,0,32641,0
0007425,65536,37608,0,27928,0
0007426,65536,11982,0,53554,0
0007427,65536,40617,0,24919,0
0007428,65536,64501,0,1035,0
0007429,65536,33037,0,32499,0
0007430,65536,0,0,65536,0
0007431,65536,49571,0,15965,0
0007432,65536,33392,0,32144,0
0007433,65536,36706,0,28830,0
0007434,65536,14707,0,50829,0
0007435,65536,58630,0,6906,0
0007436,65536,63701,0,1835,0
0007437,65536,46416,0,19120,0
0007438,65536,31648,0,33888,0
0007439,65536,35126,0,30410,0
0007440,65536,59315,0,6221,0
0007441,65536,59214,0,6322,0
0007442,65536,60227,0,5309,0
0007443,65536,56043,0,9493,0
0007444,65536,13010,0,52526,0
0007445,65536,65314,0,222,0
0007446,65536,51514,0,14022,0
0007447,65536,5568,0,59968,0
0007448,65536,52181,0,13355,0
0007449,65536,62954,0,2582,0
0007450,65536,26410,0,39126,0
0007451,65536,62192,0,3344,0
0007452,65536,3937,0,61599,0
0007453,65536,41814,0,23722,0
0007454,65536,60274,0,5262,0
0007455,65536,32054,0,33482,0
0007456,65536,44352,0,21184,0
0007457,65536,64862,0,674,0
0007458,65536,528,0,65008,0
0007459,65536,47008,0,18528,0
0007460,65536,61556,0,3980,0
0007461,65536,64464,0,1072,0
0007462,65536,64989,0,547,0
0007463,65536,7467,0,58069,0
0007464,65536,15264,0,50272,0
0007465,65536,58516,0,7020,0
0007466,65536,55744,0,9792,0
0007467,65536,27164,0,38372,0
0007468,65536,65446,0,90,0
0007469,65536,62712,0,2824,0
0007470,65536,63807,0,1729,0
0007471,65536,59258,0,6278,0
0007472,65536,52897,0,12639,0
0007473,65536,51994,0,13542,0
0007474,65536,60060,0,5476,0
0007475,65536,62508,0,3028,0
0007476,65536,47300,0,18236,0
0007477,65536,61646,0,3890,0
0007478,65536,32998,0,32538,0
0007479,65536,23986,0,41550,0
0007480,65536,64466,0,1070,0
0007481,65536,59774,0,5762,0
0007482,65536,51857,0,13679,0
0007483,65536,54343,0,11193,0
0007484,65536,54460,0,11076,0
0007485,65536,16300,0,49236,0
0007486,65536,35129,0,30407,0
0007487,65536,39117,0,26419,0
0007488,65536,59521,0,6015,0
0007489,65536,57902,0,7634,0
0007490,65536,17086,0,48450,0
0007491,65536,10502,0,55034,0
0007492,65536,13089,0,52447,0
0007493,65536,17335,0,48201,0
0007494,65536,36457,0,29079,0
0007495,65536,42782,0,22754,0
0007496,65536,48366,0,17170,0
0007497,65536,60247,0,5289,0
0007498,65536,57966,0,7570,0
0007499,65536,38845,0,26691,0
0007500,65536,7032,0,58504,0
0007501,65536,32131,0,33405,0
0007502,65536,39216,0,26320,0
0007503,65536,45536,0,20000,0
0007504,65536,34729,0,30807,0
0007505,65536,25318,0,40218,0
0007506,65536,58588,0,6948,0
0007507,65536,32275,0,33261,0
0007508,65536,59945,0,5591,0
0007509,65536,49941,0,15595,0
0007510,65536,20677,0,44859,0
0007511,65536,44340,0,21196,0
0007512,65536,34228,0,31308,0
0007513,65536,9429,0,56107,0
0007514,65536,31941,0,33595,0
0007515,65536,62864,0,2672,0
0007516,65536,63855,0,1681,0
0007517,65536,17859,0,47677,0
0007518,65536,46832,0,18704,0
0007519,65536,33663,0,31873,0
0007520,65536,64554,0,982,0
0007521,65536,5528,0,60008,0
0007522,65536,15631,0,49905,0
0007523,65536,48471,0,17065,0
0007524,65536,59994,0,5542,0
0007525,65536,8142,0,57394,0
0007526,65536,31088,0,34448,0
0007527,65536,37203,0,28333,0
0007528,65536,64911,0,625,0
0007529,65536,62599,0,2937,0
0007530,65536,51654,0,13882,0
0007531,65536,31410,0,34126,0
0007532,65536,48668,0,16868,0
0007533,65536,13907,0,51629,0
0007534,65536,0,0,65536,0
0007535,65536,25391,0,40145,0
0007536,65536,36585,0,28951,0
0007537,65536,50333,0,15203,0
0007538,65536,30374,0,35162,0
0007539,65536,5587,0,59949,0
0007540,65536,64231,0,1305,0
0007541,65536,20350,0,45186,0
0007542,65536,24712,0,40824,0
0007543,65536,1136,0,64400,0
0007544,65536,1616,0,63920,0
0007545,65536,0,0,65536,0
0007546,65536,42042,0,23494,0
0007547,65536,62187,0,3349,0
0007548,65536,13353,0,52183,0
0007549,65536,46212,0,19324,0
0007550,65536,8943,0,56593,0
0007551,65536,56466,0,9070,0
0007552,65536,1268,0,64268,0
0007553,65536,17393,0,48143,0
0007554,65536,0,0,65536,0
0007555,65536,1048,0,64488,0
0007556,65536,12880,0,52656,0
0007557,65536,62848,0,2688,0
0007558,65536,38035,0,27501,0
0007559,65536,63877,0,1659,0
0007560,65536,63589,0,1947,0
0007561,65536,46016,0,19520,0
0007562,65536,12065,0,53471,0
0007563,65536,52193,0,13343,0
0007564,65536,23085,0,42451,0
0007565,65536,63445,0,2091,0
0007566,65536,54674,0,10862,0
0007567,65536,65386,0,150,0
0007568,65536,64425,0,1111,0
0007569,65536,57068,0,8468,0
0007570,65536,50644,0,14892,0
0007571,65536,65012,0,0,524
0007572,65536,35371,0,30165,0
0007573,65536,65316,0,220,0
0007574,65536,54856,0,10680,0
0007575,65536,55796,0,9740,0
0007576,65536,55187,0,10349,0
0007577,65536,64362,0,1174,0
0007578,65536,65189,0,347,0
0007579,65536,64177,0,1359,0
0007580,65536,49969,0,15567,0
0007581,65536,7381,0,58155,0
0007582,65536,56560,0,8976,0
0007583,65536,65480,0,56,0
0007584,65536,50734,0,14802,0
0007585,65536,61761,0,3775,0
0007586,65536,64127,0,1409,0
0007587,65536,63395,0,0,2141
0007588,65536,52406,0,13130,0
0007589,65536,34429,0,31107,0
0007590,65536,43761,0,21775,0
0007591,65536,51425,0,14111,0
0007592,65536,48340,0,17196,0
0007593,65536,46854,0,18682,0
0007594,65536,64773,0,763,0
0007595,65536,57784,0,7752,0
0007596,65536,65399,0,137,0
0007597,65536,62772,0,2764,0
0007598,65536,13471,0,52065,0
0007599,65536,60904,0,4632,0
0007600,65536,51547,0,13989,0
0007601,65536,64797,0,739,0
0007602,65536,53020,0,12516,0
0007603,65536,64499,0,1037,0
0007604,65536,64432,0,1104,0
0007605,65536,58668,0,6868,0
0007606,65536,49974,0,15562,0
0007607,65536,58244,0,7292,0
0007608,65536,65425,0,111,0
0007609,65536,57061,0,8475,0
0007610,65536,60404,0,5132,0
0007611,65536,49993,0,15543,0
0007612,65536,28431,0,37105,0
0007613,65536,45245,0,20291,0
0007614,65536,52187,0,13349,0
0007615,65536,54257,0,11279,0
0007616,65536,47353,0,18183,0
0007617,65536,61297,0,4239,0
0007618,65536,49199,0,16337,0
0007619,65536,29830,0,35706,0
0007620,65536,51246,0,0,14290
0007621,65536,60921,0,4615,0
0007622,65536,60189,0,5347,0
0007623,65536,50706,0,14830,0
0007624,65536,53968,0,11568,0
0007625,65536,64246,0,1290,0
0007626,65536,47058,0,18478,0
0007627,65536,48628,0,16908,0
0007628,65536,65339,0,197,0
0007629,65536,61159,0,4377,0
0007630,65536,54613,0,10923,0
0007631,65536,53669,0,11867,0
0007632,65536,61239,0,4297,0
0007633,65536,61945,0,3591,0
0007634,65536,64069,0,1467,0
0007635,65536,50233,0,15303,0
0007636,65536,3911,0,61625,0
0007637,65536,32910,0,32626,0
0007638,65536,56986,0,8550,0
0007639,65536,39471,0,26065,0
0007640,65536,64632,0,904,0
0007641,65536,64798,0,0,738
0007642,65536,63929,0,1607,0
0007643,65536,53815,0,11721,0
0007644,65536,15763,0,49773,0
0007645,65536,27577,0,37959,0
0007646,65536,28531,0,37005,0
0007647,65536,61171,0,4365,0
0007648,65536,56022,0,9514,0
0007649,65536,16630,0,48906,0
0007650,65536,58955,0,6581,0
0007651,65536,58835,0,6701,0
0007652,65536,53480,0,12056,0
0007653,65536,64260,0,1276,0
0007654,65536,58837,0,0,6699
0007655,65536,64853,0,0,683
0007656,65536,63492,0,2044,0
0007657,65536,63488,0,2048,0
0007658,65536,48954,0,16582,0
0007659,65536,59728,0,5808,0
0007660,65536,59336,0,6200,0
0007661,65536,50713,0,14823,0
0007662,65536,65086,0,450,0
0007663,65536,62409,0,3127,0
0007664,65536,62519,0,3017,0
0007665,65536,64487,0,1049,0
0007666,65536,62305,0,0,3231
0007667,65536,63155,0,0,2381
0007668,65536,64334,0,0,1202
0007669,65536,56893,0,0,8643
0007670,65536,8861,0,0,56675
0007671,65536,11204,0,0,54332
0007672,65536,56703,0,0,8833
0007673,65536,2778,0,0,62758
0007674,65536,0,0,0,65536
0007675,65536,5580,0,0,59956
0007676,65536,44467,0,0,21069
0007677,65536,65525,0,0,11
0007678,65536,19044,0,0,46492
0007679,65536,0,0,0,65536
0007680,65536,0,0,0,65536
0007681,65536,0,0,0,65536
0007682,65536,0,0,0,65536
0007683,65536,0,0,0,65536
0007684,65536,59738,0,0,5798
0007685,65536,61860,0,0,3676
0007686,65536,63004,0,0,2532
0007687,65536,0,0,0,65536
0007688,65536,0,0,0,65536
0007689,65536,0,0,0,65536
0007690,65536,0,0,0,65536
0007691,65536,1160,0,0,64376
0007692,65536,64267,0,0,1269
0007693,65536,0,0,0,65536
0007694,65536,0,0,0,65536
0007695,65536,12477,0,0,53059
0007696,65536,61348,0,0,4188
0007697,65536,55897,0,0,9639
0007698,65536,9212,0,0,56324
0007699,65536,3335,0,0,62201
0007700,65536,0,0,0,65536
0007701,65536,0,0,0,65536
0007702,65536,0,0,0,65536
0007703,65536,0,0,0,65536
0007704,65536,0,0,0,65536
0007705,65536,16116,0,0,49420
0007706,65536,2395,0,0,63141
0007707,65536,576,0,0,64960
0007708,65536,0,0,0,65536
0007709,65536,0,0,0,65536
0007710,65536,23505,0,0,42031
0007711,65536,1205,0,0,64331
0007712,65536,0,0,0,65536
0007713,65536,0,0,0,65536
0007714,65536,0,0,0,65536
0007715,65536,0,0,0,65536
0007716,65536,0,0,0,65536
0007717,65536,0,0,0,65536
0007718,65536,1114,0,0,64422
0007719,65536,548,0,0,64988
0007720,65536,389,0,0,65147
0007721,65536,0,0,0,65536
0007722,65536,0,0,0,65536
0007723,65536,59354,0,0,6182
0007724,65536,13,0,0,65523
0007725,65536,0,0,0,65536
0007726,65536,10435,0,0,55101
0007727,65536,0,0,0,65536
0007728,65536,0,0,0,65536
0007729,65536,0,0,0,65536
0007730,65536,0,0,0,65536
0007731,65536,0,0,0,65536
0007732,65536,24530,0,0,41006
0007733,65536,15351,0,0,50185
0007734,65536,24637,0,0,40899
0007735,65536,0,0,0,65536
0007736,65536,0,0,0,65536
0007737,65536,0,0,0,65536
0007738,65536,40138,0,0,25398
0007739,65536,2409,0,0,63127
0007740,65536,27150,0,0,38386
0007741,65536,0,0,0,65536
0007742,65536,0,0,0,65536
0007743,65536,0,0,0,65536
0007744,65536,0,0,0,65536
0007745,65536,932,0,0,64604
0007746,65536,0,0,0,65536
0007747,65536,13542,0,0,51994
0007748,65536,65250,0,0,286
0007749,65536,47024,0,0,18512
0007750,65536,15540,0,0,49996
0007751,65536,0,0,0,65536
0007752,65536,53470,0,0,12066
0007753,65536,18596,0,0,46940
0007754,65536,14070,0,0,51466
0007755,65536,20759,0,0,44777
0007756,65536,19693,0,0,45843
0007757,65536,438,0,0,65098
0007758,65536,25801,0,0,39735
0007759,65536,3855,0,0,61681
0007760,65536,4191,0,0,61345
0007761,65536,8668,0,0,56868
0007762,65536,27325,0,0,38211
0007763,65536,17366,0,0,48170
0007764,65536,30537,34999,0,0
0007765,65536,47540,17996,0,0
0007766,65536,24234,41302,0,0
0007767,65536,9838,55698,0,0
0007768,65536,29898,35638,0,0
0007769,65536,50482,15054,0,0
0007770,65536,42554,22982,0,0
0007771,65536,32723,32813,0,0
0007772,65536,65528,8,0,0
0007773,65536,51809,13727,0,0
0007774,65536,65515,21,0,0
0007775,65536,45736,19800,0,0
0007776,65536,56530,9006,0,0
0007777,65536,46702,18834,0,0
0007778,65536,20024,45512,0,0
0007779,65536,51242,14294,0,0
0007780,65536,40156,25380,0,0
0007781,65536,14568,50968,0,0
0007782,65536,10148,55388,0,0
0007783,65536,50645,14891,0,0
