rank,sample_id,total_pixels,class_0,class_1,class_2,class_3
1,0003155,65536,65535,1,0,0
2,0000026,65536,0,0,0,65536
3,0000099,65536,0,0,65536,0
4,0001554,65536,0,65536,0,0
5,0003679,65536,65535,1,0,0
6,0002255,65536,65534,2,0,0
7,0000030,65536,0,0,0,65536
8,0001555,65536,0,65536,0,0
9,0000100,65536,0,0,65536,0
10,0002730,65536,65534,2,0,0
11,0005201,65536,65533,0,0,3
12,0000038,65536,0,0,0,65536
13,0001556,65536,0,65536,0,0
14,0000114,65536,0,0,65536,0
15,0002230,65536,65532,4,0,0
16,0003842,65536,65532,4,0,0
17,0000043,65536,0,0,0,65536
18,0001557,65536,0,65536,0,0
19,0003387,65536,65530,6,0,0
20,0000125,65536,0,0,65536,0
21,0003742,65536,65529,7,0,0
22,0000046,65536,0,0,0,65536
23,0007772,65536,65528,8,0,0
24,0001630,65536,0,65536,0,0
25,0000135,65536,0,0,65536,0
26,0000902,65536,65526,0,0,10
27,0000053,65536,0,0,0,65536
28,0007677,65536,65525,0,0,11
29,0001693,65536,0,65536,0,0
30,0000188,65536,0,0,65536,0
31,0006641,65536,65524,0,12,0
32,0002555,65536,65522,14,0,0
33,0000066,65536,0,0,0,65536
34,0001695,65536,0,65536,0,0
35,0003457,65536,65521,15,0,0
36,0000189,65536,0,0,65536,0
37,0003183,65536,65520,16,0,0
38,0000073,65536,0,0,0,65536
39,0003501,65536,65519,17,0,0
40,0001877,65536,0,65536,0,0
41,0000195,65536,0,0,65536,0
42,0005156,65536,65519,0,0,17
43,0000074,65536,0,0,0,65536
44,0006002,65536,65519,0,17,0
45,0001878,65536,0,65536,0,0
46,0000267,65536,0,0,65536,0
47,0005742,65536,65518,0,0,18
48,0000081,65536,0,0,0,65536
49,0000354,65536,65516,0,0,20
50,0001879,65536,0,65536,0,0
51,0004413,65536,65516,0,0,20
52,0000272,65536,0,0,65536,0
53,0000082,65536,0,0,0,65536
54,0007774,65536,65515,21,0,0
55,0003685,65536,65514,22,0,0
56,0001881,65536,0,65536,0,0
57,0003879,65536,0,0,65536,0
58,0000083,65536,0,0,0,65536
59,0004441,65536,65514,0,0,22
60,0003722,65536,65513,23,0,0
61,0001885,65536,0,65536,0,0
62,0005720,65536,65513,0,0,23
63,0003880,65536,0,0,65536,0
64,0000094,65536,0,0,0,65536
65,0004679,65536,65512,0,24,0
66,0001886,65536,0,65536,0,0
67,0006140,65536,65511,0,25,0
68,0000289,65536,0,0,0,65536
69,0003881,65536,0,0,65536,0
70,0003270,65536,65510,26,0,0
71,0001720,65536,65507,29,0,0
72,0001887,65536,0,65536,0,0
73,0000290,65536,0,0,0,65536
74,0003883,65536,0,0,65536,0
75,0000905,65536,65501,0,0,35
76,0001713,65536,65500,36,0,0
77,0001889,65536,0,65536,0,0
78,0000295,65536,0,0,0,65536
79,0006112,65536,65499,0,37,0
80,0003884,65536,0,0,65536,0
81,0006231,65536,65499,0,37,0
82,0000296,65536,0,0,0,65536
83,0001893,65536,0,65536,0,0
84,0006858,65536,65499,0,37,0
85,0003885,65536,0,0,65536,0
86,0000118,65536,65498,0,38,0
87,0000302,65536,0,0,0,65536
88,0007159,65536,65498,0,38,0
89,0002312,65536,0,65536,0,0
90,0003888,65536,0,0,65536,0
91,0000384,65536,65497,0,39,0
92,0001856,65536,65497,39,0,0
93,0000304,65536,0,0,0,65536
94,0002318,65536,0,65536,0,0
95,0001830,65536,65495,41,0,0
96,0003889,65536,0,0,65536,0
97,0005206,65536,65495,0,41,0
98,0000308,65536,0,0,0,65536
99,0002419,65536,0,65536,0,0
100,0004375,65536,65494,0,0,42
101,0003891,65536,0,0,65536,0
102,0003635,65536,65493,43,0,0
103,0000309,65536,0,0,0,65536
104,0002697,65536,65491,45,0,0
105,0002456,65536,0,65536,0,0
106,0003892,65536,0,0,65536,0
107,0007348,65536,65489,0,0,47
108,0000316,65536,0,0,0,65536
109,0004644,65536,65487,0,49,0
110,0002457,65536,0,65536,0,0
111,0005126,65536,65487,0,0,49
112,0003893,65536,0,0,65536,0
113,0000317,65536,0,0,0,65536
114,0003130,65536,65486,50,0,0
115,0002469,65536,0,65536,0,0
116,0005399,65536,65486,50,0,0
117,0003895,65536,0,0,65536,0
118,0000326,65536,0,0,0,65536
119,0000435,65536,65484,0,52,0
120,0007583,65536,65480,0,56,0
121,0002482,65536,0,65536,0,0
122,0000299,65536,65479,0,0,57
123,0003896,65536,0,0,65536,0
124,0000327,65536,0,0,0,65536
125,0007089,65536,65478,0,58,0
126,0002490,65536,0,65536,0,0
127,0006255,65536,65474,0,62,0
128,0000332,65536,0,0,0,65536
129,0003897,65536,0,0,65536,0
130,0003817,65536,65473,63,0,0
131,0002491,65536,0,65536,0,0
132,0002704,65536,65469,67,0,0
133,0000333,65536,0,0,0,65536
134,0003898,65536,0,0,65536,0
135,0007079,65536,65469,0,67,0
136,0005959,65536,65468,0,68,0
137,0002492,65536,0,65536,0,0
138,0000338,65536,0,0,0,65536
139,0007324,65536,65466,0,0,70
140,0003901,65536,0,0,65536,0
141,0003276,65536,65464,72,0,0
142,0002495,65536,0,65536,0,0
143,0000567,65536,0,0,0,65536
144,0002314,65536,65460,76,0,0
145,0003902,65536,0,0,65536,0
146,0005155,65536,65460,0,0,76
147,0002496,65536,0,65536,0,0
148,0006153,65536,65460,0,76,0
149,0000568,65536,0,0,0,65536
150,0003904,65536,0,0,65536,0
151,0002021,65536,65459,77,0,0
152,0007255,65536,65459,0,77,0
153,0002499,65536,0,65536,0,0
154,0000569,65536,0,0,0,65536
155,0000406,65536,65458,0,78,0
156,0003905,65536,0,0,65536,0
157,0007005,65536,65458,0,78,0
158,0000570,65536,0,0,0,65536
159,0002500,65536,0,65536,0,0
160,0002638,65536,65456,80,0,0
161,0003906,65536,0,0,65536,0
162,0002713,65536,65455,81,0,0
163,0000571,65536,0,0,0,65536
164,0002501,65536,0,65536,0,0
165,0000422,65536,65454,0,82,0
166,0001915,65536,65453,83,0,0
167,0003907,65536,0,0,65536,0
168,0000572,65536,0,0,0,65536
169,0006094,65536,65451,0,85,0
170,0002502,65536,0,65536,0,0
171,0003523,65536,65450,86,0,0
172,0003908,65536,0,0,65536,0
173,0000573,65536,0,0,0,65536
174,0003164,65536,65448,88,0,0
175,0002503,65536,0,65536,0,0
176,0007468,65536,65446,0,90,0
177,0003909,65536,0,0,65536,0
178,0002539,65536,65445,91,0,0
179,0000574,65536,0,0,0,65536
180,0002504,65536,0,65536,0,0
181,0007231,65536,65444,0,92,0
182,0003771,65536,65439,97,0,0
183,0003910,65536,0,0,65536,0
184,0000575,65536,0,0,0,65536
185,0007184,65536,65439,0,0,97
186,0002505,65536,0,65536,0,0
187,0002568,65536,65434,102,0,0
188,0000576,65536,0,0,0,65536
189,0003911,65536,0,0,65536,0
190,0003123,65536,65431,105,0,0
191,0002506,65536,0,65536,0,0
192,0004472,65536,65430,0,0,106
193,0000577,65536,0,0,0,65536
194,0003912,65536,0,0,65536,0
195,0003145,65536,65429,107,0,0
196,0002509,65536,0,65536,0,0
197,0003686,65536,65428,108,0,0
198,0000578,65536,0,0,0,65536
199,0004432,65536,65425,0,0,111
200,0003913,65536,0,0,65536,0
201,0007608,65536,65425,0,111,0
202,0002510,65536,0,65536,0,0
203,0000579,65536,0,0,0,65536
204,0006136,65536,65422,0,114,0
205,0003915,65536,0,0,65536,0
206,0005226,65536,65420,0,116,0
207,0002511,65536,0,65536,0,0
208,0002615,65536,65416,120,0,0
209,0000580,65536,0,0,0,65536
210,0005791,65536,65416,0,120,0
211,0003916,65536,0,0,65536,0
212,0002512,65536,0,65536,0,0
213,0001582,65536,65414,122,0,0
214,0000581,65536,0,0,0,65536
215,0003850,65536,65413,123,0,0
216,0003917,65536,0,0,65536,0
217,0002513,65536,0,65536,0,0
218,0004952,65536,65411,0,125,0
219,0000582,65536,0,0,0,65536
220,0005298,65536,65410,0,0,126
221,0003918,65536,0,0,65536,0
222,0004734,65536,65408,0,128,0
223,0002514,65536,0,65536,0,0
224,0000583,65536,0,0,0,65536
225,0003750,65536,65407,129,0,0
226,0003840,65536,65404,132,0,0
227,0003919,65536,0,0,65536,0
228,0002518,65536,0,65536,0,0
229,0000584,65536,0,0,0,65536
230,0001564,65536,65403,133,0,0
231,0003852,65536,65402,134,0,0
232,0003920,65536,0,0,65536,0
233,0002520,65536,0,65536,0,0
234,0005681,65536,65402,0,0,134
235,0000585,65536,0,0,0,65536
236,0002041,65536,65400,136,0,0
237,0003921,65536,0,0,65536,0
238,0007596,65536,65399,0,137,0
239,0000586,65536,0,0,0,65536
240,0002546,65536,0,65536,0,0
241,0004941,65536,65391,0,145,0
242,0001819,65536,65388,148,0,0
243,0003922,65536,0,0,65536,0
244,0000587,65536,0,0,0,65536
245,0002547,65536,0,65536,0,0
246,0004238,65536,65387,0,0,149
247,0007567,65536,65386,0,150,0
248,0000588,65536,0,0,0,65536
249,0003923,65536,0,0,65536,0
250,0002548,65536,0,65536,0,0
251,0006096,65536,65377,0,159,0
252,0006254,65536,65375,0,161,0
253,0000589,65536,0,0,0,65536
254,0000253,65536,65374,0,162,0
255,0003924,65536,0,0,65536,0
256,0002549,65536,0,65536,0,0
257,0003862,65536,65374,162,0,0
258,0000590,65536,0,0,0,65536
259,0006001,65536,65372,0,164,0
260,0003925,65536,0,0,65536,0
261,0002556,65536,0,65536,0,0
262,0004101,65536,65363,0,0,173
263,0006156,65536,65362,0,174,0
264,0000591,65536,0,0,0,65536
265,0003927,65536,0,0,65536,0
266,0002576,65536,0,65536,0,0
267,0004947,65536,65360,0,0,176
268,0006197,65536,65352,0,184,0
269,0000592,65536,0,0,0,65536
270,0005219,65536,65351,0,185,0
271,0003928,65536,0,0,65536,0
272,0002586,65536,0,65536,0,0
273,0000387,65536,65347,0,189,0
274,0000593,65536,0,0,0,65536
275,0004046,65536,65347,0,189,0
276,0003929,65536,0,0,65536,0
277,0002596,65536,0,65536,0,0
278,0002680,65536,65342,194,0,0
279,0000594,65536,0,0,0,65536
280,0004111,65536,65342,0,194,0
281,0003930,65536,0,0,65536,0
282,0002600,65536,0,65536,0,0
283,0007628,65536,65339,0,197,0
284,0000595,65536,0,0,0,65536
285,0002775,65536,65337,199,0,0
286,0003480,65536,65333,203,0,0
287,0002603,65536,0,65536,0,0
288,0003931,65536,0,0,65536,0
289,0000596,65536,0,0,0,65536
290,0000423,65536,65331,0,205,0
291,0001829,65536,65329,207,0,0
292,0002604,65536,0,65536,0,0
293,0003932,65536,0,0,65536,0
294,0003138,65536,65325,211,0,0
295,0000597,65536,0,0,0,65536
296,0002619,65536,65324,212,0,0
297,0002649,65536,0,65536,0,0
298,0001256,65536,65323,0,0,213
299,0003933,65536,0,0,65536,0
300,0000598,65536,0,0,0,65536
301,0000837,65536,65322,0,0,214
302,0000928,65536,65321,0,0,215
303,0002656,65536,0,65536,0,0
304,0003934,65536,0,0,65536,0
305,0000599,65536,0,0,0,65536
306,0003489,65536,65319,217,0,0
307,0006509,65536,65318,0,218,0
308,0002658,65536,0,65536,0,0
309,0000600,65536,0,0,0,65536
310,0003935,65536,0,0,65536,0
311,0007573,65536,65316,0,220,0
312,0007445,65536,65314,0,222,0
313,0000601,65536,0,0,0,65536
314,0002839,65536,0,65536,0,0
315,0001397,65536,65309,0,227,0
316,0003936,65536,0,0,65536,0
317,0000075,65536,65306,0,0,230
318,0005168,65536,65303,0,0,233
319,0000602,65536,0,0,0,65536
320,0002849,65536,0,65536,0,0
321,0003937,65536,0,0,65536,0
322,0002627,65536,65302,234,0,0
323,0006962,65536,65299,0,0,237
324,0000603,65536,0,0,0,65536
325,0002863,65536,0,65536,0,0
326,0003938,65536,0,0,65536,0
327,0000785,65536,65298,0,0,238
328,0000396,65536,65295,0,241,0
329,0000604,65536,0,0,0,65536
330,0002884,65536,0,65536,0,0
331,0004750,65536,65293,0,243,0
332,0003939,65536,0,0,65536,0
333,0004622,65536,65290,0,246,0
334,0000605,65536,0,0,0,65536
335,0003837,65536,65289,247,0,0
336,0002889,65536,0,65536,0,0
337,0003940,65536,0,0,65536,0
338,0007397,65536,65288,0,248,0
339,0000606,65536,0,0,0,65536
340,0006955,65536,65286,0,250,0
341,0002923,65536,0,65536,0,0
342,0004929,65536,65279,0,0,257
343,0003941,65536,0,0,65536,0
344,0002731,65536,65277,259,0,0
345,0000607,65536,0,0,0,65536
346,0002924,65536,0,65536,0,0
347,0001709,65536,65275,261,0,0
348,0003943,65536,0,0,65536,0
349,0006865,65536,65275,0,261,0
350,0000608,65536,0,0,0,65536
351,0002043,65536,65274,262,0,0
352,0002947,65536,0,65536,0,0
353,0003944,65536,0,0,65536,0
354,0007229,65536,65271,0,0,265
355,0000609,65536,0,0,0,65536
356,0005506,65536,65270,0,266,0
357,0003135,65536,0,65536,0,0
358,0006997,65536,65265,0,271,0
359,0003945,65536,0,0,65536,0
360,0000610,65536,0,0,0,65536
361,0001542,65536,65262,274,0,0
362,0003202,65536,0,65536,0,0
363,0002422,65536,65261,275,0,0
364,0003946,65536,0,0,65536,0
365,0000611,65536,0,0,0,65536
366,0006178,65536,65258,0,278,0
367,0005623,65536,65255,0,281,0
368,0003209,65536,0,65536,0,0
369,0000612,65536,0,0,0,65536
370,0000446,65536,65253,0,283,0
371,0003947,65536,0,0,65536,0
372,0001259,65536,65250,0,0,286
373,0003210,65536,0,65536,0,0
374,0004435,65536,65250,0,286,0
375,0000613,65536,0,0,0,65536
376,0003948,65536,0,0,65536,0
377,0007748,65536,65250,0,0,286
378,0003211,65536,0,65536,0,0
379,0001509,65536,65249,287,0,0
380,0000614,65536,0,0,0,65536
381,0003950,65536,0,0,65536,0
382,0002774,65536,65248,288,0,0
383,0002046,65536,65244,292,0,0
384,0003212,65536,0,65536,0,0
385,0000615,65536,0,0,0,65536
386,0004944,65536,65244,0,0,292
387,0003951,65536,0,0,65536,0
388,0003681,65536,65241,295,0,0
389,0000616,65536,0,0,0,65536
390,0003238,65536,0,65536,0,0
391,0004103,65536,65240,0,296,0
392,0003952,65536,0,0,65536,0
393,0006664,65536,65237,0,299,0
394,0000617,65536,0,0,0,65536
395,0001236,65536,65236,0,0,300
396,0003239,65536,0,65536,0,0
397,0003953,65536,0,0,65536,0
398,0003404,65536,65231,305,0,0
399,0005462,65536,65230,0,306,0
400,0000618,65536,0,0,0,65536
401,0003240,65536,0,65536,0,0
402,0000008,65536,65228,308,0,0
403,0003954,65536,0,0,65536,0
404,0005247,65536,65228,0,0,308
405,0000619,65536,0,0,0,65536
406,0003285,65536,0,65536,0,0
407,0004502,65536,65220,0,0,316
408,0003955,65536,0,0,65536,0
409,0006453,65536,65219,0,317,0
410,0000620,65536,0,0,0,65536
411,0002412,65536,65216,320,0,0
412,0003296,65536,0,65536,0,0
413,0002765,65536,65213,323,0,0
414,0003957,65536,0,0,65536,0
415,0000621,65536,0,0,0,65536
416,0004643,65536,65212,0,324,0
417,0003299,65536,0,65536,0,0
418,0005233,65536,65212,0,324,0
419,0003959,65536,0,0,65536,0
420,0000622,65536,0,0,0,65536
421,0005243,65536,65209,0,0,327
422,0003311,65536,0,65536,0,0
423,0006165,65536,65191,0,345,0
424,0003960,65536,0,0,65536,0
425,0000623,65536,0,0,0,65536
426,0007578,65536,65189,0,347,0
427,0004663,65536,65185,0,351,0
428,0003367,65536,0,65536,0,0
429,0005139,65536,65184,0,0,352
430,0000624,65536,0,0,0,65536
431,0003961,65536,0,0,65536,0
432,0005607,65536,65184,0,352,0
433,0003377,65536,0,65536,0,0
434,0001264,65536,65181,0,0,355
435,0000625,65536,0,0,0,65536
436,0003965,65536,0,0,65536,0
437,0003703,65536,65173,363,0,0
438,0003378,65536,0,65536,0,0
439,0004910,65536,65171,0,0,365
440,0000626,65536,0,0,0,65536
441,0004677,65536,65169,0,367,0
442,0003967,65536,0,0,65536,0
443,0006684,65536,65169,0,367,0
444,0003553,65536,0,65536,0,0
445,0000627,65536,0,0,0,65536
446,0003280,65536,65163,373,0,0
447,0003968,65536,0,0,65536,0
448,0003717,65536,65152,384,0,0
449,0003584,65536,0,65536,0,0
450,0000628,65536,0,0,0,65536
451,0005694,65536,65152,0,0,384
452,0003969,65536,0,0,65536,0
453,0007296,65536,65151,0,0,385
454,0003767,65536,0,65536,0,0
455,0005185,65536,65148,0,0,388
456,0000629,65536,0,0,0,65536
457,0004716,65536,65137,0,399,0
458,0003971,65536,0,0,65536,0
459,0007262,65536,65137,0,399,0
460,0003768,65536,0,65536,0,0
461,0000630,65536,0,0,0,65536
462,0001925,65536,65134,402,0,0
463,0003973,65536,0,0,65536,0
464,0007129,65536,65130,0,406,0
465,0005324,65536,0,65536,0,0
466,0000631,65536,0,0,0,65536
467,0007131,65536,65117,0,419,0
468,0001584,65536,65111,425,0,0
469,0003974,65536,0,0,65536,0
470,0000632,65536,0,0,0,65536
471,0005340,65536,0,65536,0,0
472,0007117,65536,65110,0,426,0
473,0004704,65536,65108,0,0,428
474,0003975,65536,0,0,65536,0
475,0000633,65536,0,0,0,65536
476,0006631,65536,65105,0,431,0
477,0005343,65536,0,65536,0,0
478,0002247,65536,65104,432,0,0
479,0003976,65536,0,0,65536,0
480,0002429,65536,65104,432,0,0
481,0000634,65536,0,0,0,65536
482,0005347,65536,0,65536,0,0
483,0007284,65536,65103,0,433,0
484,0003636,65536,65102,434,0,0
485,0003979,65536,0,0,65536,0
486,0000635,65536,0,0,0,65536
487,0005348,65536,0,65536,0,0
488,0007276,65536,65100,0,0,436
489,0004933,65536,65099,0,0,437
490,0000636,65536,0,0,0,65536
491,0003980,65536,0,0,65536,0
492,0004666,65536,65098,0,438,0
493,0005354,65536,0,65536,0,0
494,0005301,65536,65098,0,438,0
495,0000637,65536,0,0,0,65536
496,0005572,65536,65095,0,0,441
497,0003981,65536,0,0,65536,0
498,0005356,65536,0,65536,0,0
499,0006655,65536,65095,0,0,441
500,0000638,65536,0,0,0,65536
501,0007202,65536,65095,0,0,441
502,0003984,65536,0,0,65536,0
503,0005357,65536,0,65536,0,0
504,0007233,65536,65095,0,0,441
505,0004916,65536,65094,0,0,442
506,0000639,65536,0,0,0,65536
507,0003985,65536,0,0,65536,0
508,0006746,65536,65090,446,0,0
509,0005358,65536,0,65536,0,0
510,0007662,65536,65086,0,450,0
511,0000640,65536,0,0,0,65536
512,0005150,65536,65085,0,0,451
513,0003986,65536,0,0,65536,0
514,0005362,65536,0,65536,0,0
515,0006675,65536,65084,0,452,0
516,0000641,65536,0,0,0,65536
517,0001532,65536,65078,458,0,0
518,0003987,65536,0,0,65536,0
519,0005364,65536,0,65536,0,0
520,0001725,65536,65078,458,0,0
521,0000642,65536,0,0,0,65536
522,0006948,65536,65074,0,462,0
523,0004686,65536,65073,0,463,0
524,0003990,65536,0,0,65536,0
525,0005381,65536,0,65536,0,0
526,0000643,65536,0,0,0,65536
527,0000995,65536,65064,0,0,472
528,0006222,65536,65064,0,472,0
529,0003992,65536,0,0,65536,0
530,0006732,65536,0,65536,0,0
531,0003098,65536,65062,474,0,0
532,0000644,65536,0,0,0,65536
533,0001260,65536,65060,0,0,476
534,0003994,65536,0,0,65536,0
535,0002327,65536,2,65534,0,0
536,0001562,65536,65059,477,0,0
537,0000645,65536,0,0,0,65536
538,0006868,65536,65055,0,481,0
539,0003847,65536,65051,485,0,0
540,0003995,65536,0,0,65536,0
541,0002307,65536,3,65533,0,0
542,0000646,65536,0,0,0,65536
543,0005125,65536,65033,0,0,503
544,0000788,65536,65032,0,0,504
545,0003997,65536,0,0,65536,0
546,0003763,65536,3,65533,0,0
547,0000647,65536,0,0,0,65536
548,0005656,65536,65032,0,0,504
549,0007263,65536,65032,0,504,0
550,0000648,65536,0,0,0,65536
551,0003998,65536,0,0,65536,0
552,0004717,65536,65028,0,508,0
553,0003354,65536,4,65532,0,0
554,0001563,65536,65025,511,0,0
555,0004235,65536,65018,0,0,518
556,0000649,65536,0,0,0,65536
557,0001768,65536,5,65531,0,0
558,0003999,65536,0,0,65536,0
559,0007071,65536,65017,0,519,0
560,0007571,65536,65012,0,0,524
561,0000650,65536,0,0,0,65536
562,0005434,65536,5,65531,0,0
563,0004000,65536,0,0,65536,0
564,0005079,65536,65011,0,0,525
565,0005468,65536,65006,0,530,0
566,0000651,65536,0,0,0,65536
567,0000927,65536,64998,0,0,538
568,0005435,65536,5,65531,0,0
569,0004006,65536,0,0,65536,0
570,0007462,65536,64989,0,547,0
571,0000652,65536,0,0,0,65536
572,0007214,65536,64987,0,549,0
573,0002427,65536,6,65530,0,0
574,0004007,65536,0,0,65536,0
575,0003177,65536,64986,550,0,0
576,0000653,65536,0,0,0,65536
577,0006701,65536,64980,0,556,0
578,0002933,65536,6,65530,0,0
579,0002971,65536,64977,559,0,0
580,0004008,65536,0,0,65536,0
581,0007247,65536,64976,0,560,0
582,0000654,65536,0,0,0,65536
583,0001798,65536,64973,563,0,0
584,0003203,65536,7,65529,0,0
585,0004009,65536,0,0,65536,0
586,0004623,65536,64970,0,566,0
587,0000655,65536,0,0,0,65536
588,0003808,65536,64966,570,0,0
589,0003234,65536,7,65529,0,0
590,0004012,65536,0,0,65536,0
591,0007212,65536,64964,0,0,572
592,0000656,65536,0,0,0,65536
593,0000410,65536,64962,0,574,0
594,0006750,65536,8,65528,0,0
595,0002434,65536,64955,581,0,0
596,0004013,65536,0,0,65536,0
597,0000657,65536,0,0,0,65536
598,0003752,65536,64955,581,0,0
599,0002438,65536,64952,584,0,0
600,0003142,65536,13,65523,0,0
601,0004019,65536,0,0,65536,0
602,0000658,65536,0,0,0,65536
603,0007251,65536,64952,0,584,0
604,0005138,65536,64950,0,0,586
605,0003371,65536,14,65522,0,0
606,0001905,65536,64949,587,0,0
607,0004020,65536,0,0,65536,0
608,0000659,65536,0,0,0,65536
609,0002027,65536,64946,590,0,0
610,0003561,65536,14,65522,0,0
611,0002071,65536,64946,590,0,0
612,0000660,65536,0,0,0,65536
613,0004023,65536,0,0,65536,0
614,0000828,65536,64942,0,0,594
615,0001549,65536,64937,599,0,0
616,0005409,65536,14,65522,0,0
617,0000661,65536,0,0,0,65536
618,0004026,65536,0,0,65536,0
619,0006904,65536,64936,0,600,0
620,0002643,65536,64934,602,0,0
621,0003208,65536,16,65520,0,0
622,0000662,65536,0,0,0,65536
623,0004813,65536,64927,0,0,609
624,0004035,65536,0,0,65536,0
625,0000469,65536,64924,0,612,0
626,0000663,65536,0,0,0,65536
627,0007315,65536,64922,0,0,614
628,0001758,65536,18,65518,0,0
629,0004038,65536,0,0,65536,0
630,0006656,65536,64911,0,625,0
631,0007528,65536,64911,0,625,0
632,0000664,65536,0,0,0,65536
633,0003141,65536,18,65518,0,0
634,0003628,65536,64910,626,0,0
635,0004050,65536,0,0,65536,0
636,0005149,65536,64905,0,0,631
637,0000665,65536,0,0,0,65536
638,0005407,65536,19,65517,0,0
639,0005702,65536,64905,0,0,631
640,0004052,65536,0,0,65536,0
641,0001527,65536,64903,633,0,0
642,0000666,65536,0,0,0,65536
643,0004437,65536,64903,0,0,633
644,0003376,65536,22,65514,0,0
645,0004057,65536,0,0,65536,0
646,0003131,65536,64901,635,0,0
647,0000667,65536,0,0,0,65536
648,0006999,65536,64898,0,0,638
649,0001676,65536,26,65510,0,0
650,0003800,65536,64892,644,0,0
651,0004064,65536,0,0,65536,0
652,0000668,65536,0,0,0,65536
653,0007052,65536,64891,0,0,645
654,0003391,65536,27,65509,0,0
655,0005471,65536,64886,0,0,650
656,0004066,65536,0,0,65536,0
657,0005577,65536,64884,0,357,295
658,0000669,65536,0,0,0,65536
659,0007274,65536,64884,0,652,0
660,0003557,65536,28,65508,0,0
661,0003692,65536,64883,653,0,0
662,0004067,65536,0,0,65536,0
663,0000670,65536,0,0,0,65536
664,0005932,65536,64874,0,662,0
665,0002433,65536,29,65507,0,0
666,0003090,65536,64869,667,0,0
667,0004068,65536,0,0,65536,0
668,0000671,65536,0,0,0,65536
669,0001748,65536,64866,670,0,0
670,0001747,65536,31,65505,0,0
671,0007457,65536,64862,0,674,0
672,0000672,65536,0,0,0,65536
673,0004069,65536,0,0,65536,0
674,0003564,65536,64861,675,0,0
675,0001810,65536,64859,677,0,0
676,0003517,65536,36,65500,0,0
677,0006576,65536,64853,0,683,0
678,0000673,65536,0,0,0,65536
679,0004071,65536,0,0,65536,0
680,0007124,65536,64853,0,0,683
681,0003229,65536,37,65499,0,0
682,0007655,65536,64853,0,0,683
683,0000674,65536,0,0,0,65536
684,0004074,65536,0,0,65536,0
685,0000380,65536,64848,0,688,0
686,0002411,65536,64848,688,0,0
687,0002557,65536,38,65498,0,0
688,0000675,65536,0,0,0,65536
689,0002983,65536,64842,694,0,0
690,0004075,65536,0,0,65536,0
691,0000121,65536,64837,0,699,0
692,0001642,65536,40,65496,0,0
693,0000676,65536,0,0,0,65536
694,0006982,65536,64821,0,0,715
695,0004076,65536,0,0,65536,0
696,0001148,65536,64820,0,0,716
697,0003140,65536,40,65496,0,0
698,0000677,65536,0,0,0,65536
699,0005445,65536,64820,716,0,0
700,0004079,65536,0,0,65536,0
701,0005113,65536,64808,0,0,728
702,0003539,65536,64806,730,0,0
703,0000678,65536,0,0,0,65536
704,0003774,65536,42,65494,0,0
705,0004571,65536,64803,0,0,733
706,0004080,65536,0,0,65536,0
707,0004912,65536,64803,0,733,0
708,0000679,65536,0,0,0,65536
709,0002326,65536,45,65491,0,0
710,0004914,65536,64803,0,0,733
711,0004081,65536,0,0,65536,0
712,0007277,65536,64803,0,0,733
713,0000680,65536,0,0,0,65536
714,0001864,65536,46,65490,0,0
715,0004208,65536,64800,0,736,0
716,0007641,65536,64798,0,0,738
717,0004082,65536,0,0,65536,0
718,0000681,65536,0,0,0,65536
719,0007601,65536,64797,0,739,0
720,0003513,65536,52,65484,0,0
721,0005543,65536,64791,0,0,745
722,0004083,65536,0,0,65536,0
723,0006935,65536,64789,0,747,0
724,0000682,65536,0,0,0,65536
725,0001567,65536,55,65481,0,0
726,0000798,65536,64784,0,0,752
727,0004084,65536,0,0,65536,0
728,0003698,65536,64784,752,0,0
729,0000683,65536,0,0,0,65536
730,0005398,65536,56,65480,0,0
731,0000089,65536,64779,0,0,757
732,0001861,65536,64774,762,0,0
733,0004085,65536,0,0,65536,0
734,0000684,65536,0,0,0,65536
735,0007594,65536,64773,0,763,0
736,0001743,65536,58,65478,0,0
737,0004105,65536,64764,0,772,0
738,0000685,65536,0,0,0,65536
739,0004086,65536,0,0,65536,0
740,0004100,65536,64757,0,779,0
741,0005374,65536,70,65466,0,0
742,0000314,65536,64752,0,0,784
743,0000686,65536,0,0,0,65536
744,0002453,65536,64751,785,0,0
745,0004088,65536,0,0,65536,0
746,0000452,65536,64743,0,793,0
747,0003370,65536,73,65463,0,0
748,0002637,65536,64731,805,0,0
749,0000687,65536,0,0,0,65536
750,0004089,65536,0,0,65536,0
751,0004945,65536,64718,0,0,818
752,0002878,65536,78,65458,0,0
753,0006700,65536,64716,0,0,820
754,0000688,65536,0,0,0,65536
755,0005315,65536,64713,0,0,823
756,0004090,65536,0,0,65536,0
757,0001737,65536,79,65457,0,0
758,0005196,65536,64711,0,825,0
759,0000689,65536,0,0,0,65536
760,0002723,65536,64701,835,0,0
761,0004098,65536,0,0,65536,0
762,0002359,65536,64686,850,0,0
763,0001759,65536,85,65451,0,0
764,0000690,65536,0,0,0,65536
765,0007049,65536,64685,0,851,0
766,0004132,65536,0,0,65536,0
767,0000457,65536,64684,0,852,0
768,0005341,65536,93,65443,0,0
769,0000691,65536,0,0,0,65536
770,0004233,65536,64678,0,858,0
771,0000003,65536,64674,862,0,0
772,0004139,65536,0,0,65536,0
773,0003353,65536,98,65438,0,0
774,0004788,65536,64672,0,864,0
775,0000692,65536,0,0,0,65536
776,0005531,65536,64671,0,865,0
777,0004143,65536,0,0,65536,0
778,0001898,65536,64667,869,0,0
779,0002551,65536,103,65433,0,0
780,0000693,65536,0,0,0,65536
781,0003020,65536,64667,869,0,0
782,0007353,65536,64666,0,0,870
783,0004144,65536,0,0,65536,0
784,0000694,65536,0,0,0,65536
785,0002516,65536,107,65429,0,0
786,0004710,65536,64661,0,0,875
787,0005734,65536,64661,0,0,875
788,0004145,65536,0,0,65536,0
789,0000695,65536,0,0,0,65536
790,0003300,65536,119,65417,0,0
791,0004814,65536,64660,0,0,876
792,0000779,65536,64655,0,0,881
793,0004147,65536,0,0,65536,0
794,0004538,65536,64647,0,0,889
795,0000696,65536,0,0,0,65536
796,0001702,65536,120,65416,0,0
797,0003262,65536,64646,890,0,0
798,0003225,65536,64644,892,0,0
799,0000697,65536,0,0,0,65536
800,0004148,65536,0,0,65536,0
801,0001650,65536,121,65415,0,0
802,0000849,65536,64641,0,0,895
803,0003450,65536,64637,899,0,0
804,0000698,65536,0,0,0,65536
805,0004150,65536,0,0,65536,0
806,0006727,65536,64636,900,0,0
807,0002528,65536,121,65415,0,0
808,0007230,65536,64634,0,0,902
809,0000699,65536,0,0,0,65536
810,0007640,65536,64632,0,904,0
811,0004154,65536,0,0,65536,0
812,0003559,65536,126,65410,0,0
813,0002605,65536,64627,909,0,0
814,0000700,65536,0,0,0,65536
815,0005231,65536,64620,0,0,916
816,0004155,65536,0,0,65536,0
817,0003754,65536,138,65398,0,0
818,0002545,65536,64613,923,0,0
819,0004465,65536,64610,0,0,926
820,0000701,65536,0,0,0,65536
821,0002009,65536,64609,927,0,0
822,0004163,65536,0,0,65536,0
823,0001834,65536,142,65394,0,0
824,0007349,65536,64608,0,0,928
825,0000702,65536,0,0,0,65536
826,0002542,65536,64606,930,0,0
827,0004164,65536,0,0,65536,0
828,0003334,65536,148,65388,0,0
829,0007332,65536,64603,0,0,933
830,0000703,65536,0,0,0,65536
831,0006821,65536,64601,0,935,0
832,0004165,65536,0,0,65536,0
833,0003857,65536,64600,936,0,0
834,0003556,65536,151,65385,0,0
835,0000704,65536,0,0,0,65536
836,0004709,65536,64593,0,0,943
837,0003546,65536,64589,947,0,0
838,0004166,65536,0,0,65536,0
839,0001635,65536,152,65384,0,0
840,0000775,65536,64586,0,950,0
841,0000705,65536,0,0,0,65536
842,0006760,65536,64586,950,0,0
843,0004167,65536,0,0,65536,0
844,0003329,65536,162,65374,0,0
845,0004743,65536,64584,0,952,0
846,0000706,65536,0,0,0,65536
847,0002641,65536,64582,954,0,0
848,0002624,65536,64581,955,0,0
849,0004168,65536,0,0,65536,0
850,0001772,65536,173,65363,0,0
851,0000707,65536,0,0,0,65536
852,0005095,65536,64559,0,0,977
853,0006693,65536,64556,0,980,0
854,0004173,65536,0,0,65536,0
855,0001674,65536,180,65356,0,0
856,0000708,65536,0,0,0,65536
857,0007520,65536,64554,0,982,0
858,0003620,65536,64549,987,0,0
859,0006758,65536,182,65354,0,0
860,0004174,65536,0,0,65536,0
861,0000709,65536,0,0,0,65536
862,0007234,65536,64542,0,994,0
863,0004660,65536,64534,0,1002,0
864,0001589,65536,64529,1007,0,0
865,0000710,65536,0,0,0,65536
866,0002325,65536,192,65344,0,0
867,0004175,65536,0,0,65536,0
868,0003106,65536,64525,1011,0,0
869,0005152,65536,64524,0,0,1012
870,0000711,65536,0,0,0,65536
871,0001656,65536,195,65341,0,0
872,0004176,65536,0,0,65536,0
873,0005684,65536,64524,0,0,1012
874,0005000,65536,64515,0,0,1021
875,0000712,65536,0,0,0,65536
876,0006461,65536,64509,0,1027,0
877,0001624,65536,198,65338,0,0
878,0004177,65536,0,0,65536,0
879,0000932,65536,64508,0,0,1028
880,0000713,65536,0,0,0,65536
881,0006869,65536,64505,0,1031,0
882,0003411,65536,200,65336,0,0
883,0004178,65536,0,0,65536,0
884,0007428,65536,64501,0,1035,0
885,0007603,65536,64499,0,1037,0
886,0000714,65536,0,0,0,65536
887,0005393,65536,200,65336,0,0
888,0000826,65536,64492,0,0,1044
889,0004179,65536,0,0,65536,0
890,0003735,65536,64489,1047,0,0
891,0000715,65536,0,0,0,65536
892,0007665,65536,64487,0,1049,0
893,0001938,65536,201,65335,0,0
894,0004180,65536,0,0,65536,0
895,0000203,65536,64485,0,1051,0
896,0000716,65536,0,0,0,65536
897,0003118,65536,64482,1054,0,0
898,0001608,65536,203,65333,0,0
899,0002022,65536,64481,1055,0,0
900,0004191,65536,0,0,65536,0
901,0000717,65536,0,0,0,65536
902,0006672,65536,64478,0,1058,0
903,0001890,65536,221,65315,0,0
904,0000470,65536,64477,0,1059,0
905,0004574,65536,0,0,65536,0
906,0000718,65536,0,0,0,65536
907,0005487,65536,64472,0,1064,0
908,0007480,65536,64466,0,1070,0
909,0001682,65536,228,65308,0,0
910,0007461,65536,64464,0,1072,0
911,0004581,65536,0,0,65536,0
912,0000719,65536,0,0,0,65536
913,0003114,65536,64463,1073,0,0
914,0003287,65536,228,65308,0,0
915,0004230,65536,64463,0,1073,0
916,0000720,65536,0,0,0,65536
917,0004582,65536,0,0,65536,0
918,0005716,65536,64458,0,1078,0
919,0001740,65536,234,65302,0,0
920,0007407,65536,64456,0,1080,0
921,0000721,65536,0,0,0,65536
922,0004611,65536,0,0,65536,0
923,0004588,65536,64454,0,1082,0
924,0005195,65536,64450,0,1086,0
925,0001736,65536,246,65290,0,0
926,0000722,65536,0,0,0,65536
927,0004953,65536,64443,0,1093,0
928,0004621,65536,0,0,65536,0
929,0001037,65536,64441,0,0,1095
930,0002943,65536,246,65290,0,0
931,0005078,65536,64437,0,0,1099
932,0000723,65536,0,0,0,65536
933,0004648,65536,0,0,65536,0
934,0007134,65536,64436,0,1100,0
935,0001760,65536,64434,1102,0,0
936,0005325,65536,250,65286,0,0
937,0000724,65536,0,0,0,65536
938,0007604,65536,64432,0,1104,0
939,0004672,65536,0,0,65536,0
940,0001806,65536,64429,1107,0,0
941,0001703,65536,253,65283,0,0
942,0000725,65536,0,0,0,65536
943,0002431,65536,64429,1107,0,0
944,0004779,65536,0,0,65536,0
945,0002642,65536,64429,1107,0,0
946,0000726,65536,0,0,0,65536
947,0003134,65536,255,65281,0,0
948,0004786,65536,64429,0,0,1107
949,0004942,65536,64428,0,1108,0
950,0004780,65536,0,0,65536,0
951,0000727,65536,0,0,0,65536
952,0004529,65536,64425,0,0,1111
953,0002333,65536,263,65273,0,0
954,0007568,65536,64425,0,1111,0
955,0004781,65536,0,0,65536,0
956,0000466,65536,64400,0,1136,0
957,0000728,65536,0,0,0,65536
958,0001790,65536,267,65269,0,0
959,0003163,65536,64392,1144,0,0
960,0007171,65536,64384,0,1152,0
961,0004790,65536,0,0,65536,0
962,0000729,65536,0,0,0,65536
963,0001606,65536,269,65267,0,0
964,0004767,65536,64382,0,1154,0
965,0002206,65536,64377,1159,0,0
966,0000730,65536,0,0,0,65536
967,0004791,65536,0,0,65536,0
968,0002300,65536,64371,1165,0,0
969,0005355,65536,279,65257,0,0
970,0005061,65536,64369,0,0,1167
971,0000731,65536,0,0,0,65536
972,0005466,65536,64369,0,0,1167
973,0004792,65536,0,0,65536,0
974,0002594,65536,285,65251,0,0
975,0006558,65536,64364,0,1172,0
976,0007577,65536,64362,0,1174,0
977,0000732,65536,0,0,0,65536
978,0004803,65536,0,0,65536,0
979,0004364,65536,64351,0,0,1185
980,0005388,65536,300,65236,0,0
981,0000368,65536,64350,0,1186,0
982,0000733,65536,0,0,0,65536
983,0004804,65536,0,0,65536,0
984,0001254,65536,64350,0,0,1186
985,0002909,65536,306,65230,0,0
986,0005318,65536,64340,0,0,1196
987,0000734,65536,0,0,0,65536
988,0007668,65536,64334,0,0,1202
989,0004812,65536,0,0,65536,0
990,0001644,65536,311,65225,0,0
991,0006577,65536,64332,0,1204,0
992,0000735,65536,0,0,0,65536
993,0000566,65536,64324,0,1212,0
994,0004831,65536,0,0,65536,0
995,0002954,65536,64321,1215,0,0
996,0003595,65536,312,65224,0,0
997,0004031,65536,64315,0,1221,0
998,0000736,65536,0,0,0,65536
999,0004232,65536,64315,0,1221,0
1000,0004832,65536,0,0,65536,0
1001,0001876,65536,315,65221,0,0
1002,0001533,65536,64307,1229,0,0
1003,0000737,65536,0,0,0,65536
1004,0002590,65536,64300,1236,0,0
1005,0004833,65536,0,0,65536,0
1006,0003589,65536,319,65217,0,0
1007,0003351,65536,64300,1236,0,0
1008,0000738,65536,0,0,0,65536
1009,0003669,65536,64295,1241,0,0
1010,0005419,65536,64293,1243,0,0
1011,0004834,65536,0,0,65536,0
1012,0001838,65536,332,65204,0,0
1013,0000739,65536,0,0,0,65536
1014,0001505,65536,64287,1249,0,0
1015,0007256,65536,64282,0,1254,0
1016,0004839,65536,0,0,65536,0
1017,0001638,65536,341,65195,0,0
1018,0000740,65536,0,0,0,65536
1019,0005444,65536,64270,1266,0,0
1020,0004476,65536,64269,0,0,1267
1021,0007692,65536,64267,0,0,1269
1022,0004840,65536,0,0,65536,0
1023,0000741,65536,0,0,0,65536
1024,0001553,65536,345,65191,0,0
1025,0007653,65536,64260,0,1276,0
1026,0003414,65536,64255,1281,0,0
1027,0000742,65536,0,0,0,65536
1028,0004841,65536,0,0,65536,0
1029,0003493,65536,349,65187,0,0
1030,0003827,65536,64248,1288,0,0
1031,0003117,65536,64246,1290,0,0
1032,0000743,65536,0,0,0,65536
1033,0004842,65536,0,0,65536,0
1034,0007625,65536,64246,0,1290,0
1035,0001742,65536,352,65184,0,0
1036,0002566,65536,64244,1292,0,0
1037,0000744,65536,0,0,0,65536
1038,0004903,65536,64244,0,1292,0
1039,0004853,65536,0,0,65536,0
1040,0002417,65536,359,65177,0,0
1041,0007540,65536,64231,0,1305,0
1042,0004350,65536,64228,0,0,1308
1043,0000745,65536,0,0,0,65536
1044,0004854,65536,0,0,65536,0
1045,0002646,65536,359,65177,0,0
1046,0007215,65536,64225,0,0,1311
1047,0000117,65536,64224,0,1312,0
1048,0000746,65536,0,0,0,65536
1049,0005696,65536,64218,0,0,1318
1050,0001726,65536,372,65164,0,0
1051,0004855,65536,0,0,65536,0
1052,0004999,65536,64216,0,0,1320
1053,0000747,65536,0,0,0,65536
1054,0004223,65536,64211,0,1325,0
1055,0001755,65536,380,65156,0,0
1056,0004858,65536,0,0,65536,0
1057,0002721,65536,64210,1326,0,0
1058,0000748,65536,0,0,0,65536
1059,0007305,65536,64206,0,0,1330
1060,0001780,65536,383,65153,0,0
1061,0005646,65536,64204,0,1332,0
1062,0004863,65536,0,0,65536,0
1063,0007228,65536,64204,0,0,1332
1064,0000749,65536,0,0,0,65536
1065,0003260,65536,64197,1339,0,0
1066,0001612,65536,388,65148,0,0
1067,0004864,65536,0,0,65536,0
1068,0007187,65536,64192,0,1344,0
1069,0000750,65536,0,0,0,65536
1070,0004695,65536,64190,0,0,1346
1071,0003328,65536,393,65143,0,0
1072,0007217,65536,64183,0,0,1353
1073,0004865,65536,0,0,65536,0
1074,0000751,65536,0,0,0,65536
1075,0003587,65536,64180,1356,0,0
1076,0006829,65536,64180,0,1356,0
1077,0003342,65536,399,65137,0,0
1078,0004866,65536,0,0,65536,0
1079,0000752,65536,0,0,0,65536
1080,0007579,65536,64177,0,1359,0
1081,0004620,65536,64173,0,1363,0
1082,0001756,65536,405,65131,0,0
1083,0007211,65536,64171,0,1365,0
1084,0004867,65536,0,0,65536,0
1085,0000753,65536,0,0,0,65536
1086,0006185,65536,64156,0,1380,0
1087,0003585,65536,417,65119,0,0
1088,0007279,65536,64150,0,1386,0
1089,0000754,65536,0,0,0,65536
1090,0004874,65536,0,0,65536,0
1091,0000497,65536,64149,0,1387,0
1092,0005245,65536,64140,0,0,1396
1093,0001620,65536,425,65111,0,0
1094,0000755,65536,0,0,0,65536
1095,0001828,65536,64132,1404,0,0
1096,0004875,65536,0,0,65536,0
1097,0000463,65536,64130,0,1406,0
1098,0002344,65536,432,65104,0,0
1099,0000756,65536,0,0,0,65536
1100,0005202,65536,64128,0,1408,0
1101,0004876,65536,0,0,65536,0
1102,0007586,65536,64127,0,1409,0
1103,0003531,65536,433,65103,0,0
1104,0000757,65536,0,0,0,65536
1105,0002373,65536,64124,1412,0,0
1106,0006826,65536,64124,0,1412,0
1107,0004877,65536,0,0,65536,0
1108,0003540,65536,64119,1417,0,0
1109,0000758,65536,0,0,0,65536
1110,0001805,65536,457,65079,0,0
1111,0004824,65536,64115,0,1421,0
1112,0004878,65536,0,0,65536,0
1113,0003452,65536,64113,1423,0,0
1114,0000759,65536,0,0,0,65536
1115,0001655,65536,458,65078,0,0
1116,0000335,65536,64111,0,0,1425
1117,0004879,65536,0,0,65536,0
1118,0005225,65536,64109,0,0,1427
1119,0000760,65536,0,0,0,65536
1120,0005179,65536,64108,0,1428,0
1121,0003143,65536,465,65071,0,0
1122,0005641,65536,64100,0,0,1436
1123,0005477,65536,0,0,65536,0
1124,0000761,65536,0,0,0,65536
1125,0001239,65536,64096,0,0,1440
1126,0003173,65536,466,65070,0,0
1127,0005474,65536,64094,0,1442,0
1128,0005511,65536,0,0,65536,0
1129,0004134,65536,64085,0,1451,0
1130,0000762,65536,0,0,0,65536
1131,0001752,65536,467,65069,0,0
1132,0005824,65536,64081,0,1455,0
1133,0004937,65536,64077,0,0,1459
1134,0005523,65536,0,0,65536,0
1135,0000763,65536,0,0,0,65536
1136,0000990,65536,64072,0,1464,0
1137,0001728,65536,470,65066,0,0
1138,0007634,65536,64069,0,1467,0
1139,0000764,65536,0,0,0,65536
1140,0005524,65536,0,0,65536,0
1141,0001251,65536,64061,0,0,1475
1142,0003312,65536,485,65051,0,0
1143,0007004,65536,64056,0,1480,0
1144,0000765,65536,0,0,0,65536
1145,0000459,65536,64055,0,1481,0
1146,0005546,65536,0,0,65536,0
1147,0006759,65536,488,65048,0,0
1148,0004729,65536,64055,0,1481,0
1149,0003519,65536,64047,1489,0,0
1150,0000766,65536,0,0,0,65536
1151,0005550,65536,0,0,65536,0
1152,0005507,65536,64043,0,1493,0
1153,0001875,65536,490,65046,0,0
1154,0004436,65536,64039,0,0,1497
1155,0000767,65536,0,0,0,65536
1156,0006199,65536,64035,0,1501,0
1157,0005558,65536,0,0,65536,0
1158,0001667,65536,492,65044,0,0
1159,0005213,65536,64031,0,1505,0
1160,0000768,65536,0,0,0,65536
1161,0007206,65536,64024,0,1512,0
1162,0001738,65536,494,65042,0,0
1163,0005566,65536,0,0,65536,0
1164,0000307,65536,64018,0,0,1518
1165,0000769,65536,0,0,0,65536
1166,0005465,65536,64008,0,0,1528
1167,0000383,65536,64002,0,1534,0
1168,0001669,65536,496,65040,0,0
1169,0005567,65536,0,0,65536,0
1170,0005317,65536,63996,0,0,1540
1171,0000770,65536,0,0,0,65536
1172,0002759,65536,63993,1543,0,0
1173,0003313,65536,502,65034,0,0
1174,0005587,65536,0,0,65536,0
1175,0006714,65536,63987,0,1549,0
1176,0000771,65536,0,0,0,65536
1177,0006134,65536,63983,0,1553,0
1178,0005115,65536,63979,0,0,1557
1179,0003325,65536,511,65025,0,0
1180,0005588,65536,0,0,65536,0
1181,0000772,65536,0,0,0,65536
1182,0004918,65536,63967,0,0,1569
1183,0007419,65536,63957,0,1579,0
1184,0003315,65536,513,65023,0,0
1185,0005592,65536,0,0,65536,0
1186,0001814,65536,63954,1582,0,0
1187,0000773,65536,0,0,0,65536
1188,0003674,65536,63951,1585,0,0
1189,0003128,65536,523,65013,0,0
1190,0007269,65536,63951,0,0,1585
1191,0005593,65536,0,0,65536,0
1192,0000776,65536,0,0,0,65536
1193,0007164,65536,63943,0,1593,0
1194,0004152,65536,63938,0,1598,0
1195,0003832,65536,542,64994,0,0
1196,0000782,65536,0,0,0,65536
1197,0005594,65536,0,0,65536,0
1198,0006629,65536,63938,0,1598,0
1199,0006012,65536,63937,0,1599,0
1200,0002483,65536,545,64991,0,0
1201,0000787,65536,0,0,0,65536
1202,0002276,65536,63936,1600,0,0
1203,0005602,65536,0,0,65536,0
1204,0005982,65536,63930,0,1606,0
1205,0000796,65536,0,0,0,65536
1206,0001894,65536,551,64985,0,0
1207,0007642,65536,63929,0,1607,0
1208,0005603,65536,0,0,65536,0
1209,0005082,65536,63926,0,0,1610
1210,0004897,65536,63924,0,1612,0
1211,0000797,65536,0,0,0,65536
1212,0003301,65536,560,64976,0,0
1213,0000280,65536,63916,0,0,1620
1214,0005604,65536,0,0,65536,0
1215,0007420,65536,63916,0,1620,0
1216,0000806,65536,0,0,0,65536
1217,0001685,65536,561,64975,0,0
1218,0007257,65536,63915,0,1621,0
1219,0005608,65536,0,0,65536,0
1220,0004664,65536,63912,0,1624,0
1221,0000807,65536,0,0,0,65536
1222,0000462,65536,63908,0,1628,0
1223,0005449,65536,564,64972,0,0
1224,0001823,65536,63908,1628,0,0
1225,0005609,65536,0,0,65536,0
1226,0000811,65536,0,0,0,65536
1227,0001080,65536,63904,0,0,1632
1228,0005367,65536,593,64943,0,0
1229,0006942,65536,63896,0,1640,0
1230,0005613,65536,0,0,65536,0
1231,0005662,65536,63891,0,0,1645
1232,0000813,65536,0,0,0,65536
1233,0003355,65536,594,64942,0,0
1234,0004954,65536,63884,0,0,1652
1235,0007559,65536,63877,0,1659,0
1236,0005614,65536,0,0,65536,0
1237,0000814,65536,0,0,0,65536
1238,0001023,65536,63870,0,1666,0
1239,0002667,65536,618,64918,0,0
1240,0007375,65536,63868,0,1668,0
1241,0000815,65536,0,0,0,65536
1242,0005615,65536,0,0,65536,0
1243,0005469,65536,63867,0,1669,0
1244,0003583,65536,628,64908,0,0
1245,0007093,65536,63862,0,1674,0
1246,0000816,65536,0,0,0,65536
1247,0001091,65536,63858,0,0,1678
1248,0005616,65536,0,0,65536,0
1249,0001939,65536,630,64906,0,0
1250,0005285,65536,63857,0,0,1679
1251,0007516,65536,63855,0,1681,0
1252,0000817,65536,0,0,0,65536
1253,0005617,65536,0,0,65536,0
1254,0001196,65536,63850,1686,0,0
1255,0003310,65536,633,64903,0,0
1256,0000455,65536,63836,0,1700,0
1257,0000825,65536,0,0,0,65536
1258,0000854,65536,63835,0,0,1701
1259,0005620,65536,0,0,65536,0
1260,0002891,65536,645,64891,0,0
1261,0005697,65536,63832,0,0,1704
1262,0000834,65536,0,0,0,65536
1263,0006941,65536,63829,0,1707,0
1264,0005621,65536,0,0,65536,0
1265,0001670,65536,648,64888,0,0
1266,0000411,65536,63827,0,1709,0
1267,0007470,65536,63807,0,1729,0
1268,0000855,65536,0,0,0,65536
1269,0003795,65536,63793,1743,0,0
1270,0002907,65536,660,64876,0,0
1271,0005625,65536,0,0,65536,0
1272,0002368,65536,63792,1744,0,0
1273,0000858,65536,0,0,0,65536
1274,0000848,65536,63784,0,0,1752
1275,0001802,65536,661,64875,0,0
1276,0005626,65536,0,0,65536,0
1277,0005018,65536,63784,0,0,1752
1278,0000859,65536,0,0,0,65536
1279,0003160,65536,63782,1754,0,0
1280,0002072,65536,63778,1758,0,0
1281,0005387,65536,675,64861,0,0
1282,0005627,65536,0,0,65536,0
1283,0000861,65536,0,0,0,65536
1284,0001056,65536,63777,0,0,1759
1285,0006674,65536,63772,0,0,1764
1286,0003197,65536,676,64860,0,0
1287,0005628,65536,0,0,65536,0
1288,0003397,65536,63771,1765,0,0
1289,0000862,65536,0,0,0,65536
1290,0006638,65536,63770,0,1766,0
1291,0004777,65536,63769,0,1767,0
1292,0000020,65536,686,64850,0,0
1293,0005629,65536,0,0,65536,0
1294,0000863,65536,0,0,0,65536
1295,0004047,65536,63768,0,1768,0
1296,0006635,65536,63761,0,1775,0
1297,0003133,65536,686,64850,0,0
1298,0000864,65536,0,0,0,65536
1299,0005630,65536,0,0,65536,0
1300,0002142,65536,63760,1776,0,0
1301,0003579,65536,63754,1782,0,0
1302,0002467,65536,687,64849,0,0
1303,0000865,65536,0,0,0,65536
1304,0007225,65536,63754,0,1782,0
1305,0005635,65536,0,0,65536,0
1306,0005570,65536,63748,0,0,1788
1307,0004106,65536,63745,0,0,1791
1308,0002579,65536,696,64840,0,0
1309,0000866,65536,0,0,0,65536
1310,0005636,65536,0,0,65536,0
1311,0003529,65536,63744,1792,0,0
1312,0006679,65536,63739,0,1797,0
1313,0000867,65536,0,0,0,65536
1314,0003786,65536,707,64829,0,0
1315,0001773,65536,63735,1801,0,0
1316,0005746,65536,0,0,65536,0
1317,0002800,65536,63731,1805,0,0
1318,0000868,65536,0,0,0,65536
1319,0001824,65536,63724,1812,0,0
1320,0003027,65536,737,64799,0,0
1321,0005747,65536,0,0,65536,0
1322,0003253,65536,63719,1817,0,0
1323,0000869,65536,0,0,0,65536
1324,0002952,65536,63708,1828,0,0
1325,0003297,65536,738,64798,0,0
1326,0002488,65536,63706,1830,0,0
1327,0005748,65536,0,0,65536,0
1328,0000050,65536,63705,0,0,1831
1329,0000870,65536,0,0,0,65536
1330,0007436,65536,63701,0,1835,0
1331,0002868,65536,759,64777,0,0
1332,0005750,65536,0,0,65536,0
1333,0000458,65536,63699,0,1837,0
1334,0000871,65536,0,0,0,65536
1335,0002972,65536,63695,1841,0,0
1336,0001779,65536,785,64751,0,0
1337,0003524,65536,63691,1845,0,0
1338,0005751,65536,0,0,65536,0
1339,0000872,65536,0,0,0,65536
1340,0002853,65536,63686,1850,0,0
1341,0001781,65536,785,64751,0,0
1342,0003246,65536,63678,1858,0,0
1343,0005752,65536,0,0,65536,0
1344,0000873,65536,0,0,0,65536
1345,0006651,65536,63673,0,1863,0
1346,0006968,65536,63673,0,1863,0
1347,0002593,65536,795,64741,0,0
1348,0005754,65536,0,0,65536,0
1349,0006811,65536,63668,0,1868,0
1350,0000875,65536,0,0,0,65536
1351,0000961,65536,63656,0,1880,0
1352,0001746,65536,796,64740,0,0
1353,0006996,65536,63655,0,1881,0
1354,0000876,65536,0,0,0,65536
1355,0005755,65536,0,0,65536,0
1356,0003083,65536,63643,1893,0,0
1357,0005051,65536,63643,0,0,1893
1358,0003555,65536,797,64739,0,0
1359,0000877,65536,0,0,0,65536
1360,0001680,65536,63641,1895,0,0
1361,0005756,65536,0,0,65536,0
1362,0004807,65536,63636,0,1900,0
1363,0003326,65536,803,64733,0,0
1364,0000878,65536,0,0,0,65536
1365,0002668,65536,63633,1903,0,0
1366,0005757,65536,0,0,65536,0
1367,0005210,65536,63633,0,1903,0
1368,0001784,65536,808,64728,0,0
1369,0006202,65536,63632,0,1904,0
1370,0000879,65536,0,0,0,65536
1371,0004742,65536,63626,0,1910,0
1372,0005759,65536,0,0,65536,0
1373,0000371,65536,63625,0,1911,0
1374,0000883,65536,0,0,0,65536
1375,0001735,65536,830,64706,0,0
1376,0007062,65536,63622,0,0,1914
1377,0005760,65536,0,0,65536,0
1378,0007043,65536,63615,0,1921,0
1379,0000885,65536,0,0,0,65536
1380,0003562,65536,834,64702,0,0
1381,0000211,65536,63612,0,1924,0
1382,0005269,65536,63605,0,0,1931
1383,0005761,65536,0,0,65536,0
1384,0000886,65536,0,0,0,65536
1385,0000564,65536,63600,0,1936,0
1386,0003267,65536,835,64701,0,0
1387,0002720,65536,63596,1940,0,0
1388,0005762,65536,0,0,65536,0
1389,0007560,65536,63589,0,1947,0
1390,0000887,65536,0,0,0,65536
1391,0003242,65536,841,64695,0,0
1392,0003874,65536,63586,1950,0,0
1393,0002487,65536,63578,1958,0,0
1394,0005763,65536,0,0,65536,0
1395,0000898,65536,0,0,0,65536
1396,0005363,65536,858,64678,0,0
1397,0007222,65536,63573,0,0,1963
1398,0003113,65536,63563,1973,0,0
1399,0000913,65536,0,0,0,65536
1400,0005765,65536,0,0,65536,0
1401,0002260,65536,63559,1977,0,0
1402,0003232,65536,859,64677,0,0
1403,0002030,65536,63557,1979,0,0
1404,0000914,65536,0,0,0,65536
1405,0000412,65536,63543,0,1993,0
1406,0005766,65536,0,0,65536,0
1407,0001651,65536,862,64674,0,0
1408,0004590,65536,63543,0,1993,0
1409,0000472,65536,63539,0,1997,0
1410,0000915,65536,0,0,0,65536
1411,0005768,65536,0,0,65536,0
1412,0000402,65536,63538,0,1998,0
1413,0002582,65536,886,64650,0,0
1414,0006145,65536,63538,0,1998,0
1415,0000916,65536,0,0,0,65536
1416,0007246,65536,63525,0,0,2011
1417,0005769,65536,0,0,65536,0
1418,0003198,65536,914,64622,0,0
1419,0002232,65536,63517,2019,0,0
1420,0000917,65536,0,0,0,65536
1421,0003534,65536,63514,2022,0,0
1422,0005770,65536,0,0,65536,0
1423,0003677,65536,63513,2023,0,0
1424,0001700,65536,915,64621,0,0
1425,0000918,65536,0,0,0,65536
1426,0005220,65536,63501,0,2035,0
1427,0004799,65536,63493,0,0,2043
1428,0005771,65536,0,0,65536,0
1429,0001668,65536,916,64620,0,0
1430,0007656,65536,63492,0,2044,0
1431,0000919,65536,0,0,0,65536
1432,0007657,65536,63488,0,2048,0
1433,0003152,65536,926,64610,0,0
1434,0005772,65536,0,0,65536,0
1435,0004160,65536,63484,0,2052,0
1436,0000920,65536,0,0,0,65536
1437,0000456,65536,63479,0,2057,0
1438,0001795,65536,63469,2067,0,0
1439,0002082,65536,938,64598,0,0
1440,0005773,65536,0,0,65536,0
1441,0000923,65536,0,0,0,65536
1442,0004209,65536,63468,0,2068,0
1443,0000403,65536,63465,0,0,2071
1444,0003286,65536,962,64574,0,0
1445,0000924,65536,0,0,0,65536
1446,0005774,65536,0,0,65536,0
1447,0002380,65536,63464,2072,0,0
1448,0002078,65536,63463,2073,0,0
1449,0005717,65536,63457,0,2079,0
1450,0001716,65536,963,64573,0,0
1451,0000925,65536,0,0,0,65536
1452,0005775,65536,0,0,65536,0
1453,0000432,65536,63453,0,2083,0
1454,0000443,65536,63450,0,2086,0
1455,0000934,65536,0,0,0,65536
1456,0001751,65536,971,64565,0,0
1457,0005777,65536,0,0,65536,0
1458,0004711,65536,63448,0,0,2088
1459,0007565,65536,63445,0,2091,0
1460,0000935,65536,0,0,0,65536
1461,0001771,65536,971,64565,0,0
1462,0002543,65536,63440,2096,0,0
1463,0005780,65536,0,0,65536,0
1464,0006106,65536,63434,0,2102,0
1465,0000936,65536,0,0,0,65536
1466,0004950,65536,63432,0,0,2104
1467,0001611,65536,980,64556,0,0
1468,0005781,65536,0,0,65536,0
1469,0006663,65536,63428,0,0,2108
1470,0000355,65536,63426,0,0,2110
1471,0000937,65536,0,0,0,65536
1472,0002354,65536,985,64551,0,0
1473,0004389,65536,63424,0,0,2112
1474,0005782,65536,0,0,65536,0
1475,0003778,65536,63418,2118,0,0
1476,0000938,65536,0,0,0,65536
1477,0001991,65536,1013,64523,0,0
1478,0000313,65536,63413,0,0,2123
1479,0005783,65536,0,0,65536,0
1480,0001508,65536,63398,2138,0,0
1481,0000939,65536,0,0,0,65536
1482,0007587,65536,63395,0,0,2141
1483,0002859,65536,1022,64514,0,0
1484,0006091,65536,63388,0,2148,0
1485,0005784,65536,0,0,65536,0
1486,0001282,65536,63385,0,0,2151
1487,0000940,65536,0,0,0,65536
1488,0003560,65536,1076,64460,0,0
1489,0006800,65536,63385,0,2151,0
1490,0005785,65536,0,0,65536,0
1491,0006940,65536,63385,0,2151,0
1492,0000941,65536,0,0,0,65536
1493,0002653,65536,63382,2154,0,0
1494,0001754,65536,1086,64450,0,0
1495,0004909,65536,63381,0,0,2155
1496,0005793,65536,0,0,65536,0
1497,0000942,65536,0,0,0,65536
1498,0005534,65536,63372,0,2164,0
1499,0003314,65536,1115,64421,0,0
1500,0003475,65536,63365,2171,0,0
1501,0005804,65536,0,0,65536,0
1502,0003247,65536,63360,2176,0,0
1503,0000943,65536,0,0,0,65536
1504,0003129,65536,1125,64411,0,0
1505,0006175,65536,63359,0,2177,0
1506,0005010,65536,63335,0,0,2201
1507,0000945,65536,0,0,0,65536
1508,0005808,65536,0,0,65536,0
1509,0005485,65536,63333,0,2203,0
1510,0001613,65536,1132,64404,0,0
1511,0001156,65536,63329,0,0,2207
1512,0000946,65536,0,0,0,65536
1513,0005809,65536,0,0,65536,0
1514,0001498,65536,63325,2211,0,0
1515,0003291,65536,1152,64384,0,0
1516,0000365,65536,63323,0,2213,0
1517,0000948,65536,0,0,0,65536
1518,0005244,65536,63322,0,0,2214
1519,0005815,65536,0,0,65536,0
1520,0002991,65536,63315,2221,0,0
1521,0005456,65536,1155,64381,0,0
1522,0003261,65536,63305,2231,0,0
1523,0000949,65536,0,0,0,65536
1524,0005822,65536,0,0,65536,0
1525,0007406,65536,63298,0,2238,0
1526,0002066,65536,1173,64363,0,0
1527,0000784,65536,63295,0,0,2241
1528,0000950,65536,0,0,0,65536
1529,0000983,65536,63289,0,2247,0
1530,0005826,65536,0,0,65536,0
1531,0003100,65536,1191,64345,0,0
1532,0006240,65536,63288,0,2248,0
1533,0000951,65536,0,0,0,65536
1534,0002240,65536,63283,2253,0,0
1535,0005830,65536,0,0,65536,0
1536,0005899,65536,63282,0,2254,0
1537,0002879,65536,1193,64343,0,0
1538,0000952,65536,0,0,0,65536
1539,0005222,65536,63279,0,2257,0
1540,0007141,65536,63279,0,2257,0
1541,0005832,65536,0,0,65536,0
1542,0001831,65536,1197,64339,0,0
1543,0006799,65536,63277,0,2259,0
1544,0000953,65536,0,0,0,65536
1545,0005470,65536,63275,0,0,2261
1546,0000999,65536,63272,0,2264,0
1547,0003590,65536,1213,64323,0,0
1548,0005840,65536,0,0,65536,0
1549,0000958,65536,0,0,0,65536
1550,0005486,65536,63267,0,2269,0
1551,0004129,65536,63266,0,2270,0
1552,0002791,65536,1218,64318,0,0
1553,0000965,65536,0,0,0,65536
1554,0005841,65536,0,0,65536,0
1555,0006168,65536,63260,0,2276,0
1556,0005209,65536,63258,0,2278,0
1557,0001950,65536,1262,64274,0,0
1558,0000996,65536,0,0,0,65536
1559,0006412,65536,63250,0,0,2286
1560,0005843,65536,0,0,65536,0
1561,0001862,65536,63244,2292,0,0
1562,0000079,65536,63240,0,0,2296
1563,0001880,65536,1286,64250,0,0
1564,0000997,65536,0,0,0,65536
1565,0005844,65536,0,0,65536,0
1566,0000180,65536,63234,0,2302,0
1567,0006554,65536,63232,0,2304,0
1568,0003026,65536,1291,64245,0,0
1569,0001035,65536,0,0,0,65536
1570,0002376,65536,63228,2308,0,0
1571,0005845,65536,0,0,65536,0
1572,0000820,65536,63224,0,2312,0
1573,0001036,65536,0,0,0,65536
1574,0001766,65536,1299,64237,0,0
1575,0005715,65536,63224,0,0,2312
1576,0005846,65536,0,0,65536,0
1577,0002544,65536,63220,2316,0,0
1578,0005197,65536,63218,0,2318,0
1579,0001042,65536,0,0,0,65536
1580,0001928,65536,1306,64230,0,0
1581,0006159,65536,63183,0,2353,0
1582,0005847,65536,0,0,65536,0
1583,0007094,65536,63175,0,2361,0
1584,0001043,65536,0,0,0,65536
1585,0002526,65536,1332,64204,0,0
1586,0000398,65536,63173,0,2363,0
1587,0002193,65536,63172,2364,0,0
1588,0005855,65536,0,0,65536,0
1589,0001044,65536,0,0,0,65536
1590,0007362,65536,63168,0,0,2368
1591,0001832,65536,1348,64188,0,0
1592,0002771,65536,63159,2377,0,0
1593,0005856,65536,0,0,65536,0
1594,0001045,65536,0,0,0,65536
1595,0007667,65536,63155,0,0,2381
1596,0001757,65536,1365,64171,0,0
1597,0000071,65536,63149,0,0,2387
1598,0007219,65536,63147,0,0,2389
1599,0005865,65536,0,0,65536,0
1600,0001046,65536,0,0,0,65536
1601,0001614,65536,1368,64168,0,0
1602,0006974,65536,63146,0,2390,0
1603,0005859,65536,63145,0,2391,0
1604,0001047,65536,0,0,0,65536
1605,0005866,65536,0,0,65536,0
1606,0004587,65536,63142,0,2394,0
1607,0002323,65536,1373,64163,0,0
1608,0003195,65536,63131,2405,0,0
1609,0001048,65536,0,0,0,65536
1610,0004003,65536,63123,0,2413,0
1611,0005874,65536,0,0,65536,0
1612,0001993,65536,1392,64144,0,0
1613,0002020,65536,63122,2414,0,0
1614,0003671,65536,63114,2422,0,0
1615,0001049,65536,0,0,0,65536
1616,0005875,65536,0,0,65536,0
1617,0005205,65536,63096,0,2440,0
1618,0001600,65536,1399,64137,0,0
1619,0006863,65536,63095,0,2441,0
1620,0001050,65536,0,0,0,65536
1621,0004794,65536,63094,0,2442,0
1622,0005879,65536,0,0,65536,0
1623,0005376,65536,1403,64133,0,0
1624,0002865,65536,63092,2444,0,0
1625,0001051,65536,0,0,0,65536
1626,0005271,65536,63092,0,0,2444
1627,0005880,65536,0,0,65536,0
1628,0002648,65536,1408,64128,0,0
1629,0005732,65536,63092,0,2444,0
1630,0001052,65536,0,0,0,65536
1631,0005612,65536,63077,0,2459,0
1632,0006484,65536,63076,0,2460,0
1633,0002485,65536,1459,64077,0,0
1634,0005881,65536,0,0,65536,0
1635,0005178,65536,63075,0,0,2461
1636,0001053,65536,0,0,0,65536
1637,0006694,65536,63073,0,2463,0
1638,0001694,65536,1474,64062,0,0
1639,0007216,65536,63072,0,0,2464
1640,0005882,65536,0,0,65536,0
1641,0001054,65536,0,0,0,65536
1642,0000137,65536,63069,0,2467,0
1643,0002530,65536,1478,64058,0,0
1644,0007224,65536,63065,0,0,2471
1645,0005883,65536,0,0,65536,0
1646,0001055,65536,0,0,0,65536
1647,0003860,65536,63059,2477,0,0
1648,0004584,65536,63059,0,2477,0
1649,0000010,65536,1485,64051,0,0
1650,0003424,65536,63058,2478,0,0
1651,0001057,65536,0,0,0,65536
1652,0005884,65536,0,0,65536,0
1653,0007196,65536,63057,0,2479,0
1654,0006762,65536,1496,64040,0,0
1655,0002745,65536,63035,2501,0,0
1656,0001058,65536,0,0,0,65536
1657,0005887,65536,0,0,65536,0
1658,0005814,65536,63031,0,2505,0
1659,0003485,65536,63030,2506,0,0
1660,0003516,65536,1511,64025,0,0
1661,0001059,65536,0,0,0,65536
1662,0004861,65536,63030,0,2506,0
1663,0005888,65536,0,0,65536,0
1664,0004264,65536,63026,0,0,2510
1665,0005334,65536,1511,64025,0,0
1666,0001060,65536,0,0,0,65536
1667,0005200,65536,63016,0,2520,0
1668,0005889,65536,0,0,65536,0
1669,0002898,65536,63011,2525,0,0
1670,0004121,65536,63007,0,2529,0
1671,0005396,65536,1542,63994,0,0
1672,0001061,65536,0,0,0,65536
1673,0007686,65536,63004,0,0,2532
1674,0005890,65536,0,0,65536,0
1675,0004806,65536,62999,0,2537,0
1676,0001882,65536,1544,63992,0,0
1677,0001064,65536,0,0,0,65536
1678,0000774,65536,62980,0,0,2556
1679,0005891,65536,0,0,65536,0
1680,0000330,65536,62979,0,0,2557
1681,0001623,65536,1585,63951,0,0
1682,0001065,65536,0,0,0,65536
1683,0006921,65536,62968,0,2568,0
1684,0002552,65536,62967,2569,0,0
1685,0005892,65536,0,0,65536,0
1686,0005228,65536,62967,0,2569,0
1687,0001066,65536,0,0,0,65536
1688,0001625,65536,1592,63944,0,0
1689,0006167,65536,62966,0,2570,0
1690,0000845,65536,62965,0,0,2571
1691,0005893,65536,0,0,65536,0
1692,0001067,65536,0,0,0,65536
1693,0002882,65536,1642,63894,0,0
1694,0005964,65536,62965,0,2571,0
1695,0004221,65536,62956,0,2580,0
1696,0001069,65536,0,0,0,65536
1697,0005894,65536,0,0,65536,0
1698,0003298,65536,1662,63874,0,0
1699,0004712,65536,62956,0,0,2580
1700,0007449,65536,62954,0,2582,0
1701,0001071,65536,0,0,0,65536
1702,0001518,65536,62949,2587,0,0
1703,0005895,65536,0,0,65536,0
1704,0002880,65536,1677,63859,0,0
1705,0002756,65536,62937,2599,0,0
1706,0001892,65536,62920,2616,0,0
1707,0001072,65536,0,0,0,65536
1708,0005896,65536,0,0,65536,0
1709,0002657,65536,1691,63845,0,0
1710,0007392,65536,62917,0,2619,0
1711,0003079,65536,62911,2625,0,0
1712,0001073,65536,0,0,0,65536
1713,0000460,65536,62910,0,2626,0
1714,0005377,65536,1692,63844,0,0
1715,0005897,65536,0,0,65536,0
1716,0004274,65536,62907,0,0,2629
1717,0001074,65536,0,0,0,65536
1718,0006119,65536,62889,0,2647,0
1719,0003322,65536,1700,63836,0,0
1720,0005900,65536,0,0,65536,0
1721,0000378,65536,62886,0,2650,0
1722,0001075,65536,0,0,0,65536
1723,0005903,65536,62886,0,2650,0
1724,0001681,65536,1743,63793,0,0
1725,0007515,65536,62864,0,2672,0
1726,0005901,65536,0,0,65536,0
1727,0004936,65536,62859,0,0,2677
1728,0001076,65536,0,0,0,65536
1729,0007282,65536,62852,0,2684,0
1730,0001966,65536,1751,63785,0,0
1731,0007557,65536,62848,0,2688,0
1732,0005902,65536,0,0,65536,0
1733,0001077,65536,0,0,0,65536
1734,0006260,65536,62847,0,2689,0
1735,0002910,65536,1763,63773,0,0
1736,0004749,65536,62841,0,2695,0
1737,0001078,65536,0,0,0,65536
1738,0005905,65536,0,0,65536,0
1739,0006097,65536,62829,0,2707,0
1740,0002592,65536,1769,63767,0,0
1741,0004585,65536,62827,0,2709,0
1742,0001079,65536,0,0,0,65536
1743,0004591,65536,62824,0,2712,0
1744,0005906,65536,0,0,65536,0
1745,0004102,65536,62823,0,2713,0
1746,0003655,65536,1780,63756,0,0
1747,0005962,65536,62809,0,2727,0
1748,0001084,65536,0,0,0,65536
1749,0007278,65536,62797,0,0,2739
1750,0005907,65536,0,0,65536,0
1751,0001661,65536,1787,63749,0,0
1752,0002747,65536,62790,2746,0,0
1753,0001085,65536,0,0,0,65536
1754,0004104,65536,62790,0,2746,0
1755,0005908,65536,0,0,65536,0
1756,0002486,65536,1796,63740,0,0
1757,0006161,65536,62790,0,2746,0
1758,0001086,65536,0,0,0,65536
1759,0007140,65536,62781,0,2755,0
1760,0005714,65536,62777,0,0,2759
1761,0003515,65536,1860,63676,0,0
1762,0005910,65536,0,0,65536,0
1763,0000351,65536,62772,0,0,2764
1764,0001087,65536,0,0,0,65536
1765,0007597,65536,62772,0,2764,0
1766,0001750,65536,1876,63660,0,0
1767,0005911,65536,0,0,65536,0
1768,0002710,65536,62758,2778,0,0
1769,0001088,65536,0,0,0,65536
1770,0001521,65536,62751,2785,0,0
1771,0000127,65536,62750,0,2786,0
1772,0002494,65536,1883,63653,0,0
1773,0005912,65536,0,0,65536,0
1774,0001089,65536,0,0,0,65536
1775,0003102,65536,62750,2786,0,0
1776,0005739,65536,62747,0,2789,0
1777,0002782,65536,1895,63641,0,0
1778,0001090,65536,0,0,0,65536
1779,0005913,65536,0,0,65536,0
1780,0005661,65536,62745,0,0,2791
1781,0001310,65536,62743,0,2793,0
1782,0002091,65536,1915,63621,0,0
1783,0000891,65536,62741,0,0,2795
1784,0001093,65536,0,0,0,65536
1785,0005914,65536,0,0,65536,0
1786,0006177,65536,62740,0,2796,0
1787,0006233,65536,62738,0,2798,0
1788,0001745,65536,1921,63615,0,0
1789,0001094,65536,0,0,0,65536
1790,0002377,65536,62723,2813,0,0
1791,0005915,65536,0,0,65536,0
1792,0001598,65536,62715,2821,0,0
1793,0001653,65536,1930,63606,0,0
1794,0001095,65536,0,0,0,65536
1795,0002536,65536,62712,2824,0,0
1796,0005918,65536,0,0,65536,0
1797,0007469,65536,62712,0,2824,0
1798,0006186,65536,62703,0,2833,0
1799,0002790,65536,1938,63598,0,0
1800,0001096,65536,0,0,0,65536
1801,0002926,65536,62702,2834,0,0
1802,0005921,65536,0,0,65536,0
1803,0007386,65536,62699,0,2837,0
1804,0001097,65536,0,0,0,65536
1805,0003352,65536,1947,63589,0,0
1806,0002283,65536,62698,2838,0,0
1807,0005922,65536,0,0,65536,0
1808,0002378,65536,62687,2849,0,0
1809,0001098,65536,0,0,0,65536
1810,0007074,65536,62680,0,2856,0
1811,0005389,65536,1953,63583,0,0
1812,0005304,65536,62668,0,0,2868
1813,0005923,65536,0,0,65536,0
1814,0001099,65536,0,0,0,65536
1815,0007254,65536,62666,0,2870,0
1816,0003025,65536,1966,63570,0,0
1817,0000515,65536,62642,0,2894,0
1818,0002533,65536,62630,2906,0,0
1819,0005924,65536,0,0,65536,0
1820,0001100,65536,0,0,0,65536
1821,0003358,65536,1995,63541,0,0
1822,0006723,65536,62626,0,2910,0
1823,0000959,65536,62623,0,2913,0
1824,0001101,65536,0,0,0,65536
1825,0005926,65536,0,0,65536,0
1826,0005170,65536,62622,0,0,2914
1827,0003372,65536,2021,63515,0,0
1828,0005289,65536,62618,0,0,2918
1829,0001102,65536,0,0,0,65536
1830,0007188,65536,62614,0,2922,0
1831,0005927,65536,0,0,65536,0
1832,0003233,65536,2023,63513,0,0
1833,0001268,65536,62607,0,0,2929
1834,0007529,65536,62599,0,2937,0
1835,0001103,65536,0,0,0,65536
1836,0002860,65536,2041,63495,0,0
1837,0005928,65536,0,0,65536,0
1838,0005718,65536,62598,0,0,2938
1839,0004376,65536,62584,0,0,2952
1840,0001104,65536,0,0,0,65536
1841,0002357,65536,62575,2961,0,0
1842,0002577,65536,2057,63479,0,0
1843,0005929,65536,0,0,65536,0
1844,0001929,65536,62570,2966,0,0
1845,0001107,65536,0,0,0,65536
1846,0002406,65536,62564,2972,0,0
1847,0005930,65536,0,0,65536,0
1848,0002353,65536,2084,63452,0,0
1849,0003571,65536,62561,2975,0,0
1850,0000841,65536,62539,0,0,2997
1851,0001109,65536,0,0,0,65536
1852,0006519,65536,62537,0,2999,0
1853,0002932,65536,2084,63452,0,0
1854,0005931,65536,0,0,65536,0
1855,0003482,65536,62536,3000,0,0
1856,0001110,65536,0,0,0,65536
1857,0005081,65536,62536,0,0,3000
1858,0005379,65536,2089,63447,0,0
1859,0005938,65536,0,0,65536,0
1860,0006991,65536,62534,0,0,3002
1861,0001111,65536,0,0,0,65536
1862,0007170,65536,62533,0,3003,0
1863,0001804,65536,2151,63385,0,0
1864,0006473,65536,62531,0,3005,0
1865,0005943,65536,0,0,65536,0
1866,0005227,65536,62524,0,3012,0
1867,0001113,65536,0,0,0,65536
1868,0000933,65536,62522,0,0,3014
1869,0003469,65536,2152,63384,0,0
1870,0005945,65536,0,0,65536,0
1871,0007664,65536,62519,0,3017,0
1872,0001114,65536,0,0,0,65536
1873,0005292,65536,62508,0,3028,0
1874,0005397,65536,2153,63383,0,0
1875,0007475,65536,62508,0,3028,0
1876,0005947,65536,0,0,65536,0
1877,0001115,65536,0,0,0,65536
1878,0002446,65536,62477,3059,0,0
1879,0003982,65536,62473,0,3063,0
1880,0001687,65536,2161,63375,0,0
1881,0001116,65536,0,0,0,65536
1882,0002617,65536,62472,3064,0,0
1883,0005961,65536,0,0,65536,0
1884,0000429,65536,62434,0,3102,0
1885,0001844,65536,2172,63364,0,0
1886,0006131,65536,62434,0,3102,0
1887,0001117,65536,0,0,0,65536
1888,0005971,65536,0,0,65536,0
1889,0005721,65536,62433,0,0,3103
1890,0003127,65536,2173,63363,0,0
1891,0005868,65536,62431,0,3105,0
1892,0001118,65536,0,0,0,65536
1893,0006709,65536,62427,0,3109,0
1894,0005985,65536,0,0,65536,0
1895,0003347,65536,62420,3116,0,0
1896,0002946,65536,2181,63355,0,0
1897,0001119,65536,0,0,0,65536
1898,0007198,65536,62420,0,3116,0
1899,0006093,65536,62419,0,3117,0
1900,0005986,65536,0,0,65536,0
1901,0003290,65536,2204,63332,0,0
1902,0007663,65536,62409,0,3127,0
1903,0001120,65536,0,0,0,65536
1904,0000363,65536,62406,0,3130,0
1905,0001710,65536,2241,63295,0,0
1906,0005990,65536,0,0,65536,0
1907,0003443,65536,62405,3131,0,0
1908,0001121,65536,0,0,0,65536
1909,0001581,65536,62403,3133,0,0
1910,0006683,65536,62401,0,3135,0
1911,0002241,65536,2261,63275,0,0
1912,0005995,65536,0,0,65536,0
1913,0001122,65536,0,0,0,65536
1914,0004754,65536,62393,0,3143,0
1915,0005305,65536,62387,0,0,3149
1916,0005382,65536,2280,63256,0,0
1917,0001123,65536,0,0,0,65536
1918,0001231,65536,62380,0,0,3156
1919,0005996,65536,0,0,65536,0
1920,0007055,65536,62362,0,3174,0
1921,0001904,65536,62352,3184,0,0
1922,0006764,65536,2295,63241,0,0
1923,0001124,65536,0,0,0,65536
1924,0005999,65536,0,0,65536,0
1925,0006355,65536,62348,0,0,3188
1926,0006442,65536,62345,0,3191,0
1927,0002265,65536,2332,63204,0,0
1928,0001125,65536,0,0,0,65536
1929,0000173,65536,62325,0,3211,0
1930,0006004,65536,0,0,65536,0
1931,0001701,65536,62322,3214,0,0
1932,0003335,65536,2357,63179,0,0
1933,0001128,65536,0,0,0,65536
1934,0007384,65536,62322,0,3214,0
1935,0006005,65536,0,0,65536,0
1936,0001404,65536,62315,0,0,3221
1937,0005154,65536,62305,0,0,3231
1938,0005408,65536,2371,63165,0,0
1939,0001129,65536,0,0,0,65536
1940,0007666,65536,62305,0,0,3231
1941,0006006,65536,0,0,65536,0
1942,0001031,65536,62295,0,3241,0
1943,0003508,65536,2373,63163,0,0
1944,0001130,65536,0,0,0,65536
1945,0007190,65536,62292,0,3244,0
1946,0007173,65536,62288,0,1648,1600
1947,0006007,65536,0,0,65536,0
1948,0001932,65536,2377,63159,0,0
1949,0001131,65536,0,0,0,65536
1950,0006163,65536,62287,0,3249,0
1951,0002248,65536,62285,3251,0,0
1952,0006008,65536,0,0,65536,0
1953,0007150,65536,62281,0,3255,0
1954,0003049,65536,2405,63131,0,0
1955,0001132,65536,0,0,0,65536
1956,0006206,65536,62274,0,3262,0
1957,0002963,65536,62267,3269,0,0
1958,0006011,65536,0,0,65536,0
1959,0001133,65536,0,0,0,65536
1960,0001721,65536,2417,63119,0,0
1961,0003018,65536,62266,3270,0,0
1962,0000926,65536,62252,0,0,3284
1963,0006013,65536,0,0,65536,0
1964,0001136,65536,0,0,0,65536
1965,0000005,65536,62249,3287,0,0
1966,0002845,65536,2428,63108,0,0
1967,0004667,65536,62243,0,3293,0
1968,0001944,65536,62240,3296,0,0
1969,0001137,65536,0,0,0,65536
1970,0006016,65536,0,0,65536,0
1971,0002481,65536,2437,63099,0,0
1972,0002583,65536,62238,3298,0,0
1973,0006348,65536,62225,0,0,3311
1974,0001138,65536,0,0,0,65536
1975,0006019,65536,0,0,65536,0
1976,0004303,65536,62205,0,0,3331
1977,0002846,65536,2457,63079,0,0
1978,0000437,65536,62197,0,3339,0
1979,0001139,65536,0,0,0,65536
1980,0007451,65536,62192,0,3344,0
1981,0003725,65536,2499,63037,0,0
1982,0006022,65536,0,0,65536,0
1983,0007547,65536,62187,0,3349,0
1984,0004921,65536,62185,0,0,3351
1985,0001140,65536,0,0,0,65536
1986,0002269,65536,2503,63033,0,0
1987,0005208,65536,62176,0,3360,0
1988,0006023,65536,0,0,65536,0
1989,0006522,65536,62173,0,3363,0
1990,0001142,65536,0,0,0,65536
1991,0002614,65536,62172,3364,0,0
1992,0005406,65536,2507,63029,0,0
1993,0006024,65536,0,0,65536,0
1994,0004170,65536,62170,0,3366,0
1995,0001144,65536,0,0,0,65536
1996,0003713,65536,62167,3369,0,0
1997,0003282,65536,2520,63016,0,0
1998,0004700,65536,62162,0,0,3374
1999,0006025,65536,0,0,65536,0
2000,0000461,65536,62145,0,3391,0
2001,0001145,65536,0,0,0,65536
2002,0000019,65536,2525,63011,0,0
2003,0005476,65536,62144,0,0,3392
2004,0006026,65536,0,0,65536,0
2005,0005293,65536,62141,0,0,3395
2006,0001150,65536,0,0,0,65536
2007,0003601,65536,62135,3401,0,0
2008,0000016,65536,2529,63007,0,0
2009,0007280,65536,62135,0,3401,0
2010,0006027,65536,0,0,65536,0
2011,0001151,65536,0,0,0,65536
2012,0007050,65536,62134,0,0,3402
2013,0005384,65536,2535,63001,0,0
2014,0001561,65536,62132,3404,0,0
2015,0006864,65536,62128,0,3408,0
2016,0006028,65536,0,0,65536,0
2017,0001152,65536,0,0,0,65536
2018,0000973,65536,62121,0,3415,0
2019,0005326,65536,2550,62986,0,0
2020,0006472,65536,62109,0,3427,0
2021,0001153,65536,0,0,0,65536
2022,0006031,65536,0,0,65536,0
2023,0007232,65536,62108,0,0,3428
2024,0001663,65536,2555,62981,0,0
2025,0003194,65536,62107,3429,0,0
2026,0001154,65536,0,0,0,65536
2027,0002652,65536,62104,3432,0,0
2028,0006032,65536,0,0,65536,0
2029,0007271,65536,62102,0,3434,0
2030,0001637,65536,2598,62938,0,0
2031,0004045,65536,62099,0,3437,0
2032,0001159,65536,0,0,0,65536
2033,0000343,65536,62084,0,0,3452
2034,0006033,65536,0,0,65536,0
2035,0001601,65536,2613,62923,0,0
2036,0005581,65536,62070,0,0,3466
2037,0001160,65536,0,0,0,65536
2038,0004688,65536,62067,0,3469,0
2039,0006034,65536,0,0,65536,0
2040,0002077,65536,2672,62864,0,0
2041,0005443,65536,62050,3486,0,0
2042,0001161,65536,0,0,0,65536
2043,0002389,65536,62047,3489,0,0
2044,0006611,65536,62045,0,3491,0
2045,0006035,65536,0,0,65536,0
2046,0002028,65536,2698,62838,0,0
2047,0001782,65536,62044,3492,0,0
2048,0001163,65536,0,0,0,65536
2049,0005162,65536,62026,0,3510,0
2050,0003789,65536,2703,62833,0,0
2051,0006036,65536,0,0,65536,0
2052,0001565,65536,62023,3513,0,0
2053,0001164,65536,0,0,0,65536
2054,0004017,65536,62019,0,3517,0
2055,0007013,65536,62013,0,0,3523
2056,0002324,65536,2732,62804,0,0
2057,0006037,65536,0,0,65536,0
2058,0001165,65536,0,0,0,65536
2059,0000214,65536,62011,0,3525,0
2060,0003224,65536,62006,3530,0,0
2061,0003256,65536,2758,62778,0,0
2062,0006038,65536,0,0,65536,0
2063,0001166,65536,0,0,0,65536
2064,0004671,65536,62005,0,3531,0
2065,0007390,65536,61996,0,3540,0
2066,0001770,65536,2804,62732,0,0
2067,0002153,65536,61992,3544,0,0
2068,0001167,65536,0,0,0,65536
2069,0006039,65536,0,0,65536,0
2070,0005192,65536,61986,0,3550,0
2071,0006729,65536,61977,3559,0,0
2072,0002338,65536,2816,62720,0,0
2073,0001168,65536,0,0,0,65536
2074,0004797,65536,61974,0,3562,0
2075,0006040,65536,0,0,65536,0
2076,0004467,65536,61970,0,3566,0
2077,0001633,65536,2826,62710,0,0
2078,0001169,65536,0,0,0,65536
2079,0002281,65536,61956,3580,0,0
2080,0006041,65536,0,0,65536,0
2081,0007109,65536,61947,0,3589,0
2082,0001170,65536,0,0,0,65536
2083,0007633,65536,61945,0,3591,0
2084,0003332,65536,2886,62650,0,0
2085,0001609,65536,61934,3602,0,0
2086,0006042,65536,0,0,65536,0
2087,0005267,65536,61923,0,0,3613
2088,0001171,65536,0,0,0,65536
2089,0002892,65536,2889,62647,0,0
2090,0002428,65536,61919,3617,0,0
2091,0005647,65536,61917,0,0,3619
2092,0006043,65536,0,0,65536,0
2093,0001172,65536,0,0,0,65536
2094,0004231,65536,61908,0,3628,0
2095,0003126,65536,2897,62639,0,0
2096,0004760,65536,61878,0,3658,0
2097,0006044,65536,0,0,65536,0
2098,0001173,65536,0,0,0,65536
2099,0007389,65536,61878,0,3658,0
2100,0003848,65536,2911,62625,0,0
2101,0004957,65536,61876,0,0,3660
2102,0004680,65536,61870,0,3666,0
2103,0001174,65536,0,0,0,65536
2104,0006045,65536,0,0,65536,0
2105,0002335,65536,2921,62615,0,0
2106,0003488,65536,61869,3667,0,0
2107,0002580,65536,61867,3669,0,0
2108,0001176,65536,0,0,0,65536
2109,0004798,65536,61867,0,0,3669
2110,0006046,65536,0,0,65536,0
2111,0001769,65536,2931,62605,0,0
2112,0007685,65536,61860,0,0,3676
2113,0002609,65536,61857,3679,0,0
2114,0001177,65536,0,0,0,65536
2115,0006047,65536,0,0,65536,0
2116,0001788,65536,2950,62586,0,0
2117,0005977,65536,61857,0,3679,0
2118,0000076,65536,61853,0,0,3683
2119,0001178,65536,0,0,0,65536
2120,0005365,65536,2958,62578,0,0
2121,0003481,65536,61843,3693,0,0
2122,0006048,65536,0,0,65536,0
2123,0003220,65536,61841,3695,0,0
2124,0001179,65536,0,0,0,65536
2125,0007118,65536,61832,0,3704,0
2126,0002906,65536,2971,62565,0,0
2127,0006049,65536,0,0,65536,0
2128,0001999,65536,61817,3719,0,0
2129,0004366,65536,61817,0,0,3719
2130,0001180,65536,0,0,0,65536
2131,0002186,65536,2996,62540,0,0
2132,0006566,65536,61814,0,3722,0
2133,0006050,65536,0,0,65536,0
2134,0003706,65536,61813,3723,0,0
2135,0001181,65536,0,0,0,65536
2136,0006218,65536,61807,0,3729,0
2137,0005414,65536,2999,62537,0,0
2138,0006051,65536,0,0,65536,0
2139,0005153,65536,61804,0,0,3732
2140,0001182,65536,0,0,0,65536
2141,0002711,65536,61778,3758,0,0
2142,0002414,65536,3039,62497,0,0
2143,0007585,65536,61761,0,3775,0
2144,0006052,65536,0,0,65536,0
2145,0003385,65536,61759,3777,0,0
2146,0001183,65536,0,0,0,65536
2147,0003807,65536,61756,3780,0,0
2148,0001836,65536,3042,62494,0,0
2149,0006053,65536,0,0,65536,0
2150,0002152,65536,61755,3781,0,0
2151,0001184,65536,0,0,0,65536
2152,0003302,65536,61749,3787,0,0
2153,0007021,65536,61725,0,3811,0
2154,0003473,65536,3097,62439,0,0
2155,0001185,65536,0,0,0,65536
2156,0006054,65536,0,0,65536,0
2157,0006200,65536,61724,0,3812,0
2158,0004943,65536,61712,0,0,3824
2159,0003688,65536,3116,62420,0,0
2160,0001186,65536,0,0,0,65536
2161,0001308,65536,61711,0,3825,0
2162,0006055,65536,0,0,65536,0
2163,0000241,65536,61708,0,3828,0
2164,0002243,65536,3123,62413,0,0
2165,0002023,65536,61708,3828,0,0
2166,0001187,65536,0,0,0,65536
2167,0006056,65536,0,0,65536,0
2168,0000150,65536,61689,0,3847,0
2169,0005467,65536,61684,0,3852,0
2170,0002146,65536,3133,62403,0,0
2171,0001188,65536,0,0,0,65536
2172,0001403,65536,61680,0,3780,76
2173,0006057,65536,0,0,65536,0
2174,0007374,65536,61677,0,3859,0
2175,0003201,65536,3135,62401,0,0
2176,0001189,65536,0,0,0,65536
2177,0003415,65536,61672,3864,0,0
2178,0005203,65536,61667,0,0,3869
2179,0006058,65536,0,0,65536,0
2180,0001686,65536,3138,62398,0,0
2181,0000970,65536,61660,0,3876,0
2182,0001206,65536,0,0,0,65536
2183,0001032,65536,61660,0,3876,0
2184,0003875,65536,61647,3889,0,0
2185,0006059,65536,0,0,65536,0
2186,0002418,65536,3154,62382,0,0
2187,0001207,65536,0,0,0,65536
2188,0007082,65536,61646,0,281,3609
2189,0007477,65536,61646,0,3890,0
2190,0002334,65536,3167,62369,0,0
2191,0001211,65536,0,0,0,65536
2192,0006060,65536,0,0,65536,0
2193,0006518,65536,61645,0,3891,0
2194,0000471,65536,61641,0,3895,0
2195,0002781,65536,3172,62364,0,0
2196,0001594,65536,61635,3901,0,0
2197,0001212,65536,0,0,0,65536
2198,0006061,65536,0,0,65536,0
2199,0005802,65536,61633,0,3903,0
2200,0000417,65536,61607,0,3929,0
2201,0003105,65536,3189,62347,0,0
2202,0001213,65536,0,0,0,65536
2203,0000225,65536,61605,0,3931,0
2204,0006062,65536,0,0,65536,0
2205,0004815,65536,61602,0,3934,0
2206,0002054,65536,3206,62330,0,0
2207,0001214,65536,0,0,0,65536
2208,0005919,65536,61598,0,3938,0
2209,0005127,65536,61587,0,0,3949
2210,0006063,65536,0,0,65536,0
2211,0003268,65536,3223,62313,0,0
2212,0001215,65536,0,0,0,65536
2213,0007130,65536,61574,0,3962,0
2214,0004578,65536,61560,0,3976,0
2215,0006064,65536,0,0,65536,0
2216,0007460,65536,61556,0,3980,0
2217,0002595,65536,3232,62304,0,0
2218,0001216,65536,0,0,0,65536
2219,0001247,65536,61553,0,0,3983
2220,0006976,65536,61550,0,3986,0
2221,0002567,65536,3243,62293,0,0
2222,0001217,65536,0,0,0,65536
2223,0006065,65536,0,0,65536,0
2224,0000205,65536,61547,0,3989,0
2225,0005140,65536,61541,0,0,3995
2226,0001639,65536,3258,62278,0,0
2227,0001218,65536,0,0,0,65536
2228,0001004,65536,61537,0,3999,0
2229,0006066,65536,0,0,65536,0
2230,0001105,65536,61531,0,0,4005
2231,0006720,65536,61529,0,4007,0
2232,0003766,65536,3286,62250,0,0
2233,0001219,65536,0,0,0,65536
2234,0005130,65536,61522,0,0,4014
2235,0006067,65536,0,0,65536,0
2236,0006961,65536,61516,0,0,4020
2237,0002493,65536,3289,62247,0,0
2238,0001220,65536,0,0,0,65536
2239,0007081,65536,61513,0,4023,0
2240,0006068,65536,0,0,65536,0
2241,0002381,65536,61507,4029,0,0
2242,0003373,65536,3300,62236,0,0
2243,0005072,65536,61494,0,0,4042
2244,0001224,65536,0,0,0,65536
2245,0001203,65536,61493,4043,0,0
2246,0006069,65536,0,0,65536,0
2247,0005105,65536,61485,0,0,4051
2248,0003566,65536,3317,62219,0,0
2249,0001225,65536,0,0,0,65536
2250,0004142,65536,61479,0,4057,0
2251,0006070,65536,0,0,65536,0
2252,0006213,65536,61471,0,4065,0
2253,0003359,65536,3323,62213,0,0
2254,0001233,65536,0,0,0,65536
2255,0004827,65536,61468,0,4068,0
2256,0001197,65536,61455,4081,0,0
2257,0006071,65536,0,0,65536,0
2258,0002822,65536,3330,62206,0,0
2259,0003802,65536,61451,4085,0,0
2260,0001234,65536,0,0,0,65536
2261,0000931,65536,61433,0,0,4103
2262,0000540,65536,61422,0,4114,0
2263,0006072,65536,0,0,65536,0
2264,0003040,65536,3345,62191,0,0
2265,0001241,65536,0,0,0,65536
2266,0000448,65536,61418,0,4118,0
2267,0004060,65536,61411,0,4125,0
2268,0001723,65536,3356,62180,0,0
2269,0001266,65536,0,0,0,65536
2270,0006073,65536,0,0,65536,0
2271,0006812,65536,61405,0,4131,0
2272,0001255,65536,61400,0,0,4136
2273,0001616,65536,61395,4141,0,0
2274,0002175,65536,3356,62180,0,0
2275,0001271,65536,0,0,0,65536
2276,0006074,65536,0,0,65536,0
2277,0007151,65536,61385,0,4151,0
2278,0000279,65536,61384,0,0,4152
2279,0002900,65536,3385,62151,0,0
2280,0001272,65536,0,0,0,65536
2281,0007168,65536,61384,0,4152,0
2282,0006075,65536,0,0,65536,0
2283,0003668,65536,61381,4155,0,0
2284,0005433,65536,3396,62140,0,0
2285,0006149,65536,61377,0,4159,0
2286,0001273,65536,0,0,0,65536
2287,0007248,65536,61374,0,4162,0
2288,0006076,65536,0,0,65536,0
2289,0007413,65536,61370,0,4166,0
2290,0001636,65536,3398,62138,0,0
2291,0001274,65536,0,0,0,65536
2292,0006151,65536,61366,0,4170,0
2293,0006079,65536,0,0,65536,0
2294,0007696,65536,61348,0,0,4188
2295,0005394,65536,3401,62135,0,0
2296,0001275,65536,0,0,0,65536
2297,0007114,65536,61346,0,4190,0
2298,0003384,65536,61342,4194,0,0
2299,0006080,65536,0,0,65536,0
2300,0001849,65536,3414,62122,0,0
2301,0001276,65536,0,0,0,65536
2302,0004857,65536,61341,0,4195,0
2303,0007161,65536,61336,0,4200,0
2304,0003504,65536,61324,4212,0,0
2305,0001277,65536,0,0,0,65536
2306,0006448,65536,0,0,65536,0
2307,0003791,65536,3425,62111,0,0
2308,0003366,65536,61314,4222,0,0
2309,0005738,65536,61310,0,4226,0
2310,0001286,65536,0,0,0,65536
2311,0003375,65536,3437,62099,0,0
2312,0006449,65536,0,0,65536,0
2313,0007617,65536,61297,0,4239,0
2314,0002722,65536,61286,4250,0,0
2315,0001287,65536,0,0,0,65536
2316,0002403,65536,61265,4271,0,0
2317,0002585,65536,3456,62080,0,0
2318,0006458,65536,0,0,65536,0
2319,0003116,65536,61264,4272,0,0
2320,0005218,65536,61256,0,4280,0
2321,0001288,65536,0,0,0,65536
2322,0003111,65536,3539,61997,0,0
2323,0000800,65536,61254,0,0,4282
2324,0006459,65536,0,0,65536,0
2325,0007143,65536,61250,0,4286,0
2326,0001289,65536,0,0,0,65536
2327,0002958,65536,61246,4290,0,0
2328,0003639,65536,3544,61992,0,0
2329,0006460,65536,0,0,65536,0
2330,0005723,65536,61245,0,0,4291
2331,0001290,65536,0,0,0,65536
2332,0007632,65536,61239,0,4297,0
2333,0002869,65536,3572,61964,0,0
2334,0001468,65536,61238,0,4298,0
2335,0006469,65536,0,0,65536,0
2336,0004112,65536,61235,0,4301,0
2337,0001291,65536,0,0,0,65536
2338,0005338,65536,3609,61927,0,0
2339,0002239,65536,61227,4309,0,0
2340,0002715,65536,61222,4314,0,0
2341,0006480,65536,0,0,65536,0
2342,0001297,65536,0,0,0,65536
2343,0005112,65536,61211,0,0,4325
2344,0005380,65536,3615,61921,0,0
2345,0006232,65536,61210,0,4326,0
2346,0001300,65536,0,0,0,65536
2347,0006481,65536,0,0,65536,0
2348,0004492,65536,61209,0,0,4327
2349,0002198,65536,3656,61880,0,0
2350,0001560,65536,61202,4334,0,0
2351,0007259,65536,61201,0,4335,0
2352,0001306,65536,0,0,0,65536
2353,0006490,65536,0,0,65536,0
2354,0004117,65536,61195,0,4341,0
2355,0002534,65536,3663,61873,0,0
2356,0007268,65536,61181,0,4355,0
2357,0001307,65536,0,0,0,65536
2358,0004775,65536,61174,0,4362,0
2359,0006491,65536,0,0,65536,0
2360,0001865,65536,3718,61818,0,0
2361,0007647,65536,61171,0,4365,0
2362,0001309,65536,0,0,0,65536
2363,0007000,65536,61170,0,0,4366
2364,0000015,65536,3738,61798,0,0
2365,0000217,65536,61165,0,4371,0
2366,0006503,65536,0,0,65536,0
2367,0007629,65536,61159,0,4377,0
2368,0001312,65536,0,0,0,65536
2369,0000364,65536,61153,0,4383,0
2370,0002458,65536,3783,61753,0,0
2371,0002640,65536,61153,4383,0,0
2372,0006504,65536,0,0,65536,0
2373,0001313,65536,0,0,0,65536
2374,0005687,65536,61151,0,0,4385
2375,0005417,65536,3785,61751,0,0
2376,0001605,65536,61141,4395,0,0
2377,0006514,65536,0,0,65536,0
2378,0001314,65536,0,0,0,65536
2379,0002161,65536,61138,4398,0,0
2380,0005948,65536,61129,0,4407,0
2381,0003612,65536,3795,61741,0,0
2382,0005743,65536,61124,0,4412,0
2383,0001315,65536,0,0,0,65536
2384,0006515,65536,0,0,65536,0
2385,0003157,65536,61119,4417,0,0
2386,0003554,65536,3822,61714,0,0
2387,0001242,65536,61116,0,0,4420
2388,0001316,65536,0,0,0,65536
2389,0006526,65536,0,0,65536,0
2390,0006933,65536,61113,0,4423,0
2391,0003770,65536,61109,4427,0,0
2392,0005360,65536,3845,61691,0,0
2393,0001317,65536,0,0,0,65536
2394,0004054,65536,61103,0,4433,0
2395,0006527,65536,0,0,65536,0
2396,0006242,65536,61084,0,4452,0
2397,0005353,65536,3856,61680,0,0
2398,0004705,65536,61060,0,0,4476
2399,0001319,65536,0,0,0,65536
2400,0006082,65536,61051,0,4485,0
2401,0006540,65536,0,0,65536,0
2402,0003008,65536,3873,61663,0,0
2403,0006585,65536,61044,0,4492,0
2404,0001320,65536,0,0,0,65536
2405,0001405,65536,61035,0,4501,0
2406,0000142,65536,61027,0,4509,0
2407,0002328,65536,3898,61638,0,0
2408,0006551,65536,0,0,65536,0
2409,0001321,65536,0,0,0,65536
2410,0004562,65536,61027,0,0,4509
2411,0005214,65536,61027,0,4509,0
2412,0001652,65536,3917,61619,0,0
2413,0005106,65536,61017,0,0,4519
2414,0006552,65536,0,0,65536,0
2415,0001322,65536,0,0,0,65536
2416,0004439,65536,61006,0,0,4530
2417,0002984,65536,3917,61619,0,0
2418,0006734,65536,60995,4541,0,0
2419,0006570,65536,0,0,65536,0
2420,0001323,65536,0,0,0,65536
2421,0007010,65536,60994,0,0,4542
2422,0006724,65536,60980,0,4556,0
2423,0003172,65536,3919,61617,0,0
2424,0007077,65536,60977,0,4296,263
2425,0001324,65536,0,0,0,65536
2426,0006582,65536,0,0,65536,0
2427,0006198,65536,60971,0,4565,0
2428,0002104,65536,3951,61585,0,0
2429,0004908,65536,60964,0,0,4572
2430,0001325,65536,0,0,0,65536
2431,0000473,65536,60938,0,4598,0
2432,0006583,65536,0,0,65536,0
2433,0002480,65536,3951,61585,0,0
2434,0001924,65536,60931,4605,0,0
2435,0001326,65536,0,0,0,65536
2436,0004701,65536,60929,0,0,4607
2437,0006594,65536,0,0,65536,0
2438,0007621,65536,60921,0,4615,0
2439,0001959,65536,3961,61575,0,0
2440,0000474,65536,60920,0,4616,0
2441,0001327,65536,0,0,0,65536
2442,0006523,65536,60905,0,4631,0
2443,0002893,65536,3969,61567,0,0
2444,0006595,65536,0,0,65536,0
2445,0007599,65536,60904,0,4632,0
2446,0001328,65536,0,0,0,65536
2447,0006572,65536,60884,0,4652,0
2448,0005415,65536,3994,61542,0,0
2449,0004247,65536,60872,0,0,4664
2450,0006596,65536,0,0,65536,0
2451,0003453,65536,60848,4688,0,0
2452,0001329,65536,0,0,0,65536
2453,0005952,65536,60841,0,4695,0
2454,0005424,65536,4018,61518,0,0
2455,0005314,65536,60824,0,0,4712
2456,0006604,65536,0,0,65536,0
2457,0001330,65536,0,0,0,65536
2458,0004809,65536,60821,0,4715,0
2459,0003336,65536,4052,61484,0,0
2460,0003187,65536,60805,4731,0,0
2461,0001331,65536,0,0,0,65536
2462,0006608,65536,0,0,65536,0
2463,0005686,65536,60794,0,0,4742
2464,0002112,65536,4057,61479,0,0
2465,0007064,65536,60792,0,2320,2424
2466,0000982,65536,60787,0,4749,0
2467,0001332,65536,0,0,0,65536
2468,0006609,65536,0,0,65536,0
2469,0000176,65536,60783,0,4753,0
2470,0003166,65536,4060,61476,0,0
2471,0000362,65536,60779,0,4757,0
2472,0001333,65536,0,0,0,65536
2473,0000336,65536,60770,0,0,4766
2474,0003567,65536,4070,61466,0,0
2475,0006619,65536,0,0,65536,0
2476,0002767,65536,60767,4769,0,0
2477,0002965,65536,60764,4772,0,0
2478,0001334,65536,0,0,0,65536
2479,0006622,65536,0,0,65536,0
2480,0001526,65536,60753,4783,0,0
2481,0001573,65536,4077,61459,0,0
2482,0006228,65536,60733,0,4803,0
2483,0001335,65536,0,0,0,65536
2484,0004056,65536,60728,0,4808,0
2485,0002877,65536,4090,61446,0,0
2486,0006623,65536,0,0,65536,0
2487,0000215,65536,60724,0,4812,0
2488,0001336,65536,0,0,0,65536
2489,0005372,65536,60718,4818,0,0
2490,0001688,65536,4098,61438,0,0
2491,0006755,65536,60713,4823,0,0
2492,0006673,65536,0,0,65536,0
2493,0001337,65536,0,0,0,65536
2494,0002709,65536,60708,4828,0,0
2495,0006703,65536,60707,0,4829,0
2496,0002130,65536,4135,61401,0,0
2497,0004201,65536,60703,0,4833,0
2498,0001338,65536,0,0,0,65536
2499,0006767,65536,0,0,65536,0
2500,0000157,65536,60701,0,4835,0
2501,0002779,65536,4144,61392,0,0
2502,0006818,65536,60701,0,4835,0
2503,0001339,65536,0,0,0,65536
2504,0007122,65536,60687,0,4849,0
2505,0006768,65536,0,0,65536,0
2506,0000464,65536,60685,0,4851,0
2507,0001672,65536,4148,61388,0,0
2508,0001340,65536,0,0,0,65536
2509,0007101,65536,60674,0,4862,0
2510,0000379,65536,60661,0,4875,0
2511,0006769,65536,0,0,65536,0
2512,0001765,65536,4150,61386,0,0
2513,0004053,65536,60652,0,4884,0
2514,0001341,65536,0,0,0,65536
2515,0007067,65536,60648,0,4397,491
2516,0005411,65536,4152,61384,0,0
2517,0003629,65536,60644,4892,0,0
2518,0006770,65536,0,0,65536,0
2519,0001342,65536,0,0,0,65536
2520,0003577,65536,60642,4894,0,0
2521,0004572,65536,60637,0,4899,0
2522,0003230,65536,4170,61366,0,0
2523,0001343,65536,0,0,0,65536
2524,0006775,65536,0,0,65536,0
2525,0003182,65536,60636,4900,0,0
2526,0005302,65536,60635,0,4901,0
2527,0003507,65536,4196,61340,0,0
2528,0001344,65536,0,0,0,65536
2529,0006139,65536,60617,0,4919,0
2530,0006779,65536,0,0,65536,0
2531,0004642,65536,60609,0,4927,0
2532,0004595,65536,60606,0,4930,0
2533,0002263,65536,4198,61338,0,0
2534,0001345,65536,0,0,0,65536
2535,0004110,65536,60601,0,4935,0
2536,0006791,65536,0,0,65536,0
2537,0003265,65536,60591,4945,0,0
2538,0001346,65536,0,0,0,65536
2539,0002395,65536,4211,61325,0,0
2540,0003458,65536,60589,4947,0,0
2541,0002574,65536,60588,4948,0,0
2542,0006801,65536,0,0,65536,0
2543,0001347,65536,0,0,0,65536
2544,0004151,65536,60579,0,4957,0
2545,0002399,65536,4219,61317,0,0
2546,0002804,65536,60578,4958,0,0
2547,0006843,65536,0,0,65536,0
2548,0000551,65536,60563,0,4973,0
2549,0001348,65536,0,0,0,65536
2550,0001597,65536,4233,61303,0,0
2551,0005136,65536,60545,0,0,4991
2552,0006265,65536,60532,0,0,5004
2553,0006844,65536,0,0,65536,0
2554,0001349,65536,0,0,0,65536
2555,0001787,65536,4293,61243,0,0
2556,0007011,65536,60532,0,5004,0
2557,0000468,65536,60516,0,5020,0
2558,0001350,65536,0,0,0,65536
2559,0004577,65536,60515,0,5021,0
2560,0003361,65536,4297,61239,0,0
2561,0006845,65536,0,0,65536,0
2562,0004848,65536,60509,0,5027,0
2563,0004199,65536,60508,0,5028,0
2564,0001351,65536,0,0,0,65536
2565,0006745,65536,4366,61170,0,0
2566,0002794,65536,60491,5045,0,0
2567,0006848,65536,0,0,65536,0
2568,0007223,65536,60487,0,5049,0
2569,0001352,65536,0,0,0,65536
2570,0005283,65536,60484,0,4154,898
2571,0003192,65536,4372,61164,0,0
2572,0001244,65536,60467,0,0,5069
2573,0006849,65536,0,0,65536,0
2574,0003627,65536,60454,5082,0,0
2575,0001353,65536,0,0,0,65536
2576,0002329,65536,4377,61159,0,0
2577,0006956,65536,60430,0,5106,0
2578,0000350,65536,60413,0,0,5123
2579,0006852,65536,0,0,65536,0
2580,0001354,65536,0,0,0,65536
2581,0002098,65536,4399,61137,0,0
2582,0003836,65536,60413,5123,0,0
2583,0007610,65536,60404,0,5132,0
2584,0006853,65536,0,0,65536,0
2585,0001355,65536,0,0,0,65536
2586,0003723,65536,60385,5151,0,0
2587,0003174,65536,4431,61105,0,0
2588,0005230,65536,60380,0,5156,0
2589,0004837,65536,60377,0,5159,0
2590,0001356,65536,0,0,0,65536
2591,0006854,65536,0,0,65536,0
2592,0001933,65536,4447,61089,0,0
2593,0003576,65536,60376,5160,0,0
2594,0005951,65536,60376,0,5160,0
2595,0001357,65536,0,0,0,65536
2596,0007044,65536,60366,0,5170,0
2597,0002459,65536,4469,61067,0,0
2598,0006872,65536,0,0,65536,0
2599,0007135,65536,60363,0,5173,0
2600,0001358,65536,0,0,0,65536
2601,0007239,65536,60359,0,0,5177
2602,0003063,65536,4476,61060,0,0
2603,0005591,65536,60353,0,5183,0
2604,0006876,65536,0,0,65536,0
2605,0001540,65536,60345,5191,0,0
2606,0001359,65536,0,0,0,65536
2607,0003468,65536,4481,61055,0,0
2608,0006529,65536,60326,0,5210,0
2609,0007051,65536,60312,0,5224,0
2610,0006877,65536,0,0,65536,0
2611,0001360,65536,0,0,0,65536
2612,0007102,65536,60304,0,5232,0
2613,0001967,65536,4500,61036,0,0
2614,0003855,65536,60288,5248,0,0
2615,0001361,65536,0,0,0,65536
2616,0006882,65536,0,0,65536,0
2617,0003822,65536,60280,5256,0,0
2618,0002589,65536,4517,61019,0,0
2619,0007454,65536,60274,0,5262,0
2620,0001362,65536,0,0,0,65536
2621,0004932,65536,60273,0,0,5263
2622,0006883,65536,0,0,65536,0
2623,0000177,65536,60267,0,5269,0
2624,0003490,65536,4528,61008,0,0
2625,0006102,65536,60263,0,5273,0
2626,0001363,65536,0,0,0,65536
2627,0006922,65536,60263,0,5273,0
2628,0005323,65536,4542,60994,0,0
2629,0006885,65536,0,0,65536,0
2630,0007080,65536,60262,0,5274,0
2631,0001364,65536,0,0,0,65536
2632,0004307,65536,60254,0,0,5282
2633,0002844,65536,4564,60972,0,0
2634,0007497,65536,60247,0,5289,0
2635,0006886,65536,0,0,65536,0
2636,0003551,65536,60233,5303,0,0
2637,0001365,65536,0,0,0,65536
2638,0007442,65536,60227,0,5309,0
2639,0002242,65536,4587,60949,0,0
2640,0001510,65536,60224,5312,0,0
2641,0006895,65536,0,0,65536,0
2642,0001366,65536,0,0,0,65536
2643,0002375,65536,60223,5313,0,0
2644,0005427,65536,4623,60913,0,0
2645,0002292,65536,60216,5320,0,0
2646,0001367,65536,0,0,0,65536
2647,0006896,65536,0,0,65536,0
2648,0006166,65536,60205,0,5331,0
2649,0001583,65536,60189,5347,0,0
2650,0003775,65536,4641,60895,0,0
2651,0007622,65536,60189,0,5347,0
2652,0001368,65536,0,0,0,65536
2653,0006897,65536,0,0,65536,0
2654,0004185,65536,60183,0,5353,0
2655,0001729,65536,4650,60886,0,0
2656,0007391,65536,60151,0,5385,0
2657,0001369,65536,0,0,0,65536
2658,0000183,65536,60142,0,5394,0
2659,0006905,65536,0,0,65536,0
2660,0000552,65536,60140,0,5396,0
2661,0001948,65536,4702,60834,0,0
2662,0001370,65536,0,0,0,65536
2663,0006142,65536,60120,0,0,5416
2664,0005211,65536,60109,0,5427,0
2665,0002079,65536,4778,60758,0,0
2666,0006915,65536,0,0,65536,0
2667,0006561,65536,60106,0,5430,0
2668,0001371,65536,0,0,0,65536
2669,0005979,65536,60096,0,5440,0
2670,0001801,65536,4807,60729,0,0
2671,0003993,65536,60091,0,5445,0
2672,0001372,65536,0,0,0,65536
2673,0006937,65536,0,0,65536,0
2674,0004989,65536,60090,0,0,5446
2675,0003360,65536,4843,60693,0,0
2676,0006654,65536,60086,0,0,5450
2677,0000972,65536,60080,0,0,5456
2678,0001373,65536,0,0,0,65536
2679,0006938,65536,0,0,65536,0
2680,0006148,65536,60063,0,5473,0
2681,0002236,65536,4913,60623,0,0
2682,0007474,65536,60060,0,5476,0
2683,0001374,65536,0,0,0,65536
2684,0002703,65536,60057,5479,0,0
2685,0006945,65536,0,0,65536,0
2686,0003731,65536,4927,60609,0,0
2687,0006794,65536,60056,0,5480,0
2688,0001375,65536,0,0,0,65536
2689,0002537,65536,60051,5485,0,0
2690,0004762,65536,60050,0,5486,0
2691,0001901,65536,4934,60602,0,0
2692,0006946,65536,0,0,65536,0
2693,0001464,65536,60037,0,5499,0
2694,0001376,65536,0,0,0,65536
2695,0006105,65536,60029,0,5507,0
2696,0003337,65536,4973,60563,0,0
2697,0005688,65536,60028,0,0,5508
2698,0006952,65536,0,0,65536,0
2699,0001377,65536,0,0,0,65536
2700,0007027,65536,60028,0,5508,0
2701,0003327,65536,4992,60544,0,0
2702,0004785,65536,60024,0,5512,0
2703,0001378,65536,0,0,0,65536
2704,0005189,65536,60021,0,5515,0
2705,0006953,65536,0,0,65536,0
2706,0002858,65536,4999,60537,0,0
2707,0002690,65536,60012,5524,0,0
2708,0007524,65536,59994,0,5542,0
2709,0001379,65536,0,0,0,65536
2710,0006958,65536,0,0,65536,0
2711,0005573,65536,59983,0,0,5553
2712,0002621,65536,5001,60535,0,0
2713,0005232,65536,59968,0,0,5568
2714,0001380,65536,0,0,0,65536
2715,0000407,65536,59960,0,5576,0
2716,0003218,65536,5010,60526,0,0
2717,0006964,65536,0,0,65536,0
2718,0001504,65536,59949,5587,0,0
2719,0001022,65536,59945,0,5591,0
2720,0001381,65536,0,0,0,65536
2721,0007508,65536,59945,0,5591,0
2722,0003477,65536,5014,60522,0,0
2723,0006965,65536,0,0,65536,0
2724,0002746,65536,59943,5593,0,0
2725,0001382,65536,0,0,0,65536
2726,0004683,65536,59935,0,5601,0
2727,0002111,65536,5039,60497,0,0
2728,0006909,65536,59935,0,5601,0
2729,0006970,65536,0,0,65536,0
2730,0001383,65536,0,0,0,65536
2731,0006688,65536,59934,0,5602,0
2732,0002311,65536,5049,60487,0,0
2733,0000359,65536,59926,0,5610,0
2734,0004691,65536,59920,0,0,5616
2735,0001384,65536,0,0,0,65536
2736,0006978,65536,0,0,65536,0
2737,0003608,65536,59913,5623,0,0
2738,0002176,65536,5065,60471,0,0
2739,0007076,65536,59913,0,0,5623
2740,0001385,65536,0,0,0,65536
2741,0007019,65536,0,0,65536,0
2742,0005521,65536,59907,0,0,5629
2743,0006731,65536,5119,60417,0,0
2744,0005260,65536,59901,0,0,5635
2745,0001261,65536,59899,0,0,5637
2746,0007039,65536,0,0,65536,0
2747,0001386,65536,0,0,0,65536
2748,0001866,65536,5142,60394,0,0
2749,0006931,65536,59897,0,5639,0
2750,0000394,65536,59882,0,5654,0
2751,0001387,65536,0,0,0,65536
2752,0003689,65536,59882,5654,0,0
2753,0003330,65536,5175,60361,0,0
2754,0007366,65536,0,0,65536,0
2755,0007046,65536,59881,0,0,5655
2756,0004440,65536,59858,0,0,5678
2757,0001900,65536,5188,60348,0,0
2758,0001388,65536,0,0,0,65536
2759,0007410,65536,0,0,65536,0
2760,0007363,65536,59858,0,0,5678
2761,0007245,65536,59853,0,5683,0
2762,0002336,65536,5188,60348,0,0
2763,0006390,65536,59838,0,0,5698
2764,0001389,65536,0,0,0,65536
2765,0007421,65536,0,0,65536,0
2766,0006839,65536,59833,0,5703,0
2767,0006118,65536,59823,0,5713,0
2768,0003293,65536,5200,60336,0,0
2769,0001390,65536,0,0,0,65536
2770,0002044,65536,59819,5717,0,0
2771,0007430,65536,0,0,65536,0
2772,0005303,65536,59812,0,5724,0
2773,0003319,65536,5269,60267,0,0
2774,0001391,65536,0,0,0,65536
2775,0001027,65536,59806,0,5730,0
2776,0007204,65536,59802,0,0,5734
2777,0007534,65536,0,0,65536,0
2778,0002352,65536,5314,60222,0,0
2779,0005458,65536,59791,5745,0,0
2780,0001392,65536,0,0,0,65536
2781,0005430,65536,59788,5748,0,0
2782,0007545,65536,0,0,65536,0
2783,0006788,65536,59786,0,5750,0
2784,0003402,65536,5339,60197,0,0
2785,0001393,65536,0,0,0,65536
2786,0007106,65536,59786,0,5750,0
2787,0007481,65536,59774,0,5762,0
2788,0005352,65536,5366,60170,0,0
2789,0001394,65536,0,0,0,65536
2790,0000323,65536,59773,0,0,5763
2791,0007554,65536,0,0,65536,0
2792,0005545,65536,59773,0,0,5763
2793,0002468,65536,5402,60134,0,0
2794,0004713,65536,59769,0,0,5767
2795,0004034,65536,2,0,65534,0
2796,0001395,65536,0,0,0,65536
2797,0002688,65536,59767,5769,0,0
2798,0006855,65536,59758,0,5778,0
2799,0003867,65536,5436,60100,0,0
2800,0006155,65536,59749,0,5787,0
2801,0001396,65536,0,0,0,65536
2802,0006873,65536,13,0,65523,0
2803,0004021,65536,59748,0,5788,0
2804,0002685,65536,5444,60092,0,0
2805,0002922,65536,59738,5798,0,0
2806,0001398,65536,0,0,0,65536
2807,0007684,65536,59738,0,0,5798
2808,0005836,65536,15,0,65521,0
2809,0004661,65536,59737,0,5799,0
2810,0001850,65536,5452,60084,0,0
2811,0001399,65536,0,0,0,65536
2812,0007659,65536,59728,0,5808,0
2813,0006598,65536,59711,0,5825,0
2814,0002436,65536,5464,60072,0,0
2815,0006928,65536,20,0,65516,0
2816,0006828,65536,59683,0,5853,0
2817,0001400,65536,0,0,0,65536
2818,0003863,65536,59681,5855,0,0
2819,0001199,65536,5481,60055,0,0
2820,0007054,65536,59679,0,2275,3582
2821,0005944,65536,23,0,65513,0
2822,0001401,65536,0,0,0,65536
2823,0003226,65536,59678,5858,0,0
2824,0005217,65536,59648,0,5888,0
2825,0001671,65536,5506,60030,0,0
2826,0000259,65536,57,0,65479,0
2827,0001402,65536,0,0,0,65536
2828,0001015,65536,59643,0,5893,0
2829,0005246,65536,59640,0,0,5896
2830,0001501,65536,5538,59998,0,0
2831,0005724,65536,59630,0,5906,0
2832,0001407,65536,0,0,0,65536
2833,0003914,65536,66,0,65470,0
2834,0002677,65536,59629,5907,0,0
2835,0007119,65536,59618,0,5918,0
2836,0002737,65536,5548,59988,0,0
2837,0001408,65536,0,0,0,65536
2838,0006358,65536,59594,0,5942,0
2839,0005778,65536,69,0,65467,0
2840,0005169,65536,59593,0,5943,0
2841,0003654,65536,5559,59977,0,0
2842,0007220,65536,59588,0,5948,0
2843,0001409,65536,0,0,0,65536
2844,0005838,65536,59587,0,5949,0
2845,0001657,65536,5617,59919,0,0
2846,0006777,65536,70,0,65466,0
2847,0007133,65536,59575,0,0,5961
2848,0001410,65536,0,0,0,65536
2849,0005212,65536,59555,0,5981,0
2850,0002961,65536,5624,59912,0,0
2851,0001462,65536,59538,0,5998,0
2852,0001411,65536,0,0,0,65536
2853,0006927,65536,81,0,65455,0
2854,0007488,65536,59521,0,6015,0
2855,0006421,65536,59514,0,1222,4800
2856,0000022,65536,5664,59872,0,0
2857,0002256,65536,59494,6042,0,0
2858,0001412,65536,0,0,0,65536
2859,0006593,65536,92,0,65444,0
2860,0002181,65536,59482,6054,0,0
2861,0001975,65536,5676,59860,0,0
2862,0002705,65536,59473,6063,0,0
2863,0001413,65536,0,0,0,65536
2864,0002773,65536,59469,6067,0,0
2865,0006704,65536,104,0,65432,0
2866,0007250,65536,59459,0,6077,0
2867,0002940,65536,5682,59854,0,0
2868,0001414,65536,0,0,0,65536
2869,0002538,65536,59444,6092,0,0
2870,0006637,65536,59436,0,6100,0
2871,0007377,65536,111,0,65425,0
2872,0003168,65536,5718,59818,0,0
2873,0002228,65536,59431,6105,0,0
2874,0001415,65536,0,0,0,65536
2875,0007418,65536,59424,0,6112,0
2876,0006971,65536,116,0,65420,0
2877,0000832,65536,59408,0,0,6128
2878,0002780,65536,5726,59810,0,0
2879,0001416,65536,0,0,0,65536
2880,0007380,65536,59404,0,6132,0
2881,0002897,65536,59400,6136,0,0
2882,0004612,65536,120,0,65416,0
2883,0001937,65536,5748,59788,0,0
2884,0002753,65536,59398,6138,0,0
2885,0001417,65536,0,0,0,65536
2886,0005853,65536,59387,0,6149,0
2887,0003254,65536,59386,6150,0,0
2888,0001418,65536,0,0,0,65536
2889,0005489,65536,137,0,65399,0
2890,0003058,65536,5753,59783,0,0
2891,0000329,65536,59380,0,0,6156
2892,0004636,65536,59367,0,6169,0
2893,0002816,65536,5764,59772,0,0
2894,0001419,65536,0,0,0,65536
2895,0007127,65536,59355,0,6181,0
2896,0003962,65536,166,0,65370,0
2897,0007723,65536,59354,0,0,6182
2898,0003597,65536,59350,6186,0,0
2899,0001558,65536,5768,59768,0,0
2900,0001420,65536,0,0,0,65536
2901,0003988,65536,182,0,65354,0
2902,0002959,65536,59343,6193,0,0
2903,0001538,65536,59337,6199,0,0
2904,0001421,65536,0,0,0,65536
2905,0007660,65536,59336,0,6200,0
2906,0003303,65536,5781,59755,0,0
2907,0003966,65536,184,0,65352,0
2908,0006193,65536,59327,0,6209,0
2909,0006516,65536,59318,0,6218,0
2910,0001422,65536,0,0,0,65536
2911,0002901,65536,5784,59752,0,0
2912,0007440,65536,59315,0,6221,0
2913,0007400,65536,185,0,65351,0
2914,0004448,65536,59304,0,0,6232
2915,0006763,65536,5789,59747,0,0
2916,0001423,65536,0,0,0,65536
2917,0005268,65536,59302,0,0,6234
2918,0005590,65536,59270,0,5719,547
2919,0007024,65536,225,0,65311,0
2920,0003730,65536,5792,59744,0,0
2921,0007203,65536,59267,0,6269,0
2922,0001424,65536,0,0,0,65536
2923,0007471,65536,59258,0,6278,0
2924,0003228,65536,5818,59718,0,0
2925,0004935,65536,59248,0,0,6288
2926,0004726,65536,229,0,65307,0
2927,0001425,65536,0,0,0,65536
2928,0006815,65536,59246,0,6290,0
2929,0006210,65536,59233,0,6303,0
2930,0003125,65536,5820,59716,0,0
2931,0001426,65536,0,0,0,65536
2932,0003418,65536,59217,6319,0,0
2933,0006785,65536,240,0,65296,0
2934,0007441,65536,59214,0,6322,0
2935,0002902,65536,5821,59715,0,0
2936,0003527,65536,59213,6323,0,0
2937,0001427,65536,0,0,0,65536
2938,0003121,65536,59192,6344,0,0
2939,0004033,65536,259,0,65277,0
2940,0004015,65536,59192,0,6344,0
2941,0002888,65536,5833,59703,0,0
2942,0001428,65536,0,0,0,65536
2943,0005494,65536,59190,0,0,6346
2944,0000445,65536,59189,0,6347,0
2945,0005966,65536,270,0,65266,0
2946,0002881,65536,5858,59678,0,0
2947,0002445,65536,59165,6371,0,0
2948,0001429,65536,0,0,0,65536
2949,0004730,65536,59119,0,6417,0
2950,0007060,65536,59105,0,5821,610
2951,0002838,65536,5868,59668,0,0
2952,0004628,65536,282,0,65254,0
2953,0001430,65536,0,0,0,65536
2954,0006692,65536,59104,0,6432,0
2955,0001874,65536,59098,6438,0,0
2956,0003586,65536,5910,59626,0,0
2957,0001431,65536,0,0,0,65536
2958,0006493,65536,316,0,65220,0
2959,0004473,65536,59094,0,6442,0
2960,0006110,65536,59073,0,6463,0
2961,0001662,65536,5942,59594,0,0
2962,0001432,65536,0,0,0,65536
2963,0003734,65536,59052,6484,0,0
2964,0005849,65536,59051,0,6485,0
2965,0000123,65536,317,0,65219,0
2966,0007273,65536,59050,0,6486,0
2967,0001433,65536,0,0,0,65536
2968,0002650,65536,5943,59593,0,0
2969,0006181,65536,59045,0,6491,0
2970,0006917,65536,59010,0,6526,0
2971,0000260,65536,317,0,65219,0
2972,0005450,65536,5950,59586,0,0
2973,0001434,65536,0,0,0,65536
2974,0000377,65536,59005,0,6531,0
2975,0005215,65536,58994,0,6542,0
2976,0003024,65536,5953,59583,0,0
2977,0001435,65536,0,0,0,65536
2978,0000421,65536,58980,0,6556,0
2979,0006539,65536,343,0,65193,0
2980,0004438,65536,58979,0,6557,0
2981,0004512,65536,58975,0,0,6561
2982,0002928,65536,5969,59567,0,0
2983,0001438,65536,0,0,0,65536
2984,0003223,65536,58970,6566,0,0
2985,0004162,65536,350,0,65186,0
2986,0006141,65536,58964,0,6572,0
2987,0002297,65536,5974,59562,0,0
2988,0001439,65536,0,0,0,65536
2989,0007147,65536,58964,0,6572,0
2990,0006452,65536,58959,0,6577,0
2991,0005789,65536,370,0,65166,0
2992,0001968,65536,5996,59540,0,0
2993,0000181,65536,58955,0,6581,0
2994,0001440,65536,0,0,0,65536
2995,0007650,65536,58955,0,6581,0
2996,0004042,65536,58952,0,6584,0
2997,0003374,65536,6004,59532,0,0
2998,0001441,65536,0,0,0,65536
2999,0007092,65536,58947,0,6589,0
3000,0006776,65536,370,0,65166,0
3001,0007243,65536,58926,0,0,6610
3002,0002275,65536,6009,59527,0,0
3003,0001442,65536,0,0,0,65536
3004,0003089,65536,58913,6623,0,0
3005,0006078,65536,376,0,65160,0
3006,0004394,65536,58903,0,0,6633
3007,0003167,65536,6025,59511,0,0
3008,0000975,65536,58902,0,6634,0
3009,0001443,65536,0,0,0,65536
3010,0001979,65536,58884,6652,0,0
3011,0004668,65536,386,0,65150,0
3012,0002553,65536,58875,6661,0,0
3013,0003460,65536,6051,59485,0,0
3014,0001444,65536,0,0,0,65536
3015,0002601,65536,58875,6661,0,0
3016,0007209,65536,58857,0,6679,0
3017,0003989,65536,404,0,65132,0
3018,0007275,65536,58854,0,6682,0
3019,0003420,65536,6053,59483,0,0
3020,0001445,65536,0,0,0,65536
3021,0006236,65536,58851,0,6685,0
3022,0004058,65536,58850,0,6686,0
3023,0002310,65536,6076,59460,0,0
3024,0001446,65536,0,0,0,65536
3025,0006083,65536,415,0,65121,0
3026,0007654,65536,58837,0,0,6699
3027,0007651,65536,58835,0,6701,0
3028,0003031,65536,6083,59453,0,0
3029,0001447,65536,0,0,0,65536
3030,0003245,65536,58829,6707,0,0
3031,0003890,65536,418,0,65118,0
3032,0000479,65536,58821,0,6715,0
3033,0005207,65536,58814,0,6722,0
3034,0002074,65536,6112,59424,0,0
3035,0001448,65536,0,0,0,65536
3036,0004491,65536,58770,6766,0,0
3037,0004011,65536,429,0,65107,0
3038,0007083,65536,58767,0,6769,0
3039,0001519,65536,6123,59413,0,0
3040,0001454,65536,0,0,0,65536
3041,0006695,65536,58755,0,0,6781
3042,0002734,65536,58750,6786,0,0
3043,0005659,65536,437,0,65099,0
3044,0002766,65536,58744,6792,0,0
3045,0001458,65536,0,0,0,65536
3046,0003764,65536,6123,59413,0,0
3047,0001902,65536,58737,6799,0,0
3048,0006959,65536,448,0,65088,0
3049,0007113,65536,58721,0,6815,0
3050,0001459,65536,0,0,0,65536
3051,0001839,65536,6138,59398,0,0
3052,0000367,65536,58720,0,6816,0
3053,0005725,65536,58706,0,6830,0
3054,0001470,65536,0,0,0,65536
3055,0004156,65536,484,0,65052,0
3056,0004503,65536,58692,0,0,6844
3057,0003324,65536,6146,59390,0,0
3058,0006930,65536,58690,0,6846,0
3059,0007605,65536,58668,0,6868,0
3060,0003048,65536,6168,59368,0,0
3061,0001471,65536,0,0,0,65536
3062,0007458,65536,528,0,65008,0
3063,0005098,65536,58655,0,0,6881
3064,0005490,65536,58649,0,6887,0
3065,0006765,65536,6169,59367,0,0
3066,0001472,65536,0,0,0,65536
3067,0004699,65536,58647,0,0,6889
3068,0007402,65536,533,0,65003,0
3069,0003682,65536,58633,6903,0,0
3070,0007435,65536,58630,0,6906,0
3071,0003591,65536,6178,59358,0,0
3072,0001473,65536,0,0,0,65536
3073,0007373,65536,58626,0,6910,0
3074,0003903,65536,556,0,64980,0
3075,0007258,65536,58624,0,6912,0
3076,0001962,65536,6201,59335,0,0
3077,0001474,65536,0,0,0,65536
3078,0003350,65536,58623,6913,0,0
3079,0004796,65536,58622,0,6914,0
3080,0002061,65536,6209,59327,0,0
3081,0004073,65536,576,0,64960,0
3082,0003249,65536,58618,6918,0,0
3083,0001475,65536,0,0,0,65536
3084,0005576,65536,58605,0,3407,3524
3085,0004630,65536,58604,0,6932,0
3086,0003853,65536,6233,59303,0,0
3087,0001477,65536,0,0,0,65536
3088,0004091,65536,583,0,64953,0
3089,0002575,65536,58593,6943,0,0
3090,0007506,65536,58588,0,6948,0
3091,0001785,65536,6250,59286,0,0
3092,0001478,65536,0,0,0,65536
3093,0006866,65536,58586,0,6950,0
3094,0004214,65536,584,0,64952,0
3095,0006841,65536,58581,0,6955,0
3096,0005204,65536,58571,0,6965,0
3097,0002413,65536,6269,59267,0,0
3098,0001483,65536,0,0,0,65536
3099,0004925,65536,58569,0,0,6967
3100,0007423,65536,595,0,64941,0
3101,0007059,65536,58565,0,6971,0
3102,0002081,65536,6276,59260,0,0
3103,0001484,65536,0,0,0,65536
3104,0006179,65536,58560,0,6976,0
3105,0004262,65536,58559,0,0,6977
3106,0001783,65536,6418,59118,0,0
3107,0004852,65536,619,0,64917,0
3108,0005728,65536,58558,0,0,6978
3109,0001485,65536,0,0,0,65536
3110,0002350,65536,58555,6981,0,0
3111,0007358,65536,58549,0,0,6987
3112,0003241,65536,6476,59060,0,0
3113,0007382,65536,621,0,64915,0
3114,0002670,65536,58545,6991,0,0
3115,0001486,65536,0,0,0,65536
3116,0004753,65536,58543,0,6993,0
3117,0003219,65536,6508,59028,0,0
3118,0007163,65536,58538,0,6998,0
3119,0006781,65536,625,0,64911,0
3120,0001487,65536,0,0,0,65536
3121,0000167,65536,58524,0,7012,0
3122,0006748,65536,6513,59023,0,0
3123,0007465,65536,58516,0,7020,0
3124,0001488,65536,0,0,0,65536
3125,0000480,65536,58512,0,7024,0
3126,0004022,65536,636,0,64900,0
3127,0001586,65536,6528,59008,0,0
3128,0004172,65536,58512,0,7024,0
3129,0006899,65536,58494,0,7042,0
3130,0001489,65536,0,0,0,65536
3131,0002776,65536,58483,7053,0,0
3132,0005373,65536,6538,58998,0,0
3133,0006512,65536,786,0,64750,0
3134,0006121,65536,58482,0,7054,0
3135,0001491,65536,0,0,0,65536
3136,0005316,65536,58473,0,7063,0
3137,0003536,65536,6558,58978,0,0
3138,0005190,65536,58466,0,0,7070
3139,0004063,65536,794,0,64742,0
3140,0001495,65536,0,0,0,65536
3141,0002356,65536,58434,7102,0,0
3142,0002918,65536,58429,7107,0,0
3143,0002470,65536,6577,58959,0,0
3144,0002286,65536,58428,7108,0,0
3145,0006715,65536,851,0,64685,0
3146,0001496,65536,0,0,0,65536
3147,0005726,65536,58425,0,0,7111
3148,0001990,65536,6639,58897,0,0
3149,0006506,65536,58414,0,7122,0
3150,0004237,65536,0,0,0,65536
3151,0006887,65536,868,0,64668,0
3152,0000233,65536,58410,0,7126,0
3153,0000998,65536,58402,0,7134,0
3154,0003656,65536,6647,58889,0,0
3155,0000266,65536,58400,0,7136,0
3156,0004242,65536,0,0,0,65536
3157,0002993,65536,58395,7141,0,0
3158,0005817,65536,876,0,64660,0
3159,0002187,65536,6651,58885,0,0
3160,0006588,65536,58390,0,7146,0
3161,0004243,65536,0,0,0,65536
3162,0004171,65536,58384,0,7152,0
3163,0002956,65536,6661,58875,0,0
3164,0007053,65536,58384,0,2378,4774
3165,0005600,65536,890,0,64646,0
3166,0004244,65536,0,0,0,65536
3167,0007137,65536,58373,0,7163,0
3168,0007061,65536,58363,0,0,7173
3169,0003594,65536,6667,58869,0,0
3170,0000842,65536,58352,0,0,7184
3171,0004583,65536,895,0,64641,0
3172,0004250,65536,0,0,0,65536
3173,0005539,65536,58341,0,7195,0
3174,0001536,65536,6677,58859,0,0
3175,0001796,65536,58337,7199,0,0
3176,0003958,65536,899,0,64637,0
3177,0004906,65536,58336,0,7200,0
3178,0004251,65536,0,0,0,65536
3179,0005336,65536,6714,58822,0,0
3180,0003216,65536,58334,7202,0,0
3181,0004774,65536,58319,0,7217,0
3182,0004252,65536,0,0,0,65536
3183,0006230,65536,58314,0,7222,0
3184,0002890,65536,6725,58811,0,0
3185,0006660,65536,940,0,64596,0
3186,0007153,65536,58314,0,7222,0
3187,0004253,65536,0,0,0,65536
3188,0007261,65536,58294,0,7242,0
3189,0005366,65536,6725,58811,0,0
3190,0002430,65536,58290,7246,0,0
3191,0003926,65536,944,0,64592,0
3192,0005087,65536,58280,0,0,7256
3193,0004254,65536,0,0,0,65536
3194,0001895,65536,58274,7262,0,0
3195,0003544,65536,6731,58805,0,0
3196,0006081,65536,968,0,64568,0
3197,0006098,65536,58274,0,7262,0
3198,0004257,65536,0,0,0,65536
3199,0000526,65536,58259,0,7277,0
3200,0005344,65536,6766,58770,0,0
3201,0007607,65536,58244,0,7292,0
3202,0004258,65536,0,0,0,65536
3203,0004892,65536,58241,0,7295,0
3204,0000105,65536,1015,0,64521,0
3205,0002558,65536,6770,58766,0,0
3206,0004676,65536,58239,0,7297,0
3207,0001296,65536,58234,0,0,7302
3208,0004259,65536,0,0,0,65536
3209,0003308,65536,6794,58742,0,0
3210,0006180,65536,58230,0,7306,0
3211,0005970,65536,1017,0,64519,0
3212,0002689,65536,58178,7358,0,0
3213,0004260,65536,0,0,0,65536
3214,0005369,65536,58178,7358,0,0
3215,0005383,65536,6799,58737,0,0
3216,0000124,65536,1018,0,64518,0
3217,0006857,65536,58173,0,7363,0
3218,0001223,65536,58140,0,0,7396
3219,0004267,65536,0,0,0,65536
3220,0003250,65536,6800,58736,0,0
3221,0004563,65536,58136,0,0,7400
3222,0006501,65536,1019,0,64517,0
3223,0005180,65536,58122,0,0,7414
3224,0005580,65536,58119,0,7417,0
3225,0002998,65536,6822,58714,0,0
3226,0004268,65536,0,0,0,65536
3227,0006671,65536,58110,0,7426,0
3228,0006766,65536,1024,0,64512,0
3229,0002803,65536,58109,7427,0,0
3230,0004269,65536,0,0,0,65536
3231,0002345,65536,6880,58656,0,0
3232,0003179,65536,58106,7430,0,0
3233,0002949,65536,58071,7465,0,0
3234,0006790,65536,1025,0,64511,0
3235,0004270,65536,0,0,0,65536
3236,0007012,65536,58067,0,7469,0
3237,0001800,65536,6907,58629,0,0
3238,0002194,65536,58062,7474,0,0
3239,0003492,65536,58051,7485,0,0
3240,0006901,65536,1026,0,64510,0
3241,0004271,65536,0,0,0,65536
3242,0005264,65536,58043,0,0,7493
3243,0002789,65536,6919,58617,0,0
3244,0006216,65536,58042,0,7494,0
3245,0004276,65536,0,0,0,65536
3246,0007555,65536,1048,0,64488,0
3247,0006645,65536,58008,0,7528,0
3248,0002942,65536,6980,58556,0,0
3249,0007350,65536,58004,0,0,7532
3250,0005234,65536,57994,0,7542,0
3251,0004277,65536,0,0,0,65536
3252,0003788,65536,6992,58544,0,0
3253,0006842,65536,1056,0,64480,0
3254,0007498,65536,57966,0,7570,0
3255,0004915,65536,57958,0,0,7578
3256,0003467,65536,7044,58492,0,0
3257,0004278,65536,0,0,0,65536
3258,0003207,65536,57957,7579,0,0
3259,0006835,65536,1099,0,64437,0
3260,0007139,65536,57953,0,7583,0
3261,0006017,65536,57944,0,7592,0
3262,0004279,65536,0,0,0,65536
3263,0003283,65536,7063,58473,0,0
3264,0002229,65536,57936,7600,0,0
3265,0007543,65536,1136,0,64400,0
3266,0007235,65536,57929,0,7607,0
3267,0004280,65536,0,0,0,65536
3268,0003369,65536,7070,58466,0,0
3269,0007100,65536,57906,0,7630,0
3270,0007489,65536,57902,0,7634,0
3271,0004285,65536,0,0,0,65536
3272,0004624,65536,57878,0,7658,0
3273,0003006,65536,7076,58460,0,0
3274,0006972,65536,1145,0,64391,0
3275,0000206,65536,57865,0,7671,0
3276,0006722,65536,57863,0,7673,0
3277,0004286,65536,0,0,0,65536
3278,0001677,65536,7100,58436,0,0
3279,0003124,65536,57860,7676,0,0
3280,0005854,65536,1171,0,64365,0
3281,0004474,65536,57860,0,0,7676
3282,0001764,65536,7116,58420,0,0
3283,0004287,65536,0,0,0,65536
3284,0001194,65536,57858,7678,0,0
3285,0005611,65536,1175,0,64361,0
3286,0003295,65536,57856,7680,0,0
3287,0007116,65536,57849,0,7687,0
3288,0004288,65536,0,0,0,65536
3289,0002244,65536,7154,58382,0,0
3290,0001899,65536,57842,7694,0,0
3291,0004895,65536,1180,0,64356,0
3292,0005482,65536,57840,0,0,7696
3293,0004289,65536,0,0,0,65536
3294,0002277,65536,57819,7717,0,0
3295,0001523,65536,7166,58370,0,0
3296,0005275,65536,57794,0,0,7742
3297,0005176,65536,1190,0,64346,0
3298,0007595,65536,57784,0,7752,0
3299,0004292,65536,0,0,0,65536
3300,0002599,65536,7210,58326,0,0
3301,0006998,65536,57783,0,7753,0
3302,0005827,65536,57778,0,7758,0
3303,0000261,65536,1195,0,64341,0
3304,0004293,65536,0,0,0,65536
3305,0002337,65536,7296,58240,0,0
3306,0007195,65536,57778,0,7742,16
3307,0007177,65536,57767,0,7769,0
3308,0005953,65536,57762,0,7774,0
3309,0004294,65536,0,0,0,65536
3310,0003781,65536,7303,58233,0,0
3311,0000874,65536,57757,0,0,7779
3312,0006979,65536,1197,0,64339,0
3313,0001859,65536,57749,7787,0,0
3314,0001699,65536,7336,58200,0,0
3315,0004295,65536,0,0,0,65536
3316,0006862,65536,57739,0,7797,0
3317,0004606,65536,1201,0,64335,0
3318,0002784,65536,57737,7799,0,0
3319,0000349,65536,57731,0,0,7805
3320,0003640,65536,7337,58199,0,0
3321,0004296,65536,0,0,0,65536
3322,0004678,65536,57726,0,7810,0
3323,0006850,65536,1238,0,64298,0
3324,0005533,65536,57716,0,0,7820
3325,0000021,65536,7384,58152,0,0
3326,0004297,65536,0,0,0,65536
3327,0004484,65536,57715,0,0,7821
3328,0003846,65536,57707,7829,0,0
3329,0005753,65536,1260,0,64276,0
3330,0006735,65536,7389,58147,0,0
3331,0001730,65536,57701,7835,0,0
3332,0004298,65536,0,0,0,65536
3333,0006132,65536,57681,0,7855,0
3334,0007552,65536,1268,0,64268,0
3335,0006949,65536,57681,0,7855,0
3336,0001958,65536,7415,58121,0,0
3337,0004299,65536,0,0,0,65536
3338,0007045,65536,57681,0,7855,0
3339,0007285,65536,57676,0,0,7860
3340,0003617,65536,7419,58117,0,0
3341,0004070,65536,1293,0,64243,0
3342,0002040,65536,57672,7864,0,0
3343,0004302,65536,0,0,0,65536
3344,0005957,65536,57670,0,7866,0
3345,0005177,65536,57661,0,0,7875
3346,0002224,65536,7429,58107,0,0
3347,0000275,65536,1366,0,64170,0
3348,0004305,65536,0,0,0,65536
3349,0000525,65536,57656,0,7880,0
3350,0005598,65536,57631,0,7905,0
3351,0002975,65536,7469,58067,0,0
3352,0005181,65536,57622,0,7914,0
3353,0004310,65536,0,0,0,65536
3354,0006680,65536,57615,0,7921,0
3355,0001995,65536,7472,58064,0,0
3356,0006659,65536,1382,0,64154,0
3357,0005120,65536,57612,0,0,7924
3358,0004311,65536,0,0,0,65536
3359,0004808,65536,57610,0,7926,0
3360,0002070,65536,7484,58052,0,0
3361,0004480,65536,57605,0,6407,1524
3362,0006847,65536,1382,0,64154,0
3363,0000077,65536,57589,0,0,7947
3364,0004312,65536,0,0,0,65536
3365,0002718,65536,7573,57963,0,0
3366,0000251,65536,57564,0,7972,0
3367,0000178,65536,57563,0,7973,0
3368,0003996,65536,1397,0,64139,0
3369,0004313,65536,0,0,0,65536
3370,0003435,65536,7582,57954,0,0
3371,0001732,65536,57561,7975,0,0
3372,0006708,65536,57561,0,7975,0
3373,0007308,65536,57561,0,0,7975
3374,0005161,65536,1423,0,64113,0
3375,0002415,65536,7599,57937,0,0
3376,0004314,65536,0,0,0,65536
3377,0003399,65536,57545,7991,0,0
3378,0007158,65536,57544,0,7992,0
3379,0004315,65536,0,0,0,65536
3380,0005527,65536,57534,0,8002,0
3381,0001610,65536,7604,57932,0,0
3382,0004077,65536,1445,0,64091,0
3383,0006211,65536,57530,0,8006,0
3384,0004934,65536,57510,0,0,8026
3385,0002393,65536,7613,57923,0,0
3386,0004316,65536,0,0,0,65536
3387,0006636,65536,57502,0,8034,0
3388,0006502,65536,1455,0,64081,0
3389,0005552,65536,57499,0,0,8037
3390,0002987,65536,7613,57923,0,0
3391,0004317,65536,0,0,0,65536
3392,0006543,65536,57474,0,8062,0
3393,0000012,65536,57466,8070,0,0
3394,0005873,65536,1462,0,64074,0
3395,0002083,65536,7633,57903,0,0
3396,0000385,65536,57461,0,8075,0
3397,0004321,65536,0,0,0,65536
3398,0002913,65536,57460,8076,0,0
3399,0004681,65536,57456,0,8080,0
3400,0005350,65536,7633,57903,0,0
3401,0005831,65536,1465,0,64071,0
3402,0004322,65536,0,0,0,65536
3403,0005124,65536,57451,0,0,8085
3404,0002271,65536,57439,8097,0,0
3405,0001659,65536,7642,57894,0,0
3406,0000501,65536,1470,0,64066,0
3407,0005730,65536,57425,0,0,8111
3408,0004323,65536,0,0,0,65536
3409,0002358,65536,57410,8126,0,0
3410,0007073,65536,57407,0,0,8129
3411,0003810,65536,7648,57888,0,0
3412,0000978,65536,1482,0,64054,0
3413,0000481,65536,57388,0,8148,0
3414,0004324,65536,0,0,0,65536
3415,0006451,65536,57386,0,8150,0
3416,0005401,65536,7666,57870,0,0
3417,0006122,65536,57379,0,8157,0
3418,0004325,65536,0,0,0,65536
3419,0005561,65536,1511,0,64025,0
3420,0003575,65536,57378,8158,0,0
3421,0006822,65536,57365,0,8171,0
3422,0001942,65536,7690,57846,0,0
3423,0004327,65536,0,0,0,65536
3424,0007042,65536,57341,0,0,8195
3425,0005909,65536,1511,0,64025,0
3426,0003486,65536,57288,8248,0,0
3427,0002786,65536,7699,57837,0,0
3428,0003818,65536,57283,8253,0,0
3429,0004328,65536,0,0,0,65536
3430,0005522,65536,57274,0,4299,3963
3431,0006977,65536,1546,0,63990,0
3432,0006477,65536,57271,0,8265,0
3433,0002659,65536,7739,57797,0,0
3434,0004329,65536,0,0,0,65536
3435,0001816,65536,57269,8267,0,0
3436,0004610,65536,57268,0,8268,0
3437,0004149,65536,1563,0,63973,0
3438,0006744,65536,7744,57792,0,0
3439,0003479,65536,57262,8274,0,0
3440,0004330,65536,0,0,0,65536
3441,0003413,65536,57233,8303,0,0
3442,0000271,65536,1564,0,63972,0
3443,0005719,65536,57228,0,0,8308
3444,0002080,65536,7766,57770,0,0
3445,0004331,65536,0,0,0,65536
3446,0007047,65536,57216,0,8320,0
3447,0006754,65536,57206,8330,0,0
3448,0005776,65536,1585,0,63951,0
3449,0002770,65536,57199,8337,0,0
3450,0004332,65536,0,0,0,65536
3451,0003392,65536,7790,57746,0,0
3452,0005258,65536,57199,0,0,8337
3453,0005431,65536,57199,8337,0,0
3454,0000405,65536,1613,0,63923,0
3455,0003833,65536,7791,57745,0,0
3456,0004333,65536,0,0,0,65536
3457,0005146,65536,57196,0,0,8340
3458,0000430,65536,57184,0,8352,0
3459,0000968,65536,57179,0,0,8357
3460,0007544,65536,1616,0,63920,0
3461,0001956,65536,7802,57734,0,0
3462,0004334,65536,0,0,0,65536
3463,0007125,65536,57175,0,8201,160
3464,0000007,65536,57166,8370,0,0
3465,0002097,65536,7804,57732,0,0
3466,0006525,65536,1635,0,63901,0
3467,0005536,65536,57158,0,8378,0
3468,0004337,65536,0,0,0,65536
3469,0001841,65536,57154,8382,0,0
3470,0005286,65536,57140,0,4350,4046
3471,0003389,65536,7822,57714,0,0
3472,0004338,65536,0,0,0,65536
3473,0005989,65536,1652,0,63884,0
3474,0004182,65536,57130,0,8406,0
3475,0001512,65536,57128,8408,0,0
3476,0003662,65536,7829,57707,0,0
3477,0004339,65536,0,0,0,65536
3478,0005216,65536,57123,0,8413,0
3479,0007035,65536,1671,0,63865,0
3480,0006639,65536,57123,0,8413,0
3481,0001602,65536,7840,57696,0,0
3482,0004479,65536,57119,0,8417,0
3483,0004340,65536,0,0,0,65536
3484,0001250,65536,57100,0,0,8436
3485,0007569,65536,57068,0,8468,0
3486,0002268,65536,7873,57663,0,0
3487,0006706,65536,1754,0,63782,0
3488,0004341,65536,0,0,0,65536
3489,0005284,65536,57067,0,0,8469
3490,0002725,65536,57066,8470,0,0
3491,0005405,65536,7899,57637,0,0
3492,0004802,65536,1758,0,63778,0
3493,0005852,65536,57065,0,8471,0
3494,0004342,65536,0,0,0,65536
3495,0003500,65536,57064,8472,0,0
3496,0000036,65536,57063,0,0,8473
3497,0002864,65536,7922,57614,0,0
3498,0006618,65536,1773,0,63763,0
3499,0007609,65536,57061,0,8475,0
3500,0004344,65536,0,0,0,65536
3501,0000428,65536,57057,0,8479,0
3502,0002073,65536,7948,57588,0,0
3503,0003619,65536,57038,8498,0,0
3504,0004345,65536,0,0,0,65536
3505,0000273,65536,1788,0,63748,0
3506,0005463,65536,57030,0,8506,0
3507,0002204,65536,7979,57557,0,0
3508,0006507,65536,57010,0,8526,0
3509,0004346,65536,0,0,0,65536
3510,0006144,65536,57008,0,8528,0
3511,0002258,65536,7989,57547,0,0
3512,0007638,65536,56986,0,8550,0
3513,0004580,65536,1795,0,63741,0
3514,0003484,65536,56984,8552,0,0
3515,0004347,65536,0,0,0,65536
3516,0006505,65536,56983,0,8553,0
3517,0003362,65536,8001,57535,0,0
3518,0003801,65536,56969,8567,0,0
3519,0006670,65536,1800,0,63736,0
3520,0004348,65536,0,0,0,65536
3521,0000207,65536,56964,0,8572,0
3522,0006450,65536,56939,0,8597,0
3523,0001762,65536,8026,57510,0,0
3524,0004349,65536,0,0,0,65536
3525,0001257,65536,56937,0,0,8599
3526,0004001,65536,1815,0,63721,0
3527,0003693,65536,56928,8608,0,0
3528,0003274,65536,8032,57504,0,0
3529,0000156,65536,56923,0,8613,0
3530,0004355,65536,0,0,0,65536
3531,0005624,65536,56918,0,8618,0
3532,0005934,65536,1829,0,63707,0
3533,0001951,65536,8053,57483,0,0
3534,0005731,65536,56907,0,0,8629
3535,0005290,65536,56906,0,8630,0
3536,0004360,65536,0,0,0,65536
3537,0002069,65536,8070,57466,0,0
3538,0004845,65536,56905,0,8631,0
3539,0006537,65536,1847,0,63689,0
3540,0001837,65536,56902,8634,0,0
3541,0004374,65536,0,0,0,65536
3542,0006926,65536,56898,0,8638,0
3543,0002883,65536,8075,57461,0,0
3544,0007669,65536,56893,0,0,8643
3545,0004576,65536,1860,0,63676,0
3546,0005969,65536,56886,0,8650,0
3547,0004382,65536,0,0,0,65536
3548,0002408,65536,8077,57459,0,0
3549,0002016,65536,56881,8655,0,0
3550,0004130,65536,56872,0,8664,0
3551,0004383,65536,0,0,0,65536
3552,0006838,65536,1875,0,63661,0
3553,0007210,65536,56867,0,8669,0
3554,0001913,65536,8088,57448,0,0
3555,0002169,65536,56866,8670,0,0
3556,0004392,65536,0,0,0,65536
3557,0002107,65536,56861,8675,0,0
3558,0000484,65536,1900,0,63636,0
3559,0000165,65536,56860,0,8676,0
3560,0002823,65536,8133,57403,0,0
3561,0001522,65536,56851,8685,0,0
3562,0004393,65536,0,0,0,65536
3563,0003826,65536,56840,8696,0,0
3564,0004065,65536,1970,0,63566,0
3565,0000014,65536,8213,57323,0,0
3566,0006973,65536,56829,0,8707,0
3567,0004398,65536,0,0,0,65536
3568,0002740,65536,56819,8717,0,0
3569,0004724,65536,56787,0,8749,0
3570,0002944,65536,8249,57287,0,0
3571,0005749,65536,1990,0,63546,0
3572,0004399,65536,0,0,0,65536
3573,0000182,65536,56786,0,8750,0
3574,0000227,65536,56784,0,8752,0
3575,0001998,65536,8283,57253,0,0
3576,0004222,65536,56773,0,8763,0
3577,0004400,65536,0,0,0,65536
3578,0007120,65536,56763,0,8773,0
3579,0007412,65536,2038,0,63498,0
3580,0003643,65536,8355,57181,0,0
3581,0004752,65536,56761,0,8775,0
3582,0004407,65536,0,0,0,65536
3583,0006910,65536,56749,0,8787,0
3584,0001626,65536,8364,57172,0,0
3585,0001852,65536,56726,8810,0,0
3586,0000518,65536,2074,0,63462,0
3587,0004408,65536,0,0,0,65536
3588,0000346,65536,56721,0,0,8815
3589,0003304,65536,56714,8822,0,0
3590,0003074,65536,8364,57172,0,0
3591,0004884,65536,2102,0,63434,0
3592,0007238,65536,56713,0,0,8823
3593,0004409,65536,0,0,0,65536
3594,0007672,65536,56703,0,0,8833
3595,0001792,65536,8385,57151,0,0
3596,0006117,65536,56700,0,8836,0
3597,0005795,65536,2103,0,63433,0
3598,0002572,65536,56693,8843,0,0
3599,0004410,65536,0,0,0,65536
3600,0004881,65536,56675,0,8861,0
3601,0005378,65536,8407,57129,0,0
3602,0003279,65536,56671,8865,0,0
3603,0006913,65536,2112,0,63424,0
3604,0004411,65536,0,0,0,65536
3605,0004248,65536,56666,0,0,8870
3606,0004891,65536,56660,0,8876,0
3607,0003175,65536,8425,57111,0,0
3608,0002057,65536,56643,8893,0,0
3609,0005825,65536,2125,0,63411,0
3610,0004418,65536,0,0,0,65536
3611,0000153,65536,56626,0,8910,0
3612,0002819,65536,8434,57102,0,0
3613,0000489,65536,56606,0,8930,0
3614,0004419,65536,0,0,0,65536
3615,0006721,65536,56599,0,8937,0
3616,0001957,65536,8439,57097,0,0
3617,0005994,65536,2129,0,63407,0
3618,0003014,65536,56584,8952,0,0
3619,0007582,65536,56560,0,8976,0
3620,0004420,65536,0,0,0,65536
3621,0003244,65536,56546,8990,0,0
3622,0001698,65536,8454,57082,0,0
3623,0004189,65536,2131,0,63405,0
3624,0004141,65536,56533,0,9003,0
3625,0004421,65536,0,0,0,65536
3626,0007776,65536,56530,9006,0,0
3627,0002772,65536,56528,9008,0,0
3628,0002921,65536,8484,57052,0,0
3629,0007411,65536,2188,0,63348,0
3630,0004422,65536,0,0,0,65536
3631,0006248,65536,56524,0,9012,0
3632,0006836,65536,56524,0,9012,0
3633,0001840,65536,8567,56969,0,0
3634,0005502,65536,56519,0,0,9017
3635,0004423,65536,0,0,0,65536
3636,0006802,65536,2256,0,63280,0
3637,0004059,65536,56502,0,9034,0
3638,0001632,65536,8618,56918,0,0
3639,0005528,65536,56491,0,9045,0
3640,0004428,65536,0,0,0,65536
3641,0000092,65536,56482,0,0,9054
3642,0002249,65536,56481,9055,0,0
3643,0006916,65536,2256,0,63280,0
3644,0003611,65536,8655,56881,0,0
3645,0006824,65536,56477,0,9059,0
3646,0004429,65536,0,0,0,65536
3647,0007551,65536,56466,0,9070,0
3648,0002738,65536,8685,56851,0,0
3649,0005564,65536,56464,0,9072,0
3650,0000503,65536,2291,0,63245,0
3651,0004430,65536,0,0,0,65536
3652,0005807,65536,56461,0,9075,0
3653,0003410,65536,8689,56847,0,0
3654,0003844,65536,56449,9087,0,0
3655,0007029,65536,56432,0,9104,0
3656,0004445,65536,0,0,0,65536
3657,0006980,65536,2305,0,63231,0
3658,0002661,65536,56421,9115,0,0
3659,0001843,65536,8704,56832,0,0
3660,0005541,65536,56419,0,9117,0
3661,0004446,65536,0,0,0,65536
3662,0000024,65536,56382,0,0,9154
3663,0000104,65536,2352,0,63184,0
3664,0001853,65536,8767,56769,0,0
3665,0004096,65536,56382,0,9154,0
3666,0001727,65536,56374,9162,0,0
3667,0004454,65536,0,0,0,65536
3668,0001719,65536,56364,9172,0,0
3669,0000512,65536,2372,0,63164,0
3670,0003497,65536,8774,56762,0,0
3671,0000436,65536,56349,0,9187,0
3672,0004455,65536,0,0,0,65536
3673,0005191,65536,56327,0,9209,0
3674,0003499,65536,8789,56747,0,0
3675,0000954,65536,56323,0,0,9213
3676,0006649,65536,2375,0,63161,0
3677,0006114,65536,56322,0,9214,0
3678,0004460,65536,0,0,0,65536
3679,0002875,65536,8824,56712,0,0
3680,0005475,65536,56318,0,0,9218
3681,0005950,65536,56307,0,9229,0
3682,0005898,65536,2400,0,63136,0
3683,0004461,65536,0,0,0,65536
3684,0005099,65536,56290,0,0,9246
3685,0002559,65536,8855,56681,0,0
3686,0004115,65536,56273,0,9263,0
3687,0001200,65536,56263,9273,0,0
3688,0004146,65536,2478,0,63058,0
3689,0002385,65536,8872,56664,0,0
3690,0004462,65536,0,0,0,65536
3691,0005351,65536,56260,9276,0,0
3692,0004708,65536,56228,0,0,9308
3693,0006774,65536,2521,0,63015,0
3694,0006646,65536,56226,0,9310,0
3695,0005339,65536,8913,56623,0,0
3696,0004482,65536,0,0,0,65536
3697,0000147,65536,56200,0,9336,0
3698,0000447,65536,56196,0,1466,7874
3699,0001627,65536,8932,56604,0,0
3700,0004500,65536,0,0,0,65536
3701,0000070,65536,56170,0,0,9366
3702,0006666,65536,2524,0,63012,0
3703,0007185,65536,56159,0,6687,2690
3704,0002095,65536,8966,56570,0,0
3705,0000802,65536,56150,0,4360,5026
3706,0004505,65536,0,0,0,65536
3707,0003899,65536,2528,0,63008,0
3708,0005060,65536,56135,0,0,9401
3709,0001568,65536,8969,56567,0,0
3710,0003528,65536,56125,9411,0,0
3711,0005071,65536,56124,0,0,9412
3712,0005870,65536,2654,0,62882,0
3713,0004506,65536,0,0,0,65536
3714,0001262,65536,56115,0,0,9421
3715,0003185,65536,9088,56448,0,0
3716,0004690,65536,56108,0,9428,0
3717,0002442,65536,56086,9450,0,0
3718,0006536,65536,2654,0,62882,0
3719,0004507,65536,0,0,0,65536
3720,0002854,65536,9119,56417,0,0
3721,0003799,65536,56083,9453,0,0
3722,0006402,65536,56069,0,0,9467
3723,0005839,65536,2677,0,62859,0
3724,0006104,65536,56063,0,9473,0
3725,0003558,65536,9160,56376,0,0
3726,0004508,65536,0,0,0,65536
3727,0007205,65536,56058,0,9478,0
3728,0004122,65536,56048,0,9488,0
3729,0003054,65536,9204,56332,0,0
3730,0004515,65536,0,0,0,65536
3731,0007443,65536,56043,0,9493,0
3732,0000502,65536,2717,0,62819,0
3733,0004930,65536,56040,0,0,9496
3734,0002303,65536,9222,56314,0,0
3735,0004593,65536,56034,0,9502,0
3736,0004517,65536,0,0,0,65536
3737,0007648,65536,56022,0,9514,0
3738,0002917,65536,9222,56314,0,0
3739,0006010,65536,2734,0,62802,0
3740,0004990,65536,56018,0,0,9518
3741,0004518,65536,0,0,0,65536
3742,0004471,65536,56008,0,0,9528
3743,0002848,65536,9228,56308,0,0
3744,0002036,65536,55985,9551,0,0
3745,0006827,65536,2762,0,62774,0
3746,0004913,65536,55981,0,9555,0
3747,0004519,65536,0,0,0,65536
3748,0001227,65536,55964,0,0,9572
3749,0002420,65536,9234,56302,0,0
3750,0006875,65536,2808,0,62728,0
3751,0004871,65536,55964,0,9572,0
3752,0004128,65536,55960,0,9576,0
3753,0004520,65536,0,0,0,65536
3754,0005453,65536,9306,56230,0,0
3755,0007213,65536,55951,0,9585,0
3756,0005983,65536,55949,0,9587,0
3757,0001910,65536,9319,56217,0,0
3758,0004521,65536,0,0,0,65536
3759,0005877,65536,2816,0,62720,0
3760,0003759,65536,55944,9592,0,0
3761,0001033,65536,55937,0,0,9599
3762,0003658,65536,9330,56206,0,0
3763,0007368,65536,55917,0,9619,0
3764,0004523,65536,0,0,0,65536
3765,0005871,65536,2827,0,62709,0
3766,0005682,65536,55902,0,0,9634
3767,0007697,65536,55897,0,0,9639
3768,0002174,65536,9348,56188,0,0
3769,0006787,65536,55892,0,9644,0
3770,0004528,65536,0,0,0,65536
3771,0006479,65536,2856,0,62680,0
3772,0005978,65536,55884,0,9652,0
3773,0002935,65536,9368,56168,0,0
3774,0000542,65536,55883,0,9653,0
3775,0004530,65536,0,0,0,65536
3776,0002423,65536,55881,9655,0,0
3777,0006783,65536,2867,0,62669,0
3778,0002396,65536,9375,56161,0,0
3779,0003756,65536,55881,9655,0,0
3780,0004531,65536,0,0,0,65536
3781,0004597,65536,55876,0,9660,0
3782,0005700,65536,55844,0,0,9692
3783,0001551,65536,9403,56133,0,0
3784,0006625,65536,2904,0,62632,0
3785,0004125,65536,55839,0,9697,0
3786,0004532,65536,0,0,0,65536
3787,0000116,65536,55818,0,9718,0
3788,0005333,65536,9413,56123,0,0
3789,0007575,65536,55796,0,9740,0
3790,0004533,65536,0,0,0,65536
3791,0000392,65536,55793,0,9743,0
3792,0004138,65536,2908,0,62628,0
3793,0001634,65536,9437,56099,0,0
3794,0003709,65536,55791,9745,0,0
3795,0002633,65536,55788,9748,0,0
3796,0004534,65536,0,0,0,65536
3797,0005584,65536,2930,0,62606,0
3798,0005981,65536,55784,0,9752,0
3799,0002867,65536,9455,56081,0,0
3800,0001827,65536,55778,9758,0,0
3801,0004536,65536,0,0,0,65536
3802,0007249,65536,55776,0,9760,0
3803,0006190,65536,55770,0,9766,0
3804,0002885,65536,9460,56076,0,0
3805,0005167,65536,2932,0,62604,0
3806,0004539,65536,0,0,0,65536
3807,0004495,65536,55762,0,0,9774
3808,0007466,65536,55744,0,9792,0
3809,0002031,65536,9461,56075,0,0
3810,0006689,65536,55738,0,9798,0
3811,0006879,65536,2954,0,62582,0
3812,0004540,65536,0,0,0,65536
3813,0000838,65536,55730,0,0,9806
3814,0002835,65536,9529,56007,0,0
3815,0007281,65536,55724,0,0,9812
3816,0003440,65536,55722,9814,0,0
3817,0004195,65536,2959,0,62577,0
3818,0002517,65536,9535,56001,0,0
3819,0004541,65536,0,0,0,65536
3820,0007048,65536,55716,0,9820,0
3821,0007075,65536,55712,0,0,9824
3822,0003785,65536,9547,55989,0,0
3823,0006482,65536,2984,0,62552,0
3824,0004715,65536,55705,0,9831,0
3825,0004542,65536,0,0,0,65536
3826,0004547,65536,55699,0,0,9837
3827,0002729,65536,55691,9845,0,0
3828,0002304,65536,9576,55960,0,0
3829,0006716,65536,3071,0,62465,0
3830,0001604,65536,55682,9854,0,0
3831,0004544,65536,0,0,0,65536
3832,0003432,65536,55662,9874,0,0
3833,0004466,65536,55656,0,9880,0
3834,0003747,65536,9585,55951,0,0
3835,0004545,65536,0,0,0,65536
3836,0006874,65536,3144,0,62392,0
3837,0000801,65536,55641,0,0,9895
3838,0004477,65536,55626,0,0,9910
3839,0001794,65536,9620,55916,0,0
3840,0004882,65536,3146,0,62390,0
3841,0005133,65536,55617,0,0,9919
3842,0004546,65536,0,0,0,65536
3843,0007123,65536,55606,0,3647,6283
3844,0001619,65536,9678,55858,0,0
3845,0003070,65536,55605,9931,0,0
3846,0004616,65536,3149,0,62387,0
3847,0006241,65536,55603,0,9933,0
3848,0004548,65536,0,0,0,65536
3849,0002219,65536,55600,9936,0,0
3850,0002136,65536,9681,55855,0,0
3851,0000226,65536,55566,0,9970,0
3852,0005975,65536,3151,0,62385,0
3853,0004554,65536,0,0,0,65536
3854,0003684,65536,55564,9972,0,0
3855,0005727,65536,55563,0,0,9973
3856,0002267,65536,9686,55850,0,0
3857,0002251,65536,55542,9994,0,0
3858,0006617,65536,3195,0,62341,0
3859,0004555,65536,0,0,0,65536
3860,0000439,65536,55527,0,10009,0
3861,0005432,65536,9705,55831,0,0
3862,0006099,65536,55522,0,10014,0
3863,0004556,65536,0,0,0,65536
3864,0004940,65536,55493,0,0,10043
3865,0006591,65536,3245,0,62291,0
3866,0002294,65536,9717,55819,0,0
3867,0006101,65536,55471,0,10065,0
3868,0000360,65536,55458,0,10078,0
3869,0004559,65536,0,0,0,65536
3870,0003741,65536,9756,55780,0,0
3871,0007182,65536,55447,0,10089,0
3872,0007003,65536,55430,0,0,10106
3873,0004862,65536,3251,0,62285,0
3874,0002011,65536,9812,55724,0,0
3875,0003066,65536,55414,10122,0,0
3876,0004922,65536,0,0,0,65536
3877,0000113,65536,55400,0,10136,0
3878,0004662,65536,3290,0,62246,0
3879,0006932,65536,55384,0,10152,0
3880,0007767,65536,9838,55698,0,0
3881,0004927,65536,0,0,0,65536
3882,0003835,65536,55358,10178,0,0
3883,0000465,65536,55353,0,10183,0
3884,0002289,65536,55339,10197,0,0
3885,0004928,65536,0,0,0,65536
3886,0006492,65536,3320,0,62216,0
3887,0002099,65536,9859,55677,0,0
3888,0000369,65536,55332,0,10204,0
3889,0004739,65536,55331,0,10205,0
3890,0004960,65536,0,0,0,65536
3891,0001734,65536,9871,55665,0,0
3892,0006135,65536,55331,0,10205,0
3893,0000528,65536,3366,0,62170,0
3894,0002298,65536,55325,10211,0,0
3895,0004961,65536,0,0,0,65536
3896,0007236,65536,55323,0,10213,0
3897,0001868,65536,9905,55631,0,0
3898,0002764,65536,55316,10220,0,0
3899,0004579,65536,3377,0,62159,0
3900,0007283,65536,55316,0,10220,0
3901,0004962,65536,0,0,0,65536
3902,0003613,65536,9930,55606,0,0
3903,0003580,65536,55308,10228,0,0
3904,0002758,65536,55301,10235,0,0
3905,0004963,65536,0,0,0,65536
3906,0005555,65536,3415,0,62121,0
3907,0005448,65536,55296,10240,0,0
3908,0002857,65536,9933,55603,0,0
3909,0004207,65536,55287,0,10249,0
3910,0004964,65536,0,0,0,65536
3911,0004938,65536,55277,0,0,10259
3912,0000519,65536,3465,0,62071,0
3913,0004319,65536,55275,0,0,10261
3914,0001689,65536,10009,55527,0,0
3915,0002475,65536,55272,10264,0,0
3916,0004025,65536,3504,0,62032,0
3917,0004965,65536,0,0,0,65536
3918,0000161,65536,55266,0,10270,0
3919,0003455,65536,10012,55524,0,0
3920,0004513,65536,55265,0,0,10271
3921,0002340,65536,55261,10275,0,0
3922,0006846,65536,3532,0,62004,0
3923,0004966,65536,0,0,0,65536
3924,0001916,65536,55253,10283,0,0
3925,0003773,65536,10024,55512,0,0
3926,0004886,65536,55253,0,10283,0
3927,0004969,65536,0,0,0,65536
3928,0003272,65536,55234,10302,0,0
3929,0000374,65536,3537,0,61999,0
3930,0000426,65536,55205,0,10331,0
3931,0001974,65536,10036,55500,0,0
3932,0001930,65536,55197,10339,0,0
3933,0004970,65536,0,0,0,65536
3934,0006170,65536,55196,0,10340,0
3935,0002797,65536,10134,55402,0,0
3936,0006771,65536,3681,0,61855,0
3937,0006191,65536,55194,0,10342,0
3938,0004971,65536,0,0,0,65536
3939,0007095,65536,55193,0,10343,0
3940,0007782,65536,10148,55388,0,0
3941,0007576,65536,55187,0,10349,0
3942,0001517,65536,55181,10355,0,0
3943,0004972,65536,0,0,0,65536
3944,0005886,65536,3699,0,61837,0
3945,0006834,65536,55178,0,10358,0
3946,0002560,65536,10170,55366,0,0
3947,0001873,65536,55160,10376,0,0
3948,0004973,65536,0,0,0,65536
3949,0007112,65536,55155,0,10381,0
3950,0007370,65536,3741,0,61795,0
3951,0002144,65536,10227,55309,0,0
3952,0006640,65536,55147,0,10389,0
3953,0004975,65536,0,0,0,65536
3954,0002717,65536,55144,10392,0,0
3955,0005518,65536,55108,0,10428,0
3956,0003104,65536,10247,55289,0,0
3957,0006966,65536,3744,0,61792,0
3958,0002449,65536,55096,10440,0,0
3959,0004976,65536,0,0,0,65536
3960,0006530,65536,55077,0,10459,0
3961,0002203,65536,10254,55282,0,0
3962,0004401,65536,55074,0,0,10462
3963,0004044,65536,3769,0,61767,0
3964,0004977,65536,0,0,0,65536
3965,0003214,65536,55071,10465,0,0
3966,0005828,65536,55043,0,10493,0
3967,0003535,65536,10265,55271,0,0
3968,0006837,65536,55026,0,10510,0
3969,0004979,65536,0,0,0,65536
3970,0006918,65536,3770,0,61766,0
3971,0006820,65536,55025,0,10511,0
3972,0002088,65536,10270,55266,0,0
3973,0001566,65536,55019,10517,0,0
3974,0004980,65536,0,0,0,65536
3975,0000058,65536,55017,0,0,10519
3976,0007367,65536,3908,0,61628,0
3977,0005426,65536,10270,55266,0,0
3978,0005070,65536,55015,0,0,10521
3979,0005091,65536,55012,0,0,10524
3980,0005141,65536,55012,0,0,10524
3981,0007636,65536,3911,0,61625,0
3982,0001911,65536,10279,55257,0,0
3983,0004981,65536,0,0,0,65536
3984,0004599,65536,55009,0,10527,0
3985,0003462,65536,54996,10540,0,0
3986,0002550,65536,10300,55236,0,0
3987,0004982,65536,0,0,0,65536
3988,0007452,65536,3937,0,61599,0
3989,0005321,65536,54995,10541,0,0
3990,0002439,65536,54990,10546,0,0
3991,0005503,65536,54986,0,10550,0
3992,0004983,65536,0,0,0,65536
3993,0002302,65536,10331,55205,0,0
3994,0000198,65536,3973,0,61563,0
3995,0007396,65536,54970,0,10566,0
3996,0002681,65536,54960,10576,0,0
3997,0004984,65536,0,0,0,65536
3998,0000450,65536,54954,0,10582,0
3999,0002138,65536,10359,55177,0,0
4000,0005829,65536,4036,0,61500,0
4001,0005111,65536,54952,0,0,10584
4002,0006575,65536,54947,0,10589,0
4003,0001673,65536,10393,55143,0,0
4004,0004988,65536,0,0,0,65536
4005,0007191,65536,54934,0,5193,5409
4006,0004900,65536,4073,0,61463,0
4007,0000563,65536,54924,0,10612,0
4008,0005349,65536,10405,55131,0,0
4009,0004993,65536,0,0,0,65536
4010,0005619,65536,54892,0,10644,0
4011,0006120,65536,54890,0,10646,0
4012,0003769,65536,10435,55101,0,0
4013,0004994,65536,0,0,0,65536
4014,0006221,65536,54887,0,10649,0
4015,0003882,65536,4173,0,61363,0
4016,0006563,65536,54874,0,10662,0
4017,0001947,65536,10438,55098,0,0
4018,0007574,65536,54856,0,10680,0
4019,0004995,65536,0,0,0,65536
4020,0003441,65536,54855,10681,0,0
4021,0003442,65536,54846,10690,0,0
4022,0007408,65536,4179,0,61357,0
4023,0002660,65536,10446,55090,0,0
4024,0004996,65536,0,0,0,65536
4025,0006485,65536,54835,0,10701,0
4026,0004751,65536,54826,0,10710,0
4027,0006761,65536,10483,55053,0,0
4028,0006798,65536,54813,0,10723,0
4029,0004998,65536,0,0,0,65536
4030,0007403,65536,4197,0,61339,0
4031,0005735,65536,54797,0,0,10739
4032,0003726,65536,10530,55006,0,0
4033,0005276,65536,54772,0,0,10764
4034,0000881,65536,54761,0,0,10775
4035,0006912,65536,4205,0,61331,0
4036,0005001,65536,0,0,0,65536
4037,0003503,65536,10545,54991,0,0
4038,0002441,65536,54756,10780,0,0
4039,0005857,65536,54750,0,10786,0
4040,0005002,65536,0,0,0,65536
4041,0000827,65536,54746,0,0,10790
4042,0000231,65536,4243,0,61293,0
4043,0002212,65536,10609,54927,0,0
4044,0002732,65536,54737,10799,0,0
4045,0001774,65536,54735,10801,0,0
4046,0006677,65536,4248,0,61288,0
4047,0005003,65536,0,0,0,65536
4048,0001739,65536,54720,10816,0,0
4049,0003805,65536,10610,54926,0,0
4050,0000085,65536,54707,0,0,10829
4051,0003983,65536,4257,0,61279,0
4052,0007181,65536,54697,0,10839,0
4053,0005004,65536,0,0,0,65536
4054,0001955,65536,10611,54925,0,0
4055,0000433,65536,54684,0,10852,0
4056,0003699,65536,54676,10860,0,0
4057,0005005,65536,0,0,0,65536
4058,0007566,65536,54674,0,10862,0
4059,0003663,65536,10618,54918,0,0
4060,0004010,65536,4338,0,61198,0
4061,0001192,65536,54663,10873,0,0
4062,0006229,65536,54660,0,10876,0
4063,0005006,65536,0,0,0,65536
4064,0001515,65536,10634,54902,0,0
4065,0004946,65536,54655,0,0,10881
4066,0006605,65536,4347,0,61189,0
4067,0004183,65536,54653,0,10883,0
4068,0001835,65536,10637,54899,0,0
4069,0005007,65536,0,0,0,65536
4070,0005547,65536,54639,0,0,10897
4071,0005157,65536,54625,0,10911,0
4072,0000510,65536,4369,0,61167,0
4073,0002578,65536,10657,54879,0,0
4074,0002700,65536,54614,10922,0,0
4075,0005014,65536,0,0,0,65536
4076,0007630,65536,54613,0,10923,0
4077,0005701,65536,54606,0,0,10930
4078,0006929,65536,4400,0,61136,0
4079,0003638,65536,10658,54878,0,0
4080,0006805,65536,54587,0,10949,0
4081,0005015,65536,0,0,0,65536
4082,0006533,65536,54567,0,10969,0
4083,0003196,65536,10690,54846,0,0
4084,0005370,65536,54559,10977,0,0
4085,0005872,65536,4454,0,61082,0
4086,0005016,65536,0,0,0,65536
4087,0003804,65536,54553,10983,0,0
4088,0000960,65536,54512,0,11024,0
4089,0005395,65536,10716,54820,0,0
4090,0005017,65536,0,0,0,65536
4091,0000004,65536,54511,11025,0,0
4092,0003991,65536,4489,0,61047,0
4093,0004718,65536,54511,0,11025,0
4094,0005551,65536,54511,0,11025,0
4095,0001697,65536,10719,54817,0,0
4096,0005019,65536,0,0,0,65536
4097,0000909,65536,54500,0,0,11036
4098,0007033,65536,4500,0,61036,0
4099,0003186,65536,54492,11044,0,0
4100,0001857,65536,10748,54788,0,0
4101,0004561,65536,54476,0,0,11060
4102,0005020,65536,0,0,0,65536
4103,0006209,65536,54472,0,11064,0
4104,0003894,65536,4519,0,61017,0
4105,0003569,65536,10748,54788,0,0
4106,0005540,65536,54463,0,11073,0
4107,0005021,65536,0,0,0,65536
4108,0007484,65536,54460,0,11076,0
4109,0003016,65536,10781,54755,0,0
4110,0000184,65536,54414,0,11122,0
4111,0006381,65536,54402,0,0,11134
4112,0004789,65536,4531,0,61005,0
4113,0005022,65536,0,0,0,65536
4114,0002416,65536,10798,54738,0,0
4115,0001666,65536,54381,11155,0,0
4116,0005599,65536,54373,0,11163,0
4117,0006462,65536,54369,0,11167,0
4118,0005025,65536,0,0,0,65536
4119,0003045,65536,10800,54736,0,0
4120,0006898,65536,4571,0,60965,0
4121,0005954,65536,54366,0,11170,0
4122,0007145,65536,54355,0,11181,0
4123,0005026,65536,0,0,0,65536
4124,0001970,65536,10828,54708,0,0
4125,0005556,65536,54350,0,11186,0
4126,0007483,65536,54343,0,11193,0
4127,0006888,65536,4578,0,60958,0
4128,0002447,65536,10838,54698,0,0
4129,0005027,65536,0,0,0,65536
4130,0004228,65536,54338,0,11198,0
4131,0003451,65536,54319,11217,0,0
4132,0003000,65536,54310,11226,0,0
4133,0005028,65536,0,0,0,65536
4134,0006626,65536,4627,0,60909,0
4135,0001675,65536,10855,54681,0,0
4136,0001311,65536,54296,0,11240,0
4137,0003710,65536,54293,11243,0,0
4138,0005029,65536,0,0,0,65536
4139,0007615,65536,54257,0,11279,0
4140,0002785,65536,10891,54645,0,0
4141,0006813,65536,4714,0,60822,0
4142,0003015,65536,54242,11294,0,0
4143,0005030,65536,0,0,0,65536
4144,0000358,65536,54232,0,11304,0
4145,0002264,65536,10907,54629,0,0
4146,0003550,65536,54217,11319,0,0
4147,0004811,65536,4730,0,60806,0
4148,0001205,65536,54214,11322,0,0
4149,0005031,65536,0,0,0,65536
4150,0006528,65536,54213,0,11323,0
4151,0003069,65536,10982,54554,0,0
4152,0001654,65536,54212,11324,0,0
4153,0004645,65536,4765,0,60771,0
4154,0005032,65536,0,0,0,65536
4155,0000170,65536,54185,0,11351,0
4156,0006212,65536,54172,0,11364,0
4157,0001912,65536,11007,54529,0,0
4158,0005036,65536,0,0,0,65536
4159,0001258,65536,54134,0,0,11402
4160,0000418,65536,4790,0,60746,0
4161,0006253,65536,54120,0,11416,0
4162,0002110,65536,11018,54518,0,0
4163,0005104,65536,54114,0,0,11422
4164,0007200,65536,54110,0,11426,0
4165,0005037,65536,0,0,0,65536
4166,0002096,65536,11019,54517,0,0
4167,0000511,65536,4808,0,60728,0
4168,0003830,65536,54092,11444,0,0
4169,0002473,65536,54078,11458,0,0
4170,0005038,65536,0,0,0,65536
4171,0006176,65536,54060,0,11476,0
4172,0001507,65536,11049,54487,0,0
4173,0006902,65536,4846,0,60690,0
4174,0003603,65536,54041,11495,0,0
4175,0005041,65536,0,0,0,65536
4176,0004759,65536,54027,0,11509,0
4177,0007087,65536,54013,0,11523,0
4178,0002343,65536,11071,54465,0,0
4179,0002739,65536,54000,11536,0,0
4180,0000516,65536,4882,0,60654,0
4181,0005042,65536,0,0,0,65536
4182,0003400,65536,53980,11556,0,0
4183,0007333,65536,53971,0,0,11565
4184,0005459,65536,11095,54441,0,0
4185,0004613,65536,4910,0,60626,0
4186,0005046,65536,0,0,0,65536
4187,0007624,65536,53968,0,11568,0
4188,0005974,65536,53958,0,11578,0
4189,0001935,65536,11098,54438,0,0
4190,0005736,65536,53952,0,0,11584
4191,0006446,65536,4911,0,60625,0
4192,0005065,65536,0,0,0,65536
4193,0003107,65536,53950,11586,0,0
4194,0002460,65536,11169,54367,0,0
4195,0006967,65536,53946,0,11590,0
4196,0006687,65536,53940,0,11596,0
4197,0005066,65536,0,0,0,65536
4198,0002999,65536,11209,54327,0,0
4199,0003022,65536,53935,11601,0,0
4200,0006559,65536,4974,0,60562,0
4201,0003758,65536,53933,11603,0,0
4202,0005067,65536,0,0,0,65536
4203,0002466,65536,53901,11635,0,0
4204,0006627,65536,4982,0,60554,0
4205,0006678,65536,53894,0,11642,0
4206,0002824,65536,11226,54310,0,0
4207,0005075,65536,0,0,0,65536
4208,0006444,65536,53891,0,11645,0
4209,0001587,65536,53890,11646,0,0
4210,0001973,65536,11228,54308,0,0
4211,0000984,65536,4992,0,60544,0
4212,0004116,65536,53850,0,11686,0
4213,0005076,65536,0,0,0,65536
4214,0005517,65536,53842,0,11694,0
4215,0001987,65536,11272,54264,0,0
4216,0007090,65536,53832,0,11704,0
4217,0005085,65536,0,0,0,65536
4218,0006215,65536,53820,0,11716,0
4219,0007108,65536,53815,0,11721,0
4220,0002068,65536,11276,54260,0,0
4221,0004615,65536,5004,0,60532,0
4222,0007643,65536,53815,0,11721,0
4223,0005147,65536,0,0,0,65536
4224,0002828,65536,53806,11730,0,0
4225,0003417,65536,11317,54219,0,0
4226,0001537,65536,53805,11731,0,0
4227,0005166,65536,5008,0,60528,0
4228,0005253,65536,0,0,0,65536
4229,0005480,65536,53803,0,11733,0
4230,0006187,65536,53800,0,11736,0
4231,0002684,65536,11323,54213,0,0
4232,0005273,65536,0,0,0,65536
4233,0006634,65536,53795,0,11741,0
4234,0004689,65536,53792,0,11744,0
4235,0003381,65536,11339,54197,0,0
4236,0006513,65536,5103,0,60433,0
4237,0003866,65536,53786,11750,0,0
4238,0005664,65536,0,0,0,65536
4239,0006162,65536,53785,0,11751,0
4240,0003652,65536,11370,54166,0,0
4241,0007394,65536,53785,0,11751,0
4242,0005665,65536,0,0,0,65536
4243,0005589,65536,5128,0,60408,0
4244,0006223,65536,53768,0,11768,0
4245,0005346,65536,11459,54077,0,0
4246,0003647,65536,53762,11774,0,0
4247,0005666,65536,0,0,0,65536
4248,0001548,65536,53757,11779,0,0
4249,0007031,65536,5202,0,60334,0
4250,0002120,65536,53757,11779,0,0
4251,0006668,65536,53735,0,11801,0
4252,0001867,65536,11492,54044,0,0
4253,0005669,65536,0,0,0,65536
4254,0004766,65536,53716,0,11820,0
4255,0006633,65536,53698,0,11838,0
4256,0002347,65536,11519,54017,0,0
4257,0005484,65536,5204,0,60332,0
4258,0005689,65536,0,0,0,65536
4259,0003448,65536,53685,11851,0,0
4260,0002374,65536,53672,11864,0,0
4261,0003740,65536,53671,11865,0,0
4262,0005816,65536,5208,0,60328,0
4263,0005690,65536,0,0,0,65536
4264,0002831,65536,11556,53980,0,0
4265,0007631,65536,53669,0,11867,0
4266,0002964,65536,53662,11874,0,0
4267,0005691,65536,0,0,0,65536
4268,0000232,65536,5233,0,60303,0
4269,0000324,65536,53644,0,0,11892
4270,0003711,65536,11583,53953,0,0
4271,0002588,65536,53644,11892,0,0
4272,0004602,65536,53641,0,11895,0
4273,0005692,65536,0,0,0,65536
4274,0004087,65536,5239,0,60297,0
4275,0000236,65536,53638,0,11898,0
4276,0001500,65536,11599,53937,0,0
4277,0006157,65536,53627,0,11909,0
4278,0005704,65536,0,0,0,65536
4279,0005361,65536,53610,11926,0,0
4280,0001552,65536,11664,53872,0,0
4281,0005788,65536,5255,0,60281,0
4282,0003565,65536,53607,11929,0,0
4283,0000780,65536,53603,0,0,11933
4284,0005705,65536,0,0,0,65536
4285,0006466,65536,53603,0,11933,0
4286,0001593,65536,11690,53846,0,0
4287,0006020,65536,5288,0,60248,0
4288,0003180,65536,53600,11936,0,0
4289,0005706,65536,0,0,0,65536
4290,0003071,65536,53588,11948,0,0
4291,0000235,65536,53580,0,11956,0
4292,0002159,65536,11719,53817,0,0
4293,0000509,65536,5305,0,60231,0
4294,0003495,65536,53576,11960,0,0
4295,0005707,65536,0,0,0,65536
4296,0005491,65536,53543,0,11993,0
4297,0001741,65536,11729,53807,0,0
4298,0000524,65536,53540,0,11996,0
4299,0005711,65536,0,0,0,65536
4300,0002916,65536,53532,12004,0,0
4301,0006580,65536,5315,0,60221,0
4302,0004390,65536,53518,0,0,12018
4303,0002163,65536,11745,53791,0,0
4304,0000514,65536,53509,0,12027,0
4305,0006261,65536,0,0,0,65536
4306,0006090,65536,5399,0,60137,0
4307,0001141,65536,53496,0,0,12040
4308,0002058,65536,11774,53762,0,0
4309,0004416,65536,53489,0,0,12047
4310,0007652,65536,53480,0,12056,0
4311,0003017,65536,11783,53753,0,0
4312,0006262,65536,0,0,0,65536
4313,0005779,65536,5432,0,60104,0
4314,0007752,65536,53470,0,0,12066
4315,0003423,65536,53466,12070,0,0
4316,0002067,65536,11797,53739,0,0
4317,0005310,65536,5442,0,60094,0
4318,0006906,65536,53450,0,12086,0
4319,0006263,65536,0,0,0,65536
4320,0006235,65536,53447,0,12089,0
4321,0003644,65536,11805,53731,0,0
4322,0005479,65536,53431,0,12105,0
4323,0006266,65536,0,0,0,65536
4324,0000244,65536,53417,0,12119,0
4325,0001936,65536,53407,12129,0,0
4326,0004665,65536,5447,0,60089,0
4327,0006753,65536,11872,53664,0,0
4328,0003159,65536,53400,12136,0,0
4329,0006267,65536,0,0,0,65536
4330,0000395,65536,53394,0,12142,0
4331,0004890,65536,53351,0,12185,0
4332,0002866,65536,11883,53653,0,0
4333,0006268,65536,0,0,0,65536
4334,0000419,65536,5480,0,60056,0
4335,0002320,65536,53339,12197,0,0
4336,0004381,65536,53328,0,12208,0
4337,0003284,65536,11891,53645,0,0
4338,0006270,65536,0,0,0,65536
4339,0005812,65536,53326,0,12210,0
4340,0005658,65536,53321,0,996,11219
4341,0007036,65536,5496,0,60040,0
4342,0002217,65536,11926,53610,0,0
4343,0000197,65536,53289,0,12247,0
4344,0006271,65536,0,0,0,65536
4345,0002140,65536,53289,12247,0,0
4346,0007521,65536,5528,0,60008,0
4347,0003108,65536,53278,12258,0,0
4348,0001603,65536,11951,53585,0,0
4349,0004380,65536,53278,0,9620,2638
4350,0006272,65536,0,0,0,65536
4351,0005583,65536,53278,0,12258,0
4352,0001972,65536,11965,53571,0,0
4353,0007318,65536,53265,0,0,12271
4354,0007447,65536,5568,0,59968,0
4355,0006275,65536,0,0,0,65536
4356,0007240,65536,53258,0,12278,0
4357,0003343,65536,11981,53555,0,0
4358,0003505,65536,53247,12289,0,0
4359,0007539,65536,5587,0,59949,0
4360,0005412,65536,53231,12305,0,0
4361,0006277,65536,0,0,0,65536
4362,0006219,65536,53191,0,12345,0
4363,0003736,65536,11992,53544,0,0
4364,0002602,65536,53183,12353,0,0
4365,0006278,65536,0,0,0,65536
4366,0004002,65536,5633,0,59903,0
4367,0005654,65536,53178,0,813,11545
4368,0007063,65536,53164,0,0,12372
4369,0003092,65536,12032,53504,0,0
4370,0002679,65536,53155,12381,0,0
4371,0000986,65536,5641,0,59895,0
4372,0006279,65536,0,0,0,65536
4373,0003745,65536,53149,12387,0,0
4374,0003526,65536,53132,12404,0,0
4375,0004024,65536,5687,0,59849,0
4376,0004655,65536,53119,0,12417,0
4377,0002783,65536,12041,53495,0,0
4378,0006280,65536,0,0,0,65536
4379,0007266,65536,53108,0,12428,0
4380,0001467,65536,53087,0,12314,135
4381,0001888,65536,12075,53461,0,0
4382,0006281,65536,0,0,0,65536
4383,0003365,65536,53086,12450,0,0
4384,0004575,65536,5721,0,59815,0
4385,0001465,65536,53076,0,12460,0
4386,0003037,65536,12082,53454,0,0
4387,0000449,65536,53075,0,12461,0
4388,0006282,65536,0,0,0,65536
4389,0000172,65536,53068,0,12468,0
4390,0002521,65536,12207,53329,0,0
4391,0000131,65536,53037,0,12499,0
4392,0006283,65536,0,0,0,65536
4393,0005800,65536,5801,0,59735,0
4394,0003396,65536,53034,12502,0,0
4395,0005733,65536,53029,0,12507,0
4396,0003039,65536,12221,53315,0,0
4397,0006284,65536,0,0,0,65536
4398,0007602,65536,53020,0,12516,0
4399,0004951,65536,53013,0,0,12523
4400,0006773,65536,5810,0,59726,0
4401,0003408,65536,12224,53312,0,0
4402,0006196,65536,52997,0,12539,0
4403,0006285,65536,0,0,0,65536
4404,0007260,65536,52988,0,12548,0
4405,0005436,65536,12261,53275,0,0
4406,0004795,65536,52939,0,12597,0
4407,0003660,65536,52926,12610,0,0
4408,0006643,65536,5830,0,59706,0
4409,0006286,65536,0,0,0,65536
4410,0001711,65536,12293,53243,0,0
4411,0003465,65536,52921,12615,0,0
4412,0003189,65536,52907,12629,0,0
4413,0006077,65536,5842,0,59694,0
4414,0006287,65536,0,0,0,65536
4415,0000169,65536,52899,0,12637,0
4416,0005278,65536,52898,0,0,12638
4417,0002523,65536,12320,53216,0,0
4418,0007472,65536,52897,0,12639,0
4419,0006288,65536,0,0,0,65536
4420,0003978,65536,5853,0,59683,0
4421,0002887,65536,52894,12642,0,0
4422,0000009,65536,12330,53206,0,0
4423,0001531,65536,52879,12657,0,0
4424,0006289,65536,0,0,0,65536
4425,0004659,65536,52869,0,12667,0
4426,0005525,65536,5858,0,59678,0
4427,0000963,65536,52867,0,0,12669
4428,0002988,65536,12355,53181,0,0
4429,0003506,65536,52848,12688,0,0
4430,0006291,65536,0,0,0,65536
4431,0000831,65536,52835,0,0,12701
4432,0000508,65536,5985,0,59551,0
4433,0002938,65536,12357,53179,0,0
4434,0001799,65536,52832,12704,0,0
4435,0000803,65536,52823,0,0,12713
4436,0000254,65536,5989,0,59547,0
4437,0006293,65536,0,0,0,65536
4438,0002227,65536,52804,12732,0,0
4439,0001949,65536,12375,53161,0,0
4440,0002425,65536,52794,12742,0,0
4441,0006808,65536,6019,0,59517,0
4442,0000138,65536,52792,0,12744,0
4443,0006294,65536,0,0,0,65536
4444,0004784,65536,52785,0,12751,0
4445,0001863,65536,12455,53081,0,0
4446,0002207,65536,52782,12754,0,0
4447,0006295,65536,0,0,0,65536
4448,0000208,65536,52738,0,12798,0
4449,0006567,65536,6020,0,59516,0
4450,0006733,65536,12481,53055,0,0
4451,0000442,65536,52730,0,12806,0
4452,0005229,65536,52720,0,12816,0
4453,0006296,65536,0,0,0,65536
4454,0006741,65536,52718,12818,0,0
4455,0003317,65536,12486,53050,0,0
4456,0004039,65536,6043,0,59493,0
4457,0007162,65536,52716,0,0,12820
4458,0006297,65536,0,0,0,65536
4459,0003783,65536,52711,12825,0,0
4460,0007056,65536,52700,0,12836,0
4461,0003641,65536,12496,53040,0,0
4462,0000112,65536,6062,0,59474,0
4463,0006710,65536,52690,0,12846,0
4464,0006298,65536,0,0,0,65536
4465,0003137,65536,52683,12853,0,0
4466,0005327,65536,12517,53019,0,0
4467,0000098,65536,52662,0,12874,0
4468,0006299,65536,0,0,0,65536
4469,0000444,65536,52661,0,12875,0
4470,0002147,65536,12520,53016,0,0
4471,0007422,65536,6073,0,59463,0
4472,0000130,65536,52636,0,12900,0
4473,0000388,65536,52625,0,12911,0
4474,0006300,65536,0,0,0,65536
4475,0002761,65536,12524,53012,0,0
4476,0002802,65536,52611,12925,0,0
4477,0006103,65536,52575,0,12961,0
4478,0006301,65536,0,0,0,65536
4479,0005568,65536,6110,0,59426,0
4480,0003215,65536,52568,12968,0,0
4481,0002522,65536,12535,53001,0,0
4482,0002912,65536,52564,12972,0,0
4483,0006303,65536,0,0,0,65536
4484,0002440,65536,52563,12973,0,0
4485,0000532,65536,6190,0,59346,0
4486,0000366,65536,52539,0,12997,0
4487,0007128,65536,52516,0,0,13020
4488,0002587,65536,12572,52964,0,0
4489,0006304,65536,0,0,0,65536
4490,0007018,65536,6200,0,59336,0
4491,0007314,65536,52512,0,0,13024
4492,0004687,65536,52487,0,13049,0
4493,0005332,65536,12579,52957,0,0
4494,0003379,65536,52478,13058,0,0
4495,0006306,65536,0,0,0,65536
4496,0000499,65536,6205,0,59331,0
4497,0003222,65536,52477,13059,0,0
4498,0006718,65536,52455,0,13081,0
4499,0006756,65536,12581,52955,0,0
4500,0006565,65536,52448,0,13088,0
4501,0006307,65536,0,0,0,65536
4502,0000420,65536,52418,0,13118,0
4503,0005375,65536,12610,52926,0,0
4504,0006851,65536,6275,0,59261,0
4505,0003412,65536,52418,13118,0,0
4506,0006308,65536,0,0,0,65536
4507,0004359,65536,52406,0,0,13130
4508,0002611,65536,12624,52912,0,0
4509,0007588,65536,52406,0,13130,0
4510,0000492,65536,6334,0,59202,0
4511,0002742,65536,52403,13133,0,0
4512,0006309,65536,0,0,0,65536
4513,0000017,65536,52400,13136,0,0
4514,0002132,65536,12685,52851,0,0
4515,0005481,65536,6347,0,59189,0
4516,0000994,65536,52388,0,13148,0
4517,0006310,65536,0,0,0,65536
4518,0001541,65536,52385,13151,0,0
4519,0006246,65536,52385,0,13151,0
4520,0001502,65536,12697,52839,0,0
4521,0003834,65536,52384,13152,0,0
4522,0006311,65536,0,0,0,65536
4523,0004094,65536,6353,0,59183,0
4524,0002644,65536,52374,13162,0,0
4525,0007115,65536,52368,0,13168,0
4526,0002322,65536,12706,52830,0,0
4527,0006312,65536,0,0,0,65536
4528,0004032,65536,52356,0,13180,0
4529,0000530,65536,6415,0,59121,0
4530,0005143,65536,52354,0,0,13182
4531,0001845,65536,12764,52772,0,0
4532,0007414,65536,52345,0,13191,0
4533,0006313,65536,0,0,0,65536
4534,0006919,65536,52344,0,13192,0
4535,0002634,65536,12835,52701,0,0
4536,0003793,65536,52343,13193,0,0
4537,0006889,65536,6425,0,59111,0
4538,0006314,65536,0,0,0,65536
4539,0000237,65536,52297,0,13239,0
4540,0004675,65536,52291,0,13245,0
4541,0002564,65536,12836,52700,0,0
4542,0007157,65536,52288,0,13248,0
4543,0006315,65536,0,0,0,65536
4544,0001243,65536,52286,0,0,13250
4545,0004633,65536,6466,0,59070,0
4546,0002515,65536,12840,52696,0,0
4547,0000539,65536,52269,0,13267,0
4548,0003849,65536,52266,13270,0,0
4549,0006316,65536,0,0,0,65536
4550,0001934,65536,12861,52675,0,0
4551,0000527,65536,6468,0,59068,0
4552,0000213,65536,52254,0,13282,0
4553,0003271,65536,52249,13287,0,0
4554,0006318,65536,0,0,0,65536
4555,0003447,65536,52247,13289,0,0
4556,0002712,65536,52199,13337,0,0
4557,0006030,65536,6484,0,59052,0
4558,0001927,65536,12881,52655,0,0
4559,0006320,65536,0,0,0,65536
4560,0000453,65536,52193,0,13343,0
4561,0007563,65536,52193,0,13343,0
4562,0001599,65536,12887,52649,0,0
4563,0007614,65536,52187,0,13349,0
4564,0006321,65536,0,0,0,65536
4565,0006607,65536,6492,0,59044,0
4566,0007448,65536,52181,0,13355,0
4567,0001976,65536,12902,52634,0,0
4568,0004771,65536,52175,0,13361,0
4569,0006322,65536,0,0,0,65536
4570,0000035,65536,52161,0,0,13375
4571,0002861,65536,12954,52582,0,0
4572,0003321,65536,52159,13377,0,0
4573,0005643,65536,6561,0,58975,0
4574,0006545,65536,52158,0,13378,0
4575,0006323,65536,0,0,0,65536
4576,0005121,65536,52153,0,0,13383
4577,0002007,65536,12986,52550,0,0
4578,0006807,65536,52150,0,13386,0
4579,0004072,65536,6569,0,58967,0
4580,0006000,65536,52107,0,13429,0
4581,0005390,65536,13044,52492,0,0
4582,0006324,65536,0,0,0,65536
4583,0003081,65536,52101,13435,0,0
4584,0006903,65536,52098,0,13438,0
4585,0002100,65536,13047,52489,0,0
4586,0006325,65536,0,0,0,65536
4587,0000097,65536,6610,0,58926,0
4588,0007415,65536,52097,0,13439,0
4589,0000201,65536,52075,0,13461,0
4590,0001977,65536,13133,52403,0,0
4591,0000373,65536,52067,0,13469,0
4592,0006327,65536,0,0,0,65536
4593,0000141,65536,52036,0,13500,0
4594,0003592,65536,13159,52377,0,0
4595,0004747,65536,52032,0,13504,0
4596,0006328,65536,0,0,0,65536
4597,0007241,65536,52003,0,13533,0
4598,0000493,65536,6656,0,58880,0
4599,0002259,65536,13166,52370,0,0
4600,0003670,65536,51994,13542,0,0
4601,0006329,65536,0,0,0,65536
4602,0007473,65536,51994,0,13542,0
4603,0001753,65536,51969,13567,0,0
4604,0006616,65536,6658,0,58878,0
4605,0000115,65536,51961,0,13575,0
4606,0002957,65536,13176,52360,0,0
4607,0006331,65536,0,0,0,65536
4608,0002001,65536,51939,13597,0,0
4609,0002026,65536,51939,13597,0,0
4610,0004898,65536,6704,0,58832,0
4611,0006332,65536,0,0,0,65536
4612,0004635,65536,51938,0,13598,0
4613,0002199,65536,13179,52357,0,0
4614,0001228,65536,51918,0,0,13618
4615,0005955,65536,51904,0,13632,0
4616,0005385,65536,13193,52343,0,0
4617,0006333,65536,0,0,0,65536
4618,0005965,65536,6735,0,58801,0
4619,0001499,65536,51898,13638,0,0
4620,0001590,65536,51889,13647,0,0
4621,0006201,65536,51888,0,13648,0
4622,0006335,65536,0,0,0,65536
4623,0001640,65536,13236,52300,0,0
4624,0006029,65536,6739,0,58797,0
4625,0007482,65536,51857,0,13679,0
4626,0000108,65536,51821,0,13715,0
4627,0003119,65536,13302,52234,0,0
4628,0006336,65536,0,0,0,65536
4629,0007773,65536,51809,13727,0,0
4630,0000494,65536,51756,0,13780,0
4631,0004127,65536,6768,0,58768,0
4632,0005509,65536,51753,0,120,13663
4633,0003815,65536,13306,52230,0,0
4634,0006337,65536,0,0,0,65536
4635,0007359,65536,51728,0,0,13808
4636,0005935,65536,51720,0,13816,0
4637,0002075,65536,13338,52198,0,0
4638,0005811,65536,6807,0,58729,0
4639,0000151,65536,51701,0,13835,0
4640,0006338,65536,0,0,0,65536
4641,0004639,65536,51700,0,13836,0
4642,0003136,65536,13343,52193,0,0
4643,0002435,65536,51695,13841,0,0
4644,0006340,65536,0,0,0,65536
4645,0006859,65536,51672,0,13864,0
4646,0000504,65536,6923,0,58613,0
4647,0001690,65536,13349,52187,0,0
4648,0003446,65536,51664,13872,0,0
4649,0007530,65536,51654,0,13882,0
4650,0006341,65536,0,0,0,65536
4651,0004919,65536,51609,0,0,13927
4652,0006740,65536,13359,52177,0,0
4653,0007500,65536,7032,0,58504,0
4654,0006160,65536,51589,0,13947,0
4655,0007208,65536,51572,0,13964,0
4656,0006342,65536,0,0,0,65536
4657,0005413,65536,13361,52175,0,0
4658,0004860,65536,51565,0,13971,0
4659,0007347,65536,51559,0,0,13977
4660,0003614,65536,13364,52172,0,0
4661,0005799,65536,7092,0,58444,0
4662,0006343,65536,0,0,0,65536
4663,0007600,65536,51547,0,13989,0
4664,0006357,65536,51537,0,13999,0
4665,0002855,65536,13383,52153,0,0
4666,0002141,65536,51524,14012,0,0
4667,0006344,65536,0,0,0,65536
4668,0006092,65536,7098,0,58438,0
4669,0007399,65536,51521,0,14015,0
4670,0001982,65536,13386,52150,0,0
4671,0007446,65536,51514,0,14022,0
4672,0006345,65536,0,0,0,65536
4673,0004043,65536,51511,0,14025,0
4674,0005439,65536,51505,14031,0,0
4675,0001969,65536,13396,52140,0,0
4676,0000549,65536,7111,0,58425,0
4677,0004859,65536,51479,0,14057,0
4678,0006346,65536,0,0,0,65536
4679,0000249,65536,51475,0,14061,0
4680,0001997,65536,13408,52128,0,0
4681,0003792,65536,51450,14086,0,0
4682,0006347,65536,0,0,0,65536
4683,0003609,65536,51443,14093,0,0
4684,0004869,65536,7148,0,58388,0
4685,0003170,65536,51426,14110,0,0
4686,0007152,65536,51426,0,14110,0
4687,0006350,65536,0,0,0,65536
4688,0002628,65536,13424,52112,0,0
4689,0007591,65536,51425,0,14111,0
4690,0002252,65536,51421,14115,0,0
4691,0000553,65536,7230,0,58306,0
4692,0006351,65536,0,0,0,65536
4693,0004570,65536,51391,0,0,14145
4694,0002655,65536,13455,52081,0,0
4695,0006252,65536,51370,0,14166,0
4696,0007136,65536,51330,0,14206,0
4697,0002951,65536,13500,52036,0,0
4698,0006352,65536,0,0,0,65536
4699,0000375,65536,7296,0,58240,0
4700,0001908,65536,51322,14214,0,0
4701,0002812,65536,51306,14230,0,0
4702,0004181,65536,7317,0,58219,0
4703,0006353,65536,0,0,0,65536
4704,0005562,65536,51295,0,8970,5271
4705,0001842,65536,13562,51974,0,0
4706,0000857,65536,51278,0,0,14258
4707,0007620,65536,51246,0,0,14290
4708,0003532,65536,13566,51970,0,0
4709,0006665,65536,7349,0,58187,0
4710,0007779,65536,51242,14294,0,0
4711,0006356,65536,0,0,0,65536
4712,0004763,65536,51208,0,14328,0
4713,0001871,65536,13621,51915,0,0
4714,0005235,65536,51202,0,14334,0
4715,0006361,65536,0,0,0,65536
4716,0007121,65536,51197,0,14339,0
4717,0007581,65536,7381,0,58155,0
4718,0003340,65536,13648,51888,0,0
4719,0002293,65536,51195,14341,0,0
4720,0006574,65536,51171,0,14365,0
4721,0006362,65536,0,0,0,65536
4722,0003275,65536,51168,14368,0,0
4723,0005565,65536,7390,0,58146,0
4724,0006152,65536,51136,0,3652,10748
4725,0001201,65536,13669,51867,0,0
4726,0007149,65536,51133,0,14403,0
4727,0006363,65536,0,0,0,65536
4728,0000441,65536,51120,0,4005,10411
4729,0003035,65536,13686,51850,0,0
4730,0004188,65536,7414,0,58122,0
4731,0002045,65536,51107,14429,0,0
4732,0006364,65536,0,0,0,65536
4733,0001811,65536,51075,14461,0,0
4734,0007364,65536,51030,0,0,14506
4735,0007020,65536,7429,0,58107,0
4736,0002955,65536,13701,51835,0,0
4737,0005652,65536,51000,0,0,14536
4738,0003401,65536,50995,14541,0,0
4739,0007463,65536,7467,0,58069,0
4740,0006365,65536,0,0,0,65536
4741,0001786,65536,13719,51817,0,0
4742,0003765,65536,50959,14577,0,0
4743,0003593,65536,50954,14582,0,0
4744,0005942,65536,7544,0,57992,0
4745,0006366,65536,0,0,0,65536
4746,0005582,65536,50948,0,0,14588
4747,0004099,65536,50945,0,0,14591
4748,0002250,65536,13800,51736,0,0
4749,0000175,65536,50942,0,14594,0
4750,0006936,65536,7544,0,57992,0
4751,0004216,65536,50935,0,14601,0
4752,0005345,65536,13842,51694,0,0
4753,0006367,65536,0,0,0,65536
4754,0003604,65536,50925,14611,0,0
4755,0000904,65536,50880,0,0,14656
4756,0004614,65536,7566,0,57970,0
4757,0002570,65536,13855,51681,0,0
4758,0005023,65536,50878,0,0,14658
4759,0006368,65536,0,0,0,65536
4760,0002741,65536,50858,14678,0,0
4761,0004014,65536,7583,0,57953,0
4762,0003158,65536,50831,14705,0,0
4763,0003364,65536,50825,14711,0,0
4764,0006369,65536,0,0,0,65536
4765,0001763,65536,13891,51645,0,0
4766,0007086,65536,50823,0,14713,0
4767,0004783,65536,7636,0,57900,0
4768,0001914,65536,50821,14715,0,0
4769,0006370,65536,0,0,0,65536
4770,0004402,65536,50804,0,0,14732
4771,0003637,65536,13910,51626,0,0
4772,0004835,65536,50796,0,14740,0
4773,0006856,65536,7645,0,57891,0
4774,0003236,65536,50794,14742,0,0
4775,0006372,65536,0,0,0,65536
4776,0002531,65536,13920,51616,0,0
4777,0000561,65536,50789,0,14747,0
4778,0000467,65536,50767,0,14769,0
4779,0003162,65536,50764,14772,0,0
4780,0006373,65536,0,0,0,65536
4781,0005976,65536,7705,0,57831,0
4782,0003787,65536,13925,51611,0,0
4783,0002714,65536,50757,14779,0,0
4784,0003738,65536,50750,14786,0,0
4785,0006374,65536,0,0,0,65536
4786,0003900,65536,7714,0,57822,0
4787,0002612,65536,50748,14788,0,0
4788,0002631,65536,50744,14792,0,0
4789,0001544,65536,50740,14796,0,0
4790,0000246,65536,7746,0,57790,0
4791,0006375,65536,0,0,0,65536
4792,0003062,65536,13929,51607,0,0
4793,0007584,65536,50734,0,14802,0
4794,0001793,65536,50733,14803,0,0
4795,0006376,65536,0,0,0,65536
4796,0006258,65536,50716,0,14820,0
4797,0003434,65536,13937,51599,0,0
4798,0006860,65536,7770,0,57766,0
4799,0007661,65536,50713,0,14823,0
4800,0007623,65536,50706,0,14830,0
4801,0006377,65536,0,0,0,65536
4802,0003472,65536,13943,51593,0,0
4803,0000034,65536,50677,0,0,14859
4804,0000101,65536,50670,0,14866,0
4805,0001988,65536,13977,51559,0,0
4806,0006698,65536,7803,0,57733,0
4807,0006378,65536,0,0,0,65536
4808,0007783,65536,50645,14891,0,0
4809,0007570,65536,50644,0,14892,0
4810,0000224,65536,50610,0,14926,0
4811,0002047,65536,13986,51550,0,0
4812,0006379,65536,0,0,0,65536
4813,0006789,65536,50603,0,14933,0
4814,0000319,65536,50602,0,0,14934
4815,0006550,65536,7887,0,57649,0
4816,0002360,65536,14010,51526,0,0
4817,0004108,65536,50601,0,14935,0
4818,0006380,65536,0,0,0,65536
4819,0003021,65536,50590,14946,0,0
4820,0003044,65536,14050,51486,0,0
4821,0004037,65536,7894,0,57642,0
4822,0006810,65536,50585,0,14951,0
4823,0006382,65536,0,0,0,65536
4824,0005309,65536,50584,0,0,14952
4825,0003651,65536,14051,51485,0,0
4826,0002272,65536,50579,14957,0,0
4827,0006880,65536,7913,0,57623,0
4828,0000286,65536,50574,0,0,14962
4829,0006195,65536,50570,0,14966,0
4830,0005454,65536,14073,51463,0,0
4831,0006383,65536,0,0,0,65536
4832,0005457,65536,50536,15000,0,0
4833,0004649,65536,7914,0,57622,0
4834,0002950,65536,50532,15004,0,0
4835,0006385,65536,0,0,0,65536
4836,0007178,65536,50523,0,15013,0
4837,0001971,65536,14082,51454,0,0
4838,0000408,65536,50509,0,15027,0
4839,0006510,65536,50508,0,15028,0
4840,0006386,65536,0,0,0,65536
4841,0002535,65536,14125,51411,0,0
4842,0003964,65536,7915,0,57621,0
4843,0001546,65536,50500,15036,0,0
4844,0007769,65536,50482,15054,0,0
4845,0006387,65536,0,0,0,65536
4846,0002751,65536,50444,15092,0,0
4847,0000111,65536,7940,0,57596,0
4848,0000541,65536,50424,0,15112,0
4849,0002055,65536,14233,51303,0,0
4850,0007097,65536,50418,0,15118,0
4851,0006388,65536,0,0,0,65536
4852,0002478,65536,50408,15128,0,0
4853,0006188,65536,50408,0,15128,0
4854,0003762,65536,14332,51204,0,0
4855,0005160,65536,7967,0,57569,0
4856,0006389,65536,0,0,0,65536
4857,0007253,65536,50408,0,15128,0
4858,0002571,65536,50403,15133,0,0
4859,0002183,65536,14339,51197,0,0
4860,0003146,65536,50388,15148,0,0
4861,0006391,65536,0,0,0,65536
4862,0003963,65536,7984,0,57552,0
4863,0007156,65536,50386,0,15150,0
4864,0005461,65536,50384,0,15152,0
4865,0001918,65536,14355,51181,0,0
4866,0006392,65536,0,0,0,65536
4867,0006150,65536,50381,0,15155,0
4868,0004283,65536,50370,0,0,15166
4869,0003737,65536,14373,51163,0,0
4870,0006954,65536,8029,0,57507,0
4871,0006189,65536,50367,0,15169,0
4872,0006393,65536,0,0,0,65536
4873,0005118,65536,50333,0,0,15203
4874,0001952,65536,14378,51158,0,0
4875,0007537,65536,50333,0,15203,0
4876,0000306,65536,50332,0,0,15204
4877,0006592,65536,8038,0,57498,0
4878,0003790,65536,14428,51108,0,0
4879,0006396,65536,0,0,0,65536
4880,0005277,65536,50330,0,0,15206
4881,0004290,65536,50317,0,0,15219
4882,0003972,65536,8089,0,57447,0
4883,0001539,65536,14439,51097,0,0
4884,0004629,65536,50317,0,15219,0
4885,0000209,65536,50282,0,15254,0
4886,0002821,65536,14460,51076,0,0
4887,0006397,65536,0,0,0,65536
4888,0004362,65536,50243,0,0,15293
4889,0007525,65536,8142,0,57394,0
4890,0007635,65536,50233,0,15303,0
4891,0003096,65536,14460,51076,0,0
4892,0005532,65536,50204,0,15332,0
4893,0006398,65536,0,0,0,65536
4894,0000440,65536,50203,0,15333,0
4895,0003843,65536,14498,51038,0,0
4896,0002569,65536,50183,15353,0,0
4897,0006399,65536,0,0,0,65536
4898,0006652,65536,8155,0,57381,0
4899,0005423,65536,50145,15391,0,0
4900,0001249,65536,50138,0,0,15398
4901,0006751,65536,14517,51019,0,0
4902,0004225,65536,50106,0,15430,0
4903,0006400,65536,0,0,0,65536
4904,0006447,65536,8160,0,57376,0
4905,0001016,65536,50104,0,15432,0
4906,0002205,65536,14538,50998,0,0
4907,0004197,65536,50101,0,15435,0
4908,0002811,65536,50095,15441,0,0
4909,0006401,65536,0,0,0,65536
4910,0006717,65536,50075,0,15461,0
4911,0002296,65536,14552,50984,0,0
4912,0000210,65536,50070,0,15466,0
4913,0006404,65536,0,0,0,65536
4914,0000556,65536,8164,0,57372,0
4915,0001596,65536,50067,15469,0,0
4916,0000955,65536,50030,0,0,15506
4917,0007781,65536,14568,50968,0,0
4918,0004434,65536,50014,0,0,15522
4919,0000228,65536,8199,0,57337,0
4920,0003292,65536,49999,15537,0,0
4921,0006405,65536,0,0,0,65536
4922,0002053,65536,14578,50958,0,0
4923,0007611,65536,49993,0,15543,0
4924,0007058,65536,49991,0,0,15545
4925,0005767,65536,8233,0,57303,0
4926,0002647,65536,14616,50920,0,0
4927,0001846,65536,49975,15561,0,0
4928,0006406,65536,0,0,0,65536
4929,0002160,65536,49974,15562,0,0
4930,0006147,65536,8266,0,57270,0
4931,0007606,65536,49974,0,15562,0
4932,0006407,65536,0,0,0,65536
4933,0002223,65536,14650,50886,0,0
4934,0007580,65536,49969,0,15567,0
4935,0002978,65536,49967,15569,0,0
4936,0000912,65536,49965,0,0,15571
4937,0000555,65536,8268,0,57268,0
4938,0001775,65536,14670,50866,0,0
4939,0006408,65536,0,0,0,65536
4940,0004902,65536,49959,0,15577,0
4941,0007098,65536,49958,0,15578,0
4942,0006736,65536,14670,50866,0,0
4943,0003248,65536,49948,15588,0,0
4944,0006409,65536,0,0,0,65536
4945,0004851,65536,8281,0,57255,0
4946,0007509,65536,49941,0,15595,0
4947,0005997,65536,49927,0,15609,0
4948,0002157,65536,14698,50838,0,0
4949,0006410,65536,0,0,0,65536
4950,0000322,65536,49926,0,0,15610
4951,0004061,65536,49920,0,15616,0
4952,0001520,65536,14704,50832,0,0
4953,0003942,65536,8290,0,57246,0
4954,0004029,65536,49915,0,15621,0
4955,0006411,65536,0,0,0,65536
4956,0004627,65536,49896,0,15640,0
4957,0002896,65536,14737,50799,0,0
4958,0000247,65536,49878,0,15658,0
4959,0002937,65536,49876,15660,0,0
4960,0006413,65536,0,0,0,65536
4961,0005094,65536,49855,0,0,15681
4962,0002305,65536,14751,50785,0,0
4963,0007028,65536,8324,0,57212,0
4964,0006227,65536,49818,0,15718,0
4965,0002967,65536,14773,50763,0,0
4966,0006414,65536,0,0,0,65536
4967,0006133,65536,49817,0,15719,0
4968,0002813,65536,49813,15723,0,0
4969,0004818,65536,8392,0,57144,0
4970,0002404,65536,49810,15726,0,0
4971,0006415,65536,0,0,0,65536
4972,0001543,65536,49805,15731,0,0
4973,0000155,65536,49797,0,15739,0
4974,0001660,65536,14781,50755,0,0
4975,0004617,65536,8523,0,57013,0
4976,0004206,65536,49767,0,15769,0
4977,0006416,65536,0,0,0,65536
4978,0001983,65536,14786,50750,0,0
4979,0001965,65536,49752,15784,0,0
4980,0000128,65536,49712,0,15824,0
4981,0006417,65536,0,0,0,65536
4982,0007398,65536,49694,0,15842,0
4983,0001778,65536,14811,50725,0,0
4984,0000495,65536,8547,0,56989,0
4985,0007352,65536,49693,0,0,15843
4986,0000057,65536,49690,0,0,15846
4987,0003464,65536,14813,50723,0,0
4988,0003743,65536,49682,15854,0,0
4989,0000507,65536,8558,0,56978,0
4990,0006419,65536,0,0,0,65536
4991,0003602,65536,49667,15869,0,0
4992,0004904,65536,49667,0,15869,0
4993,0006423,65536,0,0,0,65536
4994,0006571,65536,49659,0,15877,0
4995,0001980,65536,14821,50715,0,0
4996,0000565,65536,8607,0,56929,0
4997,0004596,65536,49653,0,15883,0
4998,0002123,65536,14902,50634,0,0
4999,0006425,65536,0,0,0,65536
5000,0000890,65536,49645,0,0,15891
