rank,sample_id,total_pixels,class_0,class_1,class_2
1,0046191,262144,235926,26218,0
2,0000037,262144,0,0,262144
3,0000095,262144,0,262144,0
4,0000138,262144,0,262144,0
5,0000139,262144,0,262144,0
6,0046443,262144,235926,26218,0
7,0000146,262144,0,262144,0
8,0000150,262144,0,262144,0
9,0000176,262144,0,262144,0
10,0000109,262144,0,0,262144
11,0046695,262144,235926,26218,0
12,0000223,262144,0,262144,0
13,0000318,262144,0,262144,0
14,0000346,262144,0,262144,0
15,0046947,262144,235926,26218,0
16,0000375,262144,0,262144,0
17,0000405,262144,0,262144,0
18,0000110,262144,0,0,262144
19,0000445,262144,0,262144,0
20,0047199,262144,235926,26218,0
21,0000454,262144,0,262144,0
22,0000461,262144,0,262144,0
23,0000462,262144,0,262144,0
24,0047451,262144,235926,26218,0
25,0000468,262144,0,262144,0
26,0000111,262144,0,0,262144
27,0000514,262144,0,262144,0
28,0000572,262144,0,262144,0
29,0047703,262144,235926,26218,0
30,0000604,262144,0,262144,0
31,0000676,262144,0,262144,0
32,0000809,262144,0,262144,0
33,0047955,262144,235926,26218,0
34,0000838,262144,0,262144,0
35,0000112,262144,0,0,262144
36,0000846,262144,0,262144,0
37,0000847,262144,0,262144,0
38,0033893,262144,235920,26184,40
39,0000860,262144,0,262144,0
40,0000902,262144,0,262144,0
41,0000904,262144,0,262144,0
42,0000113,262144,0,0,262144
43,0010891,262144,235915,16060,10169
44,0000911,262144,0,262144,0
45,0000917,262144,0,262144,0
46,0000924,262144,0,262144,0
47,0033034,262144,235907,21682,4555
48,0000929,262144,0,262144,0
49,0000945,262144,0,262144,0
50,0000114,262144,0,0,262144
51,0000946,262144,0,262144,0
52,0033885,262144,235880,26264,0
53,0000949,262144,0,262144,0
54,0000956,262144,0,262144,0
55,0000963,262144,0,262144,0
56,0005419,262144,235860,16643,9641
57,0000965,262144,0,262144,0
58,0000972,262144,0,262144,0
59,0000165,262144,0,0,262144
60,0000973,262144,0,262144,0
61,0005543,262144,235860,17345,8939
62,0000981,262144,0,262144,0
63,0001005,262144,0,262144,0
64,0001021,262144,0,262144,0
65,0039714,262144,235850,25829,465
66,0001029,262144,0,262144,0
67,0000166,262144,0,0,262144
68,0001033,262144,0,262144,0
69,0001034,262144,0,262144,0
70,0044394,262144,235850,26294,0
71,0001039,262144,0,262144,0
72,0001042,262144,0,262144,0
73,0001043,262144,0,262144,0
74,0051828,262144,235850,26109,185
75,0001047,262144,0,262144,0
76,0000167,262144,0,0,262144
77,0001050,262144,0,262144,0
78,0001051,262144,0,262144,0
79,0042738,262144,235844,19087,7213
80,0001055,262144,0,262144,0
81,0001065,262144,0,262144,0
82,0001066,262144,0,262144,0
83,0043339,262144,235844,14618,11682
84,0000168,262144,0,0,262144
85,0001067,262144,0,262144,0
86,0001068,262144,0,262144,0
87,0001081,262144,0,262144,0
88,0043737,262144,235844,14618,11682
89,0001091,262144,0,262144,0
90,0001094,262144,0,262144,0
91,0001103,262144,0,262144,0
92,0035984,262144,235841,26303,0
93,0000169,262144,0,0,262144
94,0001139,262144,0,262144,0
95,0001166,262144,0,262144,0
96,0001170,262144,0,262144,0
97,0038640,262144,235837,26307,0
98,0001177,262144,0,262144,0
99,0001196,262144,0,262144,0
100,0000170,262144,0,0,262144
101,0000953,262144,235826,935,25383
102,0001203,262144,0,262144,0
103,0001211,262144,0,262144,0
104,0001219,262144,0,262144,0
105,0001221,262144,0,262144,0
106,0058090,262144,235805,24928,1411
107,0001222,262144,0,262144,0
108,0001224,262144,0,262144,0
109,0000618,262144,0,0,262144
110,0060687,262144,235804,22764,3576
111,0001225,262144,0,262144,0
112,0001229,262144,0,262144,0
113,0001236,262144,0,262144,0
114,0024448,262144,235780,26364,0
115,0001239,262144,0,262144,0
116,0001242,262144,0,262144,0
117,0001263,262144,0,262144,0
118,0000646,262144,0,0,262144
119,0024557,262144,235780,26364,0
120,0001269,262144,0,262144,0
121,0001272,262144,0,262144,0
122,0001278,262144,0,262144,0
123,0033077,262144,235772,26372,0
124,0001279,262144,0,262144,0
125,0001280,262144,0,262144,0
126,0000673,262144,0,0,262144
127,0001287,262144,0,262144,0
128,0052886,262144,235766,24080,2298
129,0001288,262144,0,262144,0
130,0001289,262144,0,262144,0
131,0001292,262144,0,262144,0
132,0061491,262144,235748,26396,0
133,0001295,262144,0,262144,0
134,0000674,262144,0,0,262144
135,0001301,262144,0,262144,0
136,0001306,262144,0,262144,0
137,0035490,262144,235731,25955,458
138,0001310,262144,0,262144,0
139,0001318,262144,0,262144,0
140,0001319,262144,0,262144,0
141,0012619,262144,235705,26122,317
142,0000699,262144,0,0,262144
143,0001329,262144,0,262144,0
144,0001348,262144,0,262144,0
145,0001354,262144,0,262144,0
146,0032796,262144,235695,26345,104
147,0001355,262144,0,262144,0
148,0001367,262144,0,262144,0
149,0001368,262144,0,262144,0
150,0000700,262144,0,0,262144
151,0052283,262144,235693,25590,861
152,0001380,262144,0,262144,0
153,0001388,262144,0,262144,0
154,0001392,262144,0,262144,0
155,0027575,262144,235683,0,26461
156,0001393,262144,0,262144,0
157,0001394,262144,0,262144,0
158,0001399,262144,0,262144,0
159,0000701,262144,0,0,262144
160,0007078,262144,235673,26471,0
161,0001400,262144,0,262144,0
162,0001408,262144,0,262144,0
163,0001411,262144,0,262144,0
164,0007180,262144,235673,26471,0
165,0001412,262144,0,262144,0
166,0001418,262144,0,262144,0
167,0000702,262144,0,0,262144
168,0001420,262144,0,262144,0
169,0061578,262144,235673,6368,20103
170,0001437,262144,0,262144,0
171,0001438,262144,0,262144,0
172,0001439,262144,0,262144,0
173,0034864,262144,235650,26494,0
174,0001440,262144,0,262144,0
175,0001548,262144,0,262144,0
176,0000740,262144,0,0,262144
177,0001551,262144,0,262144,0
178,0002485,262144,235629,22391,4124
179,0001556,262144,0,262144,0
180,0001559,262144,0,262144,0
181,0001560,262144,0,262144,0
182,0050196,262144,235620,25274,1250
183,0001570,262144,0,262144,0
184,0000752,262144,0,0,262144
185,0001578,262144,0,262144,0
186,0001586,262144,0,262144,0
187,0033170,262144,235612,22928,3604
188,0001594,262144,0,262144,0
189,0001807,262144,0,262144,0
190,0001809,262144,0,262144,0
191,0031275,262144,235586,26558,0
192,0000821,262144,0,0,262144
193,0001813,262144,0,262144,0
194,0001814,262144,0,262144,0
195,0001817,262144,0,262144,0
196,0044751,262144,235579,26353,212
197,0001818,262144,0,262144,0
198,0001819,262144,0,262144,0
199,0040176,262144,235575,26569,0
200,0001820,262144,0,262144,0
201,0000993,262144,0,0,262144
202,0001826,262144,0,262144,0
203,0001828,262144,0,262144,0
204,0040594,262144,235575,26569,0
205,0001831,262144,0,262144,0
206,0001839,262144,0,262144,0
207,0001840,262144,0,262144,0
208,0000994,262144,0,0,262144
209,0041233,262144,235534,8986,17624
210,0001841,262144,0,262144,0
211,0001846,262144,0,262144,0
212,0001847,262144,0,262144,0
213,0033568,262144,235528,26616,0
214,0001848,262144,0,262144,0
215,0001851,262144,0,262144,0
216,0001856,262144,0,262144,0
217,0002407,262144,0,0,262144
218,0040964,262144,235519,26489,136
219,0001857,262144,0,262144,0
220,0001858,262144,0,262144,0
221,0001866,262144,0,262144,0
222,0023632,262144,235512,0,26632
223,0001883,262144,0,262144,0
224,0001884,262144,0,262144,0
225,0001896,262144,0,262144,0
226,0002531,262144,0,0,262144
227,0023765,262144,235512,0,26632
228,0001904,262144,0,262144,0
229,0001908,262144,0,262144,0
230,0001909,262144,0,262144,0
231,0023898,262144,235512,0,26632
232,0001910,262144,0,262144,0
233,0001916,262144,0,262144,0
234,0001922,262144,0,262144,0
235,0002541,262144,0,0,262144
236,0023600,262144,235493,25357,1294
237,0001923,262144,0,262144,0
238,0001930,262144,0,262144,0
239,0001932,262144,0,262144,0
240,0023733,262144,235493,24100,2551
241,0001933,262144,0,262144,0
242,0001934,262144,0,262144,0
243,0001936,262144,0,262144,0
244,0002550,262144,0,0,262144
245,0023866,262144,235493,26651,0
246,0001938,262144,0,262144,0
247,0001941,262144,0,262144,0
248,0001942,262144,0,262144,0
249,0043539,262144,235492,26652,0
250,0001944,262144,0,262144,0
251,0001946,262144,0,262144,0
252,0002561,262144,0,0,262144
253,0001963,262144,0,262144,0
254,0043937,262144,235492,26652,0
255,0001964,262144,0,262144,0
256,0002042,262144,0,262144,0
257,0002079,262144,0,262144,0
258,0013981,262144,235457,19225,7462
259,0002088,262144,0,262144,0
260,0004490,262144,0,0,262144
261,0002089,262144,0,262144,0
262,0002098,262144,0,262144,0
263,0002519,262144,235456,26688,0
264,0002102,262144,0,262144,0
265,0002103,262144,0,262144,0
266,0002112,262144,0,262144,0
267,0024000,262144,235448,26696,0
268,0004506,262144,0,0,262144
269,0002117,262144,0,262144,0
270,0002120,262144,0,262144,0
271,0002126,262144,0,262144,0
272,0041866,262144,235446,7914,18784
273,0002146,262144,0,262144,0
274,0002148,262144,0,262144,0
275,0002149,262144,0,262144,0
276,0000751,262144,235440,25420,1284
277,0004522,262144,0,0,262144
278,0002150,262144,0,262144,0
279,0002194,262144,0,262144,0
280,0002231,262144,0,262144,0
281,0005240,262144,235439,26705,0
282,0002240,262144,0,262144,0
283,0002241,262144,0,262144,0
284,0002250,262144,0,262144,0
285,0004538,262144,0,0,262144
286,0054103,262144,235408,158,26578
287,0002254,262144,0,262144,0
288,0002255,262144,0,262144,0
289,0002264,262144,0,262144,0
290,0054164,262144,235408,0,26736
291,0002269,262144,0,262144,0
292,0002272,262144,0,262144,0
293,0002278,262144,0,262144,0
294,0023621,262144,235405,13426,13313
295,0004554,262144,0,0,262144
296,0002298,262144,0,262144,0
297,0002300,262144,0,262144,0
298,0002301,262144,0,262144,0
299,0023754,262144,235405,13426,13313
300,0002302,262144,0,262144,0
301,0002338,262144,0,262144,0
302,0002438,262144,0,262144,0
303,0023887,262144,235405,13426,13313
304,0004650,262144,0,0,262144
305,0002451,262144,0,262144,0
306,0002456,262144,0,262144,0
307,0002460,262144,0,262144,0
308,0054566,262144,235386,26758,0
309,0002466,262144,0,262144,0
310,0002467,262144,0,262144,0
311,0002468,262144,0,262144,0
312,0004887,262144,0,0,262144
313,0001994,262144,235365,26779,0
314,0002469,262144,0,262144,0
315,0002473,262144,0,262144,0
316,0002474,262144,0,262144,0
317,0013063,262144,235357,26787,0
318,0002632,262144,0,262144,0
319,0002633,262144,0,262144,0
320,0004900,262144,0,0,262144
321,0002635,262144,0,262144,0
322,0024721,262144,235353,25336,1455
323,0002636,262144,0,262144,0
324,0002637,262144,0,262144,0
325,0002638,262144,0,262144,0
326,0024757,262144,235353,25336,1455
327,0002642,262144,0,262144,0
328,0004951,262144,0,0,262144
329,0002643,262144,0,262144,0
330,0044608,262144,235353,26743,48
331,0002644,262144,0,262144,0
332,0002645,262144,0,262144,0
333,0002646,262144,0,262144,0
334,0044164,262144,235337,5682,21125
335,0002672,262144,0,262144,0
336,0002682,262144,0,262144,0
337,0004962,262144,0,0,262144
338,0002683,262144,0,262144,0
339,0007076,262144,235333,26811,0
340,0002684,262144,0,262144,0
341,0002694,262144,0,262144,0
342,0002695,262144,0,262144,0
343,0007178,262144,235333,26811,0
344,0002720,262144,0,262144,0
345,0004964,262144,0,0,262144
346,0002721,262144,0,262144,0
347,0002723,262144,0,262144,0
348,0033698,262144,235312,26832,0
349,0002725,262144,0,262144,0
350,0002726,262144,0,262144,0
351,0002732,262144,0,262144,0
352,0044507,262144,235308,26836,0
353,0004975,262144,0,0,262144
354,0002733,262144,0,262144,0
355,0002749,262144,0,262144,0
356,0002769,262144,0,262144,0
357,0044716,262144,235304,0,26840
358,0002770,262144,0,262144,0
359,0002771,262144,0,262144,0
360,0002776,262144,0,262144,0
361,0057210,262144,235299,26845,0
362,0004977,262144,0,0,262144
363,0002777,262144,0,262144,0
364,0002778,262144,0,262144,0
365,0002779,262144,0,262144,0
366,0024336,262144,235273,26871,0
367,0002780,262144,0,262144,0
368,0002784,262144,0,262144,0
369,0002823,262144,0,262144,0
370,0005011,262144,0,0,262144
371,0038701,262144,235268,26622,254
372,0002824,262144,0,262144,0
373,0002829,262144,0,262144,0
374,0002855,262144,0,262144,0
375,0015180,262144,235230,26914,0
376,0002862,262144,0,262144,0
377,0002863,262144,0,262144,0
378,0005022,262144,0,0,262144
379,0002865,262144,0,262144,0
380,0028537,262144,235218,0,26926
381,0002866,262144,0,262144,0
382,0002867,262144,0,262144,0
383,0002868,262144,0,262144,0
384,0037651,262144,235216,5346,21582
385,0002869,262144,0,262144,0
386,0002870,262144,0,262144,0
387,0005033,262144,0,0,262144
388,0002871,262144,0,262144,0
389,0042074,262144,235213,4912,22019
390,0002873,262144,0,262144,0
391,0002879,262144,0,262144,0
392,0002880,262144,0,262144,0
393,0024406,262144,235209,1608,25327
394,0002894,262144,0,262144,0
395,0002896,262144,0,262144,0
396,0002897,262144,0,262144,0
397,0005054,262144,0,0,262144
398,0024515,262144,235209,6387,20548
399,0002898,262144,0,262144,0
400,0002899,262144,0,262144,0
401,0002900,262144,0,262144,0
402,0024012,262144,235205,6917,20022
403,0002901,262144,0,262144,0
404,0002904,262144,0,262144,0
405,0002907,262144,0,262144,0
406,0050432,262144,235201,24328,2615
407,0005065,262144,0,0,262144
408,0002909,262144,0,262144,0
409,0002910,262144,0,262144,0
410,0002911,262144,0,262144,0
411,0050705,262144,235201,24434,2509
412,0002914,262144,0,262144,0
413,0002915,262144,0,262144,0
414,0005074,262144,0,0,262144
415,0002916,262144,0,262144,0
416,0014002,262144,235179,26965,0
417,0002917,262144,0,262144,0
418,0002920,262144,0,262144,0
419,0002921,262144,0,262144,0
420,0010732,262144,235157,26784,203
421,0002923,262144,0,262144,0
422,0002924,262144,0,262144,0
423,0005075,262144,0,0,262144
424,0002925,262144,0,262144,0
425,0061211,262144,235133,27011,0
426,0002926,262144,0,262144,0
427,0002932,262144,0,262144,0
428,0002933,262144,0,262144,0
429,0055276,262144,235114,21547,5483
430,0002934,262144,0,262144,0
431,0005095,262144,0,0,262144
432,0002935,262144,0,262144,0
433,0002940,262144,0,262144,0
434,0055328,262144,235114,21547,5483
435,0002947,262144,0,262144,0
436,0002948,262144,0,262144,0
437,0002956,262144,0,262144,0
438,0055380,262144,235114,23057,3973
439,0002957,262144,0,262144,0
440,0005260,262144,0,0,262144
441,0002958,262144,0,262144,0
442,0012598,262144,235090,25879,1175
443,0002959,262144,0,262144,0
444,0002960,262144,0,262144,0
445,0002961,262144,0,262144,0
446,0031015,262144,235084,27060,0
447,0002962,262144,0,262144,0
448,0005270,262144,0,0,262144
449,0002963,262144,0,262144,0
450,0002964,262144,0,262144,0
451,0053877,262144,235056,27088,0
452,0002966,262144,0,262144,0
453,0002971,262144,0,262144,0
454,0002982,262144,0,262144,0
455,0005273,262144,0,0,262144
456,0040006,262144,235037,27107,0
457,0002985,262144,0,262144,0
458,0002999,262144,0,262144,0
459,0003002,262144,0,262144,0
460,0011461,262144,235027,15238,11879
461,0003003,262144,0,262144,0
462,0003004,262144,0,262144,0
463,0003005,262144,0,262144,0
464,0005283,262144,0,0,262144
465,0015860,262144,235023,23319,3802
466,0003006,262144,0,262144,0
467,0003007,262144,0,262144,0
468,0003009,262144,0,262144,0
469,0034155,262144,235020,27124,0
470,0003031,262144,0,262144,0
471,0003036,262144,0,262144,0
472,0005286,262144,0,0,262144
473,0003037,262144,0,262144,0
474,0000034,262144,235019,7111,20014
475,0003038,262144,0,262144,0
476,0003041,262144,0,262144,0
477,0003044,262144,0,262144,0
478,0000763,262144,235008,27136,0
479,0003045,262144,0,262144,0
480,0003047,262144,0,262144,0
481,0005296,262144,0,0,262144
482,0003048,262144,0,262144,0
483,0000775,262144,235008,26615,521
484,0003049,262144,0,262144,0
485,0003050,262144,0,262144,0
486,0003054,262144,0,262144,0
487,0000787,262144,235008,27136,0
488,0003055,262144,0,262144,0
489,0005299,262144,0,0,262144
490,0003064,262144,0,262144,0
491,0003066,262144,0,262144,0
492,0000799,262144,235008,27136,0
493,0003070,262144,0,262144,0
494,0003071,262144,0,262144,0
495,0003074,262144,0,262144,0
496,0000811,262144,235008,27136,0
497,0005300,262144,0,0,262144
498,0003075,262144,0,262144,0
499,0003084,262144,0,262144,0
500,0003086,262144,0,262144,0
501,0000832,262144,235008,26581,555
502,0003088,262144,0,262144,0
503,0003089,262144,0,262144,0
504,0003090,262144,0,262144,0
505,0012822,262144,234977,26910,257
506,0005309,262144,0,0,262144
507,0003092,262144,0,262144,0
508,0003093,262144,0,262144,0
509,0003094,262144,0,262144,0
510,0026399,262144,234972,27172,0
511,0003095,262144,0,262144,0
512,0003096,262144,0,262144,0
513,0008983,262144,0,0,262144
514,0005388,262144,234964,24568,2612
515,0003097,262144,0,262144,0
516,0003107,262144,0,262144,0
517,0003108,262144,0,262144,0
518,0005512,262144,234964,24838,2342
519,0003109,262144,0,262144,0
520,0003111,262144,0,262144,0
521,0008985,262144,0,0,262144
522,0003113,262144,0,262144,0
523,0037273,262144,234964,15827,11353
524,0003115,262144,0,262144,0
525,0003116,262144,0,262144,0
526,0003119,262144,0,262144,0
527,0040932,262144,234955,26969,220
528,0003129,262144,0,262144,0
529,0003130,262144,0,262144,0
530,0008986,262144,0,0,262144
531,0003136,262144,0,262144,0
532,0002008,262144,234940,26815,389
533,0003139,262144,0,262144,0
534,0003140,262144,0,262144,0
535,0003141,262144,0,262144,0
536,0038992,262144,234921,27223,0
537,0003142,262144,0,262144,0
538,0008987,262144,0,0,262144
539,0003143,262144,0,262144,0
540,0003154,262144,0,262144,0
541,0034383,262144,234905,25644,1595
542,0003155,262144,0,262144,0
543,0003159,262144,0,262144,0
544,0003161,262144,0,262144,0
545,0007077,262144,234893,27251,0
546,0009005,262144,0,0,262144
547,0003162,262144,0,262144,0
548,0003164,262144,0,262144,0
549,0003165,262144,0,262144,0
550,0007179,262144,234893,27251,0
551,0003174,262144,0,262144,0
552,0003175,262144,0,262144,0
553,0003176,262144,0,262144,0
554,0009007,262144,0,0,262144
555,0001999,262144,234876,24840,2428
556,0003177,262144,0,262144,0
557,0003178,262144,0,262144,0
558,0003180,262144,0,262144,0
559,0035221,262144,234868,26549,727
560,0003181,262144,0,262144,0
561,0003182,262144,0,262144,0
562,0009009,262144,0,0,262144
563,0003183,262144,0,262144,0
564,0028224,262144,234867,25325,1952
565,0003185,262144,0,262144,0
566,0003186,262144,0,262144,0
567,0003192,262144,0,262144,0
568,0060416,262144,234846,27298,0
569,0003193,262144,0,262144,0
570,0009010,262144,0,0,262144
571,0003194,262144,0,262144,0
572,0003199,262144,0,262144,0
573,0036808,262144,234833,27251,60
574,0003200,262144,0,262144,0
575,0003207,262144,0,262144,0
576,0003208,262144,0,262144,0
577,0027638,262144,234827,26877,440
578,0003210,262144,0,262144,0
579,0009011,262144,0,0,262144
580,0003213,262144,0,262144,0
581,0031945,262144,234826,27318,0
582,0003215,262144,0,262144,0
583,0003219,262144,0,262144,0
584,0003220,262144,0,262144,0
585,0058200,262144,234826,27258,60
586,0003221,262144,0,262144,0
587,0009027,262144,0,0,262144
588,0003222,262144,0,262144,0
589,0003223,262144,0,262144,0
590,0026059,262144,234818,26826,500
591,0003224,262144,0,262144,0
592,0003227,262144,0,262144,0
593,0003228,262144,0,262144,0
594,0048297,262144,234803,27127,214
595,0009028,262144,0,0,262144
596,0003229,262144,0,262144,0
597,0003232,262144,0,262144,0
598,0003237,262144,0,262144,0
599,0060983,262144,234799,27224,121
600,0003238,262144,0,262144,0
601,0003246,262144,0,262144,0
602,0003249,262144,0,262144,0
603,0009029,262144,0,0,262144
604,0033054,262144,234776,23893,3475
605,0003250,262144,0,262144,0
606,0003253,262144,0,262144,0
607,0003254,262144,0,262144,0
608,0052036,262144,234764,26896,484
609,0003256,262144,0,262144,0
610,0003258,262144,0,262144,0
611,0009031,262144,0,0,262144
612,0003260,262144,0,262144,0
613,0019848,262144,234757,27387,0
614,0003266,262144,0,262144,0
615,0003267,262144,0,262144,0
616,0003268,262144,0,262144,0
617,0060121,262144,234752,27392,0
618,0003269,262144,0,262144,0
619,0009033,262144,0,0,262144
620,0003276,262144,0,262144,0
621,0003291,262144,0,262144,0
622,0039235,262144,234743,27401,0
623,0003292,262144,0,262144,0
624,0003294,262144,0,262144,0
625,0003297,262144,0,262144,0
626,0034589,262144,234738,21104,6302
627,0009034,262144,0,0,262144
628,0003298,262144,0,262144,0
629,0003299,262144,0,262144,0
630,0003301,262144,0,262144,0
631,0026325,262144,234737,18684,8723
632,0003304,262144,0,262144,0
633,0003308,262144,0,262144,0
634,0003309,262144,0,262144,0
635,0035830,262144,234732,23385,4027
636,0009035,262144,0,0,262144
637,0003310,262144,0,262144,0
638,0003311,262144,0,262144,0
639,0003312,262144,0,262144,0
640,0024421,262144,234721,27423,0
641,0003313,262144,0,262144,0
642,0003314,262144,0,262144,0
643,0009051,262144,0,0,262144
644,0024530,262144,234721,27423,0
645,0003315,262144,0,262144,0
646,0003317,262144,0,262144,0
647,0003320,262144,0,262144,0
648,0010650,262144,234703,25104,2337
649,0003321,262144,0,262144,0
650,0003334,262144,0,262144,0
651,0003338,262144,0,262144,0
652,0009052,262144,0,0,262144
653,0001990,262144,234685,27168,291
654,0003340,262144,0,262144,0
655,0003342,262144,0,262144,0
656,0003343,262144,0,262144,0
657,0015498,262144,234682,27462,0
658,0003344,262144,0,262144,0
659,0003345,262144,0,262144,0
660,0009053,262144,0,0,262144
661,0003353,262144,0,262144,0
662,0015585,262144,234682,27462,0
663,0003354,262144,0,262144,0
664,0003355,262144,0,262144,0
665,0003356,262144,0,262144,0
666,0044317,262144,234681,27455,8
667,0003357,262144,0,262144,0
668,0009055,262144,0,0,262144
669,0003358,262144,0,262144,0
670,0003360,262144,0,262144,0
671,0012684,262144,234675,27327,142
672,0003361,262144,0,262144,0
673,0003365,262144,0,262144,0
674,0003366,262144,0,262144,0
675,0003303,262144,234648,27496,0
676,0009057,262144,0,0,262144
677,0003367,262144,0,262144,0
678,0003368,262144,0,262144,0
679,0003374,262144,0,262144,0
680,0012613,262144,234645,26033,1466
681,0003377,262144,0,262144,0
682,0003379,262144,0,262144,0
683,0003380,262144,0,262144,0
684,0020233,262144,234635,27509,0
685,0009058,262144,0,0,262144
686,0003384,262144,0,262144,0
687,0003389,262144,0,262144,0
688,0003400,262144,0,262144,0
689,0041612,262144,234585,3366,24193
690,0003401,262144,0,262144,0
691,0003404,262144,0,262144,0
692,0003405,262144,0,262144,0
693,0009059,262144,0,0,262144
694,0050301,262144,234581,0,27563
695,0003410,262144,0,262144,0
696,0003411,262144,0,262144,0
697,0003414,262144,0,262144,0
698,0050574,262144,234581,0,27563
699,0003415,262144,0,262144,0
700,0003419,262144,0,262144,0
701,0003422,262144,0,262144,0
702,0041994,262144,234579,19323,8242
703,0009077,262144,0,0,262144
704,0003432,262144,0,262144,0
705,0003433,262144,0,262144,0
706,0003434,262144,0,262144,0
707,0028508,262144,234566,27578,0
708,0003441,262144,0,262144,0
709,0003445,262144,0,262144,0
710,0003446,262144,0,262144,0
711,0034135,262144,234562,27143,439
712,0009079,262144,0,0,262144
713,0003447,262144,0,262144,0
714,0003448,262144,0,262144,0
715,0003449,262144,0,262144,0
716,0053269,262144,234523,27621,0
717,0003455,262144,0,262144,0
718,0003456,262144,0,262144,0
719,0009081,262144,0,0,262144
720,0040268,262144,234513,27271,360
721,0003457,262144,0,262144,0
722,0003458,262144,0,262144,0
723,0003459,262144,0,262144,0
724,0040686,262144,234513,27271,360
725,0003464,262144,0,262144,0
726,0003482,262144,0,262144,0
727,0009082,262144,0,0,262144
728,0003483,262144,0,262144,0
729,0045544,262144,234503,27641,0
730,0003485,262144,0,262144,0
731,0003486,262144,0,262144,0
732,0003491,262144,0,262144,0
733,0028509,262144,234496,27648,0
734,0003492,262144,0,262144,0
735,0009083,262144,0,0,262144
736,0003493,262144,0,262144,0
737,0003498,262144,0,262144,0
738,0028510,262144,234496,27508,140
739,0003501,262144,0,262144,0
740,0003502,262144,0,262144,0
741,0003503,262144,0,262144,0
742,0028511,262144,234496,24985,2663
743,0003504,262144,0,262144,0
744,0009101,262144,0,0,262144
745,0003520,262144,0,262144,0
746,0003523,262144,0,262144,0
747,0028512,262144,234496,0,27648
748,0003524,262144,0,262144,0
749,0003527,262144,0,262144,0
750,0003528,262144,0,262144,0
751,0027528,262144,234493,24255,3396
752,0003531,262144,0,262144,0
753,0009105,262144,0,0,262144
754,0003538,262144,0,262144,0
755,0003541,262144,0,262144,0
756,0050259,262144,234469,0,27675
757,0003544,262144,0,262144,0
758,0003546,262144,0,262144,0
759,0003547,262144,0,262144,0
760,0050532,262144,234469,0,27675
761,0003548,262144,0,262144,0
762,0009106,262144,0,0,262144
763,0003549,262144,0,262144,0
764,0003561,262144,0,262144,0
765,0032689,262144,234468,27676,0
766,0003564,262144,0,262144,0
767,0003567,262144,0,262144,0
768,0003568,262144,0,262144,0
769,0034374,262144,234463,27398,283
770,0003570,262144,0,262144,0
771,0009107,262144,0,0,262144
772,0003571,262144,0,262144,0
773,0003572,262144,0,262144,0
774,0045840,262144,234461,27683,0
775,0003573,262144,0,262144,0
776,0003574,262144,0,262144,0
777,0003576,262144,0,262144,0
778,0005367,262144,234457,27643,44
779,0009130,262144,0,0,262144
780,0003589,262144,0,262144,0
781,0003592,262144,0,262144,0
782,0003593,262144,0,262144,0
783,0005491,262144,234457,27651,36
784,0003594,262144,0,262144,0
785,0003608,262144,0,262144,0
786,0009131,262144,0,0,262144
787,0003609,262144,0,262144,0
788,0033564,262144,234456,26876,812
789,0003610,262144,0,262144,0
790,0003612,262144,0,262144,0
791,0003613,262144,0,262144,0
792,0007332,262144,234446,27698,0
793,0003615,262144,0,262144,0
794,0003616,262144,0,262144,0
795,0009154,262144,0,0,262144
796,0061074,262144,234444,27700,0
797,0003617,262144,0,262144,0
798,0003618,262144,0,262144,0
799,0003619,262144,0,262144,0
800,0050923,262144,234443,27701,0
801,0003622,262144,0,262144,0
802,0003624,262144,0,262144,0
803,0009177,262144,0,0,262144
804,0003625,262144,0,262144,0
805,0023631,262144,234430,1686,26028
806,0003626,262144,0,262144,0
807,0003630,262144,0,262144,0
808,0003633,262144,0,262144,0
809,0023764,262144,234430,1452,26262
810,0003635,262144,0,262144,0
811,0003636,262144,0,262144,0
812,0009178,262144,0,0,262144
813,0003637,262144,0,262144,0
814,0023897,262144,234430,1724,25990
815,0003638,262144,0,262144,0
816,0003639,262144,0,262144,0
817,0003640,262144,0,262144,0
818,0036806,262144,234427,27717,0
819,0003641,262144,0,262144,0
820,0003655,262144,0,262144,0
821,0009199,262144,0,0,262144
822,0003660,262144,0,262144,0
823,0033535,262144,234408,27736,0
824,0003661,262144,0,262144,0
825,0003663,262144,0,262144,0
826,0003664,262144,0,262144,0
827,0060932,262144,234385,27759,0
828,0003665,262144,0,262144,0
829,0009201,262144,0,0,262144
830,0003667,262144,0,262144,0
831,0003669,262144,0,262144,0
832,0035336,262144,234371,27395,378
833,0003670,262144,0,262144,0
834,0003690,262144,0,262144,0
835,0003698,262144,0,262144,0
836,0052883,262144,234369,12183,15592
837,0003702,262144,0,262144,0
838,0009202,262144,0,0,262144
839,0003706,262144,0,262144,0
840,0003708,262144,0,262144,0
841,0054666,262144,234364,10903,16877
842,0003709,262144,0,262144,0
843,0003710,262144,0,262144,0
844,0003725,262144,0,262144,0
845,0022039,262144,234358,27341,445
846,0003733,262144,0,262144,0
847,0009203,262144,0,0,262144
848,0003734,262144,0,262144,0
849,0003735,262144,0,262144,0
850,0022599,262144,234358,27341,445
851,0003736,262144,0,262144,0
852,0003745,262144,0,262144,0
853,0003749,262144,0,262144,0
854,0032128,262144,234351,27793,0
855,0009223,262144,0,0,262144
856,0003769,262144,0,262144,0
857,0003770,262144,0,262144,0
858,0003775,262144,0,262144,0
859,0005453,262144,234340,27804,0
860,0003776,262144,0,262144,0
861,0003777,262144,0,262144,0
862,0009225,262144,0,0,262144
863,0003778,262144,0,262144,0
864,0005577,262144,234340,27804,0
865,0003779,262144,0,262144,0
866,0003781,262144,0,262144,0
867,0003783,262144,0,262144,0
868,0036044,262144,234332,27770,42
869,0003791,262144,0,262144,0
870,0003800,262144,0,262144,0
871,0009226,262144,0,0,262144
872,0023633,262144,234297,27174,673
873,0003803,262144,0,262144,0
874,0003816,262144,0,262144,0
875,0003818,262144,0,262144,0
876,0023766,262144,234297,25949,1898
877,0003819,262144,0,262144,0
878,0003838,262144,0,262144,0
879,0009247,262144,0,0,262144
880,0003849,262144,0,262144,0
881,0023899,262144,234297,27561,286
882,0003850,262144,0,262144,0
883,0003857,262144,0,262144,0
884,0003861,262144,0,262144,0
885,0032366,262144,234276,18272,9596
886,0003866,262144,0,262144,0
887,0009249,262144,0,0,262144
888,0003895,262144,0,262144,0
889,0003899,262144,0,262144,0
890,0043470,262144,234263,24277,3604
891,0003901,262144,0,262144,0
892,0003902,262144,0,262144,0
893,0003903,262144,0,262144,0
894,0043868,262144,234263,24277,3604
895,0003904,262144,0,262144,0
896,0009250,262144,0,0,262144
897,0003905,262144,0,262144,0
898,0003911,262144,0,262144,0
899,0001875,262144,234256,26417,1471
900,0003912,262144,0,262144,0
901,0003913,262144,0,262144,0
902,0003914,262144,0,262144,0
903,0032160,262144,234254,27890,0
904,0009268,262144,0,0,262144
905,0003915,262144,0,262144,0
906,0003940,262144,0,262144,0
907,0003941,262144,0,262144,0
908,0009533,262144,234253,23315,4576
909,0003944,262144,0,262144,0
910,0003946,262144,0,262144,0
911,0003947,262144,0,262144,0
912,0009269,262144,0,0,262144
913,0009672,262144,234253,24203,3688
914,0003948,262144,0,262144,0
915,0003949,262144,0,262144,0
916,0003951,262144,0,262144,0
917,0033478,262144,234242,27902,0
918,0003956,262144,0,262144,0
919,0003957,262144,0,262144,0
920,0009271,262144,0,0,262144
921,0003958,262144,0,262144,0
922,0019909,262144,234233,0,27911
923,0003959,262144,0,262144,0
924,0003960,262144,0,262144,0
925,0003970,262144,0,262144,0
926,0032122,262144,234208,27936,0
927,0003981,262144,0,262144,0
928,0003982,262144,0,262144,0
929,0009273,262144,0,0,262144
930,0003985,262144,0,262144,0
931,0033076,262144,234194,25887,2063
932,0003986,262144,0,262144,0
933,0003987,262144,0,262144,0
934,0001557,262144,234189,27955,0
935,0003991,262144,0,262144,0
936,0004000,262144,0,262144,0
937,0009274,262144,0,0,262144
938,0004003,262144,0,262144,0
939,0003724,262144,234187,27957,0
940,0004004,262144,0,262144,0
941,0004013,262144,0,262144,0
942,0004016,262144,0,262144,0
943,0031840,262144,234176,6825,21143
944,0004020,262144,0,262144,0
945,0004021,262144,0,262144,0
946,0009286,262144,0,0,262144
947,0004026,262144,0,262144,0
948,0040346,262144,234174,0,27970
949,0004039,262144,0,262144,0
950,0004042,262144,0,262144,0
951,0004043,262144,0,262144,0
952,0040764,262144,234174,0,27970
953,0004044,262144,0,262144,0
954,0004045,262144,0,262144,0
955,0009288,262144,0,0,262144
956,0004046,262144,0,262144,0
957,0060501,262144,234156,27988,0
958,0004047,262144,0,262144,0
959,0004052,262144,0,262144,0
960,0004053,262144,0,262144,0
961,0045176,262144,234140,28004,0
962,0004054,262144,0,262144,0
963,0004055,262144,0,262144,0
964,0009291,262144,0,0,262144
965,0004060,262144,0,262144,0
966,0040313,262144,234122,10241,17781
967,0004061,262144,0,262144,0
968,0004062,262144,0,262144,0
969,0004063,262144,0,262144,0
970,0040731,262144,234122,11317,16705
971,0004068,262144,0,262144,0
972,0004069,262144,0,262144,0
973,0009292,262144,0,0,262144
974,0004070,262144,0,262144,0
975,0010046,262144,234111,27763,270
976,0004071,262144,0,262144,0
977,0004072,262144,0,262144,0
978,0004073,262144,0,262144,0
979,0011685,262144,234107,24062,3975
980,0004074,262144,0,262144,0
981,0009293,262144,0,0,262144
982,0004075,262144,0,262144,0
983,0004078,262144,0,262144,0
984,0012563,262144,234103,26168,1873
985,0004079,262144,0,262144,0
986,0004081,262144,0,262144,0
987,0004092,262144,0,262144,0
988,0031786,262144,234092,27492,560
989,0009295,262144,0,0,262144
990,0004093,262144,0,262144,0
991,0004094,262144,0,262144,0
992,0004104,262144,0,262144,0
993,0020269,262144,234065,28079,0
994,0004120,262144,0,262144,0
995,0004130,262144,0,262144,0
996,0004132,262144,0,262144,0
997,0045139,262144,234029,28115,0
998,0009297,262144,0,0,262144
999,0004133,262144,0,262144,0
1000,0004134,262144,0,262144,0
1001,0004135,262144,0,262144,0
1002,0033443,262144,234022,28034,88
1003,0004138,262144,0,262144,0
1004,0004139,262144,0,262144,0
1005,0009298,262144,0,0,262144
1006,0004146,262144,0,262144,0
1007,0011241,262144,234021,22924,5199
1008,0004150,262144,0,262144,0
1009,0004174,262144,0,262144,0
1010,0026621,262144,234019,28101,24
1011,0004178,262144,0,262144,0
1012,0004179,262144,0,262144,0
1013,0009314,262144,0,0,262144
1014,0004181,262144,0,262144,0
1015,0027402,262144,234009,9750,18385
1016,0004186,262144,0,262144,0
1017,0004188,262144,0,262144,0
1018,0004189,262144,0,262144,0
1019,0056280,262144,234005,27357,782
1020,0004190,262144,0,262144,0
1021,0004193,262144,0,262144,0
1022,0009315,262144,0,0,262144
1023,0004196,262144,0,262144,0
1024,0056447,262144,234005,27357,782
1025,0004203,262144,0,262144,0
1026,0004219,262144,0,262144,0
1027,0004224,262144,0,262144,0
1028,0043193,262144,234001,28127,16
1029,0004225,262144,0,262144,0
1030,0009316,262144,0,0,262144
1031,0004226,262144,0,262144,0
1032,0004227,262144,0,262144,0
1033,0024687,262144,233996,27570,578
1034,0004228,262144,0,262144,0
1035,0004229,262144,0,262144,0
1036,0004230,262144,0,262144,0
1037,0033669,262144,233995,28149,0
1038,0004231,262144,0,262144,0
1039,0009317,262144,0,0,262144
1040,0004233,262144,0,262144,0
1041,0004234,262144,0,262144,0
1042,0033968,262144,233984,27816,344
1043,0004235,262144,0,262144,0
1044,0004237,262144,0,262144,0
1045,0004238,262144,0,262144,0
1046,0061529,262144,233984,28160,0
1047,0009319,262144,0,0,262144
1048,0004242,262144,0,262144,0
1049,0004254,262144,0,262144,0
1050,0004271,262144,0,262144,0
1051,0009988,262144,233979,26756,1409
1052,0004272,262144,0,262144,0
1053,0004273,262144,0,262144,0
1054,0009321,262144,0,0,262144
1055,0004274,262144,0,262144,0
1056,0056017,262144,233979,13627,14538
1057,0004275,262144,0,262144,0
1058,0004276,262144,0,262144,0
1059,0004278,262144,0,262144,0
1060,0006987,262144,233971,28173,0
1061,0004279,262144,0,262144,0
1062,0004282,262144,0,262144,0
1063,0009322,262144,0,0,262144
1064,0004283,262144,0,262144,0
1065,0007089,262144,233971,28173,0
1066,0004293,262144,0,262144,0
1067,0004294,262144,0,262144,0
1068,0012631,262144,233957,26588,1599
1069,0004316,262144,0,262144,0
1070,0004317,262144,0,262144,0
1071,0009331,262144,0,0,262144
1072,0004318,262144,0,262144,0
1073,0028279,262144,233953,13995,14196
1074,0004319,262144,0,262144,0
1075,0004320,262144,0,262144,0
1076,0004321,262144,0,262144,0
1077,0005030,262144,233946,19834,8364
1078,0004323,262144,0,262144,0
1079,0004324,262144,0,262144,0
1080,0009337,262144,0,0,262144
1081,0004325,262144,0,262144,0
1082,0006096,262144,233944,28200,0
1083,0004326,262144,0,262144,0
1084,0004327,262144,0,262144,0
1085,0004328,262144,0,262144,0
1086,0006533,262144,233944,28200,0
1087,0004334,262144,0,262144,0
1088,0009338,262144,0,0,262144
1089,0004361,262144,0,262144,0
1090,0004362,262144,0,262144,0
1091,0010121,262144,233943,28201,0
1092,0004363,262144,0,262144,0
1093,0004364,262144,0,262144,0
1094,0004365,262144,0,262144,0
1095,0036798,262144,233939,28205,0
1096,0009339,262144,0,0,262144
1097,0004366,262144,0,262144,0
1098,0004368,262144,0,262144,0
1099,0004369,262144,0,262144,0
1100,0036729,262144,233935,27584,625
1101,0004370,262144,0,262144,0
1102,0004371,262144,0,262144,0
1103,0004372,262144,0,262144,0
1104,0009340,262144,0,0,262144
1105,0027391,262144,233932,22008,6204
1106,0004377,262144,0,262144,0
1107,0004379,262144,0,262144,0
1108,0004404,262144,0,262144,0
1109,0050057,262144,233918,22898,5328
1110,0004410,262144,0,262144,0
1111,0004411,262144,0,262144,0
1112,0009341,262144,0,0,262144
1113,0004413,262144,0,262144,0
1114,0056883,262144,233915,0,28229
1115,0004414,262144,0,262144,0
1116,0004415,262144,0,262144,0
1117,0004416,262144,0,262144,0
1118,0029852,262144,233907,28237,0
1119,0004417,262144,0,262144,0
1120,0004421,262144,0,262144,0
1121,0009343,262144,0,0,262144
1122,0004422,262144,0,262144,0
1123,0030362,262144,233907,28237,0
1124,0004424,262144,0,262144,0
1125,0004431,262144,0,262144,0
1126,0004439,262144,0,262144,0
1127,0002348,262144,233895,28249,0
1128,0004459,262144,0,262144,0
1129,0009345,262144,0,0,262144
1130,0004463,262144,0,262144,0
1131,0044911,262144,233888,28256,0
1132,0004464,262144,0,262144,0
1133,0004465,262144,0,262144,0
1134,0004466,262144,0,262144,0
1135,0045136,262144,233888,28256,0
1136,0004467,262144,0,262144,0
1137,0004469,262144,0,262144,0
1138,0009346,262144,0,0,262144
1139,0004482,262144,0,262144,0
1140,0026130,262144,233842,28302,0
1141,0004489,262144,0,262144,0
1142,0004733,262144,0,262144,0
1143,0004734,262144,0,262144,0
1144,0057180,262144,233839,28305,0
1145,0004735,262144,0,262144,0
1146,0009355,262144,0,0,262144
1147,0004739,262144,0,262144,0
1148,0004746,262144,0,262144,0
1149,0049831,262144,233819,28325,0
1150,0004752,262144,0,262144,0
1151,0004778,262144,0,262144,0
1152,0004779,262144,0,262144,0
1153,0035550,262144,233811,28333,0
1154,0009360,262144,0,0,262144
1155,0004780,262144,0,262144,0
1156,0004781,262144,0,262144,0
1157,0004782,262144,0,262144,0
1158,0000813,262144,233799,556,27789
1159,0004783,262144,0,262144,0
1160,0004784,262144,0,262144,0
1161,0004785,262144,0,262144,0
1162,0007022,262144,233791,28353,0
1163,0009361,262144,0,0,262144
1164,0004794,262144,0,262144,0
1165,0004807,262144,0,262144,0
1166,0004814,262144,0,262144,0
1167,0007124,262144,233791,28353,0
1168,0004815,262144,0,262144,0
1169,0004818,262144,0,262144,0
1170,0009362,262144,0,0,262144
1171,0004824,262144,0,262144,0
1172,0012574,262144,233768,28376,0
1173,0004825,262144,0,262144,0
1174,0004835,262144,0,262144,0
1175,0004867,262144,0,262144,0
1176,0054409,262144,233768,16030,12346
1177,0005681,262144,0,262144,0
1178,0005700,262144,0,262144,0
1179,0009363,262144,0,0,262144
1180,0005701,262144,0,262144,0
1181,0011462,262144,233767,17107,11270
1182,0005717,262144,0,262144,0
1183,0005726,262144,0,262144,0
1184,0005732,262144,0,262144,0
1185,0034226,262144,233759,27934,451
1186,0005736,262144,0,262144,0
1187,0005740,262144,0,262144,0
1188,0009364,262144,0,0,262144
1189,0018489,262144,233745,26896,1503
1190,0005741,262144,0,262144,0
1191,0005749,262144,0,262144,0
1192,0005760,262144,0,262144,0
1193,0040284,262144,233725,22437,5982
1194,0005767,262144,0,262144,0
1195,0005770,262144,0,262144,0
1196,0009365,262144,0,0,262144
1197,0005775,262144,0,262144,0
1198,0040702,262144,233725,22437,5982
1199,0005776,262144,0,262144,0
1200,0005783,262144,0,262144,0
1201,0005784,262144,0,262144,0
1202,0048954,262144,233706,28438,0
1203,0005785,262144,0,262144,0
1204,0009367,262144,0,0,262144
1205,0005790,262144,0,262144,0
1206,0005791,262144,0,262144,0
1207,0049040,262144,233706,28438,0
1208,0005793,262144,0,262144,0
1209,0005800,262144,0,262144,0
1210,0005805,262144,0,262144,0
1211,0049126,262144,233706,28438,0
1212,0005808,262144,0,262144,0
1213,0009369,262144,0,0,262144
1214,0005809,262144,0,262144,0
1215,0005812,262144,0,262144,0
1216,0027373,262144,233698,0,28446
1217,0005813,262144,0,262144,0
1218,0005815,262144,0,262144,0
1219,0005816,262144,0,262144,0
1220,0052081,262144,233694,27394,1056
1221,0005818,262144,0,262144,0
1222,0009370,262144,0,0,262144
1223,0005821,262144,0,262144,0
1224,0005822,262144,0,262144,0
1225,0052315,262144,233688,27917,539
1226,0005823,262144,0,262144,0
1227,0005830,262144,0,262144,0
1228,0005835,262144,0,262144,0
1229,0054678,262144,233686,28153,305
1230,0009378,262144,0,0,262144
1231,0005836,262144,0,262144,0
1232,0005838,262144,0,262144,0
1233,0005840,262144,0,262144,0
1234,0057984,262144,233679,28465,0
1235,0005841,262144,0,262144,0
1236,0005842,262144,0,262144,0
1237,0009379,262144,0,0,262144
1238,0005844,262144,0,262144,0
1239,0017291,262144,233666,28358,120
1240,0005845,262144,0,262144,0
1241,0005846,262144,0,262144,0
1242,0052297,262144,233625,28519,0
1243,0005849,262144,0,262144,0
1244,0005852,262144,0,262144,0
1245,0009381,262144,0,0,262144
1246,0005855,262144,0,262144,0
1247,0041256,262144,233622,24591,3931
1248,0005857,262144,0,262144,0
1249,0005858,262144,0,262144,0
1250,0005859,262144,0,262144,0
1251,0031568,262144,233608,28396,140
1252,0005860,262144,0,262144,0
1253,0005863,262144,0,262144,0
1254,0009382,262144,0,0,262144
1255,0005864,262144,0,262144,0
1256,0002507,262144,233595,28187,362
1257,0005865,262144,0,262144,0
1258,0005867,262144,0,262144,0
1259,0005868,262144,0,262144,0
1260,0040962,262144,233591,9896,18657
1261,0005869,262144,0,262144,0
1262,0009383,262144,0,0,262144
1263,0005870,262144,0,262144,0
1264,0005872,262144,0,262144,0
1265,0015219,262144,233588,28556,0
1266,0005873,262144,0,262144,0
1267,0005875,262144,0,262144,0
1268,0005880,262144,0,262144,0
1269,0056028,262144,233587,25183,3374
1270,0005884,262144,0,262144,0
1271,0009384,262144,0,0,262144
1272,0005886,262144,0,262144,0
1273,0005887,262144,0,262144,0
1274,0052538,262144,233584,27015,1545
1275,0005888,262144,0,262144,0
1276,0005890,262144,0,262144,0
1277,0005891,262144,0,262144,0
1278,0052635,262144,233584,27015,1545
1279,0009385,262144,0,0,262144
1280,0005895,262144,0,262144,0
1281,0005896,262144,0,262144,0
1282,0005898,262144,0,262144,0
1283,0052732,262144,233584,27015,1545
1284,0005902,262144,0,262144,0
1285,0005903,262144,0,262144,0
1286,0009386,262144,0,0,262144
1287,0005907,262144,0,262144,0
1288,0052829,262144,233584,27015,1545
1289,0005908,262144,0,262144,0
1290,0005914,262144,0,262144,0
1291,0005915,262144,0,262144,0
1292,0035693,262144,233543,28271,330
1293,0005921,262144,0,262144,0
1294,0005922,262144,0,262144,0
1295,0009387,262144,0,0,262144
1296,0026114,262144,233541,28603,0
1297,0005923,262144,0,262144,0
1298,0005924,262144,0,262144,0
1299,0005932,262144,0,262144,0
1300,0037679,262144,233525,28619,0
1301,0005933,262144,0,262144,0
1302,0005934,262144,0,262144,0
1303,0009388,262144,0,0,262144
1304,0005936,262144,0,262144,0
1305,0053889,262144,233508,28046,590
1306,0005937,262144,0,262144,0
1307,0005942,262144,0,262144,0
1308,0005944,262144,0,262144,0
1309,0005448,262144,233506,27594,1044
1310,0005945,262144,0,262144,0
1311,0009389,262144,0,0,262144
1312,0005953,262144,0,262144,0
1313,0005955,262144,0,262144,0
1314,0005572,262144,233506,27839,799
1315,0005956,262144,0,262144,0
1316,0005957,262144,0,262144,0
1317,0005959,262144,0,262144,0
1318,0019669,262144,233505,28639,0
1319,0009391,262144,0,0,262144
1320,0005960,262144,0,262144,0
1321,0005961,262144,0,262144,0
1322,0005962,262144,0,262144,0
1323,0046275,262144,233504,28640,0
1324,0005963,262144,0,262144,0
1325,0005967,262144,0,262144,0
1326,0005968,262144,0,262144,0
1327,0046527,262144,233504,28640,0
1328,0009393,262144,0,0,262144
1329,0005969,262144,0,262144,0
1330,0005976,262144,0,262144,0
1331,0005978,262144,0,262144,0
1332,0046779,262144,233504,28640,0
1333,0005980,262144,0,262144,0
1334,0005982,262144,0,262144,0
1335,0009394,262144,0,0,262144
1336,0005983,262144,0,262144,0
1337,0047031,262144,233504,28640,0
1338,0005984,262144,0,262144,0
1339,0005988,262144,0,262144,0
1340,0047283,262144,233504,28640,0
1341,0005990,262144,0,262144,0
1342,0005999,262144,0,262144,0
1343,0009402,262144,0,0,262144
1344,0006002,262144,0,262144,0
1345,0047535,262144,233504,28640,0
1346,0006007,262144,0,262144,0
1347,0006008,262144,0,262144,0
1348,0006010,262144,0,262144,0
1349,0047787,262144,233504,28640,0
1350,0006013,262144,0,262144,0
1351,0006017,262144,0,262144,0
1352,0009403,262144,0,0,262144
1353,0006025,262144,0,262144,0
1354,0048039,262144,233504,28640,0
1355,0006028,262144,0,262144,0
1356,0006029,262144,0,262144,0
1357,0006031,262144,0,262144,0
1358,0050796,262144,233489,28655,0
1359,0006032,262144,0,262144,0
1360,0009405,262144,0,0,262144
1361,0006033,262144,0,262144,0
1362,0006034,262144,0,262144,0
1363,0001867,262144,233472,28672,0
1364,0006035,262144,0,262144,0
1365,0006037,262144,0,262144,0
1366,0006039,262144,0,262144,0
1367,0001868,262144,233472,28672,0
1368,0009406,262144,0,0,262144
1369,0006040,262144,0,262144,0
1370,0006043,262144,0,262144,0
1371,0006051,262144,0,262144,0
1372,0001869,262144,233472,28387,285
1373,0006053,262144,0,262144,0
1374,0006054,262144,0,262144,0
1375,0009407,262144,0,0,262144
1376,0006056,262144,0,262144,0
1377,0001870,262144,233472,24864,3808
1378,0006057,262144,0,262144,0
1379,0006058,262144,0,262144,0
1380,0006059,262144,0,262144,0
1381,0001871,262144,233472,27716,956
1382,0006060,262144,0,262144,0
1383,0006062,262144,0,262144,0
1384,0009408,262144,0,0,262144
1385,0001872,262144,233472,28074,598
1386,0006063,262144,0,262144,0
1387,0006064,262144,0,262144,0
1388,0006070,262144,0,262144,0
1389,0001873,262144,233472,28672,0
1390,0006072,262144,0,262144,0
1391,0006075,262144,0,262144,0
1392,0009409,262144,0,0,262144
1393,0006080,262144,0,262144,0
1394,0001874,262144,233472,28660,12
1395,0006081,262144,0,262144,0
1396,0006082,262144,0,262144,0
1397,0006083,262144,0,262144,0
1398,0001876,262144,233472,28672,0
1399,0006084,262144,0,262144,0
1400,0009410,262144,0,0,262144
1401,0006085,262144,0,262144,0
1402,0006118,262144,0,262144,0
1403,0060679,262144,233467,28677,0
1404,0006137,262144,0,262144,0
1405,0006138,262144,0,262144,0
1406,0006154,262144,0,262144,0
1407,0041673,262144,233452,28692,0
1408,0009411,262144,0,0,262144
1409,0006163,262144,0,262144,0
1410,0006169,262144,0,262144,0
1411,0006173,262144,0,262144,0
1412,0041644,262144,233439,26741,1964
1413,0006177,262144,0,262144,0
1414,0006178,262144,0,262144,0
1415,0006186,262144,0,262144,0
1416,0035647,262144,233431,28713,0
1417,0009412,262144,0,0,262144
1418,0006197,262144,0,262144,0
1419,0006204,262144,0,262144,0
1420,0006207,262144,0,262144,0
1421,0057969,262144,233405,28223,516
1422,0006212,262144,0,262144,0
1423,0006213,262144,0,262144,0
1424,0009413,262144,0,0,262144
1425,0006220,262144,0,262144,0
1426,0061072,262144,233402,28742,0
1427,0006221,262144,0,262144,0
1428,0006222,262144,0,262144,0
1429,0006227,262144,0,262144,0
1430,0012883,262144,233396,21336,7412
1431,0006228,262144,0,262144,0
1432,0014837,262144,0,0,262144
1433,0006230,262144,0,262144,0
1434,0002129,262144,233394,28589,161
1435,0006237,262144,0,262144,0
1436,0006242,262144,0,262144,0
1437,0006245,262144,0,262144,0
1438,0002281,262144,233394,28589,161
1439,0006246,262144,0,262144,0
1440,0006249,262144,0,262144,0
1441,0014855,262144,0,0,262144
1442,0006250,262144,0,262144,0
1443,0005594,262144,233389,23485,5270
1444,0006252,262144,0,262144,0
1445,0006253,262144,0,262144,0
1446,0006255,262144,0,262144,0
1447,0044914,262144,233376,28768,0
1448,0006258,262144,0,262144,0
1449,0016381,262144,0,0,262144
1450,0006259,262144,0,262144,0
1451,0006260,262144,0,262144,0
1452,0056004,262144,233352,28544,248
1453,0006267,262144,0,262144,0
1454,0006272,262144,0,262144,0
1455,0006273,262144,0,262144,0
1456,0007021,262144,233348,28796,0
1457,0016393,262144,0,0,262144
1458,0006275,262144,0,262144,0
1459,0006277,262144,0,262144,0
1460,0006278,262144,0,262144,0
1461,0007123,262144,233348,28796,0
1462,0006279,262144,0,262144,0
1463,0006281,262144,0,262144,0
1464,0006282,262144,0,262144,0
1465,0016394,262144,0,0,262144
1466,0011347,262144,233334,28810,0
1467,0006283,262144,0,262144,0
1468,0006286,262144,0,262144,0
1469,0006289,262144,0,262144,0
1470,0042563,262144,233334,28810,0
1471,0006292,262144,0,262144,0
1472,0006294,262144,0,262144,0
1473,0016396,262144,0,0,262144
1474,0006295,262144,0,262144,0
1475,0035239,262144,233317,28568,259
1476,0006296,262144,0,262144,0
1477,0006297,262144,0,262144,0
1478,0005161,262144,233315,0,28829
1479,0006300,262144,0,262144,0
1480,0006301,262144,0,262144,0
1481,0006302,262144,0,262144,0
1482,0016406,262144,0,0,262144
1483,0030880,262144,233311,28833,0
1484,0006304,262144,0,262144,0
1485,0006305,262144,0,262144,0
1486,0006306,262144,0,262144,0
1487,0009966,262144,233310,28834,0
1488,0006307,262144,0,262144,0
1489,0006309,262144,0,262144,0
1490,0016407,262144,0,0,262144
1491,0006310,262144,0,262144,0
1492,0040208,262144,233298,14434,14412
1493,0006312,262144,0,262144,0
1494,0006317,262144,0,262144,0
1495,0006321,262144,0,262144,0
1496,0040626,262144,233298,15625,13221
1497,0006323,262144,0,262144,0
1498,0006324,262144,0,262144,0
1499,0016408,262144,0,0,262144
1500,0006325,262144,0,262144,0
1501,0004863,262144,233284,28860,0
1502,0006327,262144,0,262144,0
1503,0006328,262144,0,262144,0
1504,0006332,262144,0,262144,0
1505,0050907,262144,233270,28874,0
1506,0006333,262144,0,262144,0
1507,0016409,262144,0,0,262144
1508,0006335,262144,0,262144,0
1509,0006339,262144,0,262144,0
1510,0021274,262144,233262,28882,0
1511,0006340,262144,0,262144,0
1512,0006344,262144,0,262144,0
1513,0006345,262144,0,262144,0
1514,0021625,262144,233262,28882,0
1515,0016435,262144,0,0,262144
1516,0006351,262144,0,262144,0
1517,0006352,262144,0,262144,0
1518,0006358,262144,0,262144,0
1519,0061051,262144,233204,26655,2285
1520,0006359,262144,0,262144,0
1521,0006360,262144,0,262144,0
1522,0006361,262144,0,262144,0
1523,0060957,262144,233185,28959,0
1524,0016437,262144,0,0,262144
1525,0006369,262144,0,262144,0
1526,0006370,262144,0,262144,0
1527,0006371,262144,0,262144,0
1528,0005206,262144,233158,0,28986
1529,0006373,262144,0,262144,0
1530,0006374,262144,0,262144,0
1531,0006379,262144,0,262144,0
1532,0023939,262144,233120,29024,0
1533,0016438,262144,0,0,262144
1534,0006381,262144,0,262144,0
1535,0006382,262144,0,262144,0
1536,0010830,262144,233109,22850,6185
1537,0006390,262144,0,262144,0
1538,0006392,262144,0,262144,0
1539,0006393,262144,0,262144,0
1540,0016439,262144,0,0,262144
1541,0050884,262144,233099,29045,0
1542,0006394,262144,0,262144,0
1543,0006396,262144,0,262144,0
1544,0006397,262144,0,262144,0
1545,0026049,262144,233089,29055,0
1546,0006398,262144,0,262144,0
1547,0006399,262144,0,262144,0
1548,0016561,262144,0,0,262144
1549,0006400,262144,0,262144,0
1550,0041668,262144,233074,29070,0
1551,0006404,262144,0,262144,0
1552,0006405,262144,0,262144,0
1553,0006406,262144,0,262144,0
1554,0015849,262144,233072,28833,239
1555,0006413,262144,0,262144,0
1556,0006415,262144,0,262144,0
1557,0016573,262144,0,0,262144
1558,0006417,262144,0,262144,0
1559,0043564,262144,233057,29087,0
1560,0006419,262144,0,262144,0
1561,0006420,262144,0,262144,0
1562,0006421,262144,0,262144,0
1563,0043962,262144,233057,29087,0
1564,0006425,262144,0,262144,0
1565,0016574,262144,0,0,262144
1566,0006427,262144,0,262144,0
1567,0006436,262144,0,262144,0
1568,0027384,262144,233049,84,29011
1569,0006439,262144,0,262144,0
1570,0006444,262144,0,262144,0
1571,0006445,262144,0,262144,0
1572,0041091,262144,233048,14050,15046
1573,0006447,262144,0,262144,0
1574,0016576,262144,0,0,262144
1575,0006450,262144,0,262144,0
1576,0006454,262144,0,262144,0
1577,0054383,262144,233019,29125,0
1578,0006462,262144,0,262144,0
1579,0006465,262144,0,262144,0
1580,0006466,262144,0,262144,0
1581,0051845,262144,233013,29131,0
1582,0016586,262144,0,0,262144
1583,0006468,262144,0,262144,0
1584,0006469,262144,0,262144,0
1585,0006470,262144,0,262144,0
1586,0045525,262144,233010,28764,370
1587,0006471,262144,0,262144,0
1588,0006472,262144,0,262144,0
1589,0007037,262144,232963,29181,0
1590,0006474,262144,0,262144,0
1591,0016587,262144,0,0,262144
1592,0006476,262144,0,262144,0
1593,0006477,262144,0,262144,0
1594,0007139,262144,232963,29181,0
1595,0006480,262144,0,262144,0
1596,0006488,262144,0,262144,0
1597,0006490,262144,0,262144,0
1598,0016588,262144,0,0,262144
1599,0037553,262144,232950,29194,0
1600,0006491,262144,0,262144,0
1601,0006493,262144,0,262144,0
1602,0006494,262144,0,262144,0
1603,0050831,262144,232947,29197,0
1604,0006495,262144,0,262144,0
1605,0006496,262144,0,262144,0
1606,0016589,262144,0,0,262144
1607,0006497,262144,0,262144,0
1608,0036547,262144,232929,29215,0
1609,0006499,262144,0,262144,0
1610,0006500,262144,0,262144,0
1611,0006501,262144,0,262144,0
1612,0051638,262144,232911,29233,0
1613,0006507,262144,0,262144,0
1614,0006509,262144,0,262144,0
1615,0016615,262144,0,0,262144
1616,0006512,262144,0,262144,0
1617,0051780,262144,232911,29233,0
1618,0006517,262144,0,262144,0
1619,0006518,262144,0,262144,0
1620,0006519,262144,0,262144,0
1621,0052325,262144,232897,29247,0
1622,0006520,262144,0,262144,0
1623,0016617,262144,0,0,262144
1624,0006521,262144,0,262144,0
1625,0006522,262144,0,262144,0
1626,0012219,262144,232879,29265,0
1627,0006523,262144,0,262144,0
1628,0006524,262144,0,262144,0
1629,0041940,262144,232875,26997,2272
1630,0006610,262144,0,262144,0
1631,0016618,262144,0,0,262144
1632,0006623,262144,0,262144,0
1633,0006641,262144,0,262144,0
1634,0050483,262144,232862,28816,466
1635,0006649,262144,0,262144,0
1636,0006650,262144,0,262144,0
1637,0006657,262144,0,262144,0
1638,0050756,262144,232862,28816,466
1639,0016619,262144,0,0,262144
1640,0006667,262144,0,262144,0
1641,0006674,262144,0,262144,0
1642,0006675,262144,0,262144,0
1643,0026050,262144,232848,29088,208
1644,0006679,262144,0,262144,0
1645,0006682,262144,0,262144,0
1646,0006695,262144,0,262144,0
1647,0016931,262144,0,0,262144
1648,0049882,262144,232845,29144,155
1649,0006697,262144,0,262144,0
1650,0006716,262144,0,262144,0
1651,0006719,262144,0,262144,0
1652,0028418,262144,232816,25588,3740
1653,0006720,262144,0,262144,0
1654,0006741,262144,0,262144,0
1655,0016932,262144,0,0,262144
1656,0006742,262144,0,262144,0
1657,0034157,262144,232814,28236,1094
1658,0006743,262144,0,262144,0
1659,0006744,262144,0,262144,0
1660,0006747,262144,0,262144,0
1661,0056928,262144,232782,0,29362
1662,0006769,262144,0,262144,0
1663,0006770,262144,0,262144,0
1664,0016933,262144,0,0,262144
1665,0006772,262144,0,262144,0
1666,0033576,262144,232777,28897,470
1667,0006789,262144,0,262144,0
1668,0006816,262144,0,262144,0
1669,0006819,262144,0,262144,0
1670,0061009,262144,232777,28874,493
1671,0006834,262144,0,262144,0
1672,0016935,262144,0,0,262144
1673,0006835,262144,0,262144,0
1674,0006836,262144,0,262144,0
1675,0014489,262144,232776,26625,2743
1676,0006837,262144,0,262144,0
1677,0006842,262144,0,262144,0
1678,0015605,262144,232747,29397,0
1679,0006843,262144,0,262144,0
1680,0016936,262144,0,0,262144
1681,0006857,262144,0,262144,0
1682,0006858,262144,0,262144,0
1683,0031933,262144,232747,29397,0
1684,0006884,262144,0,262144,0
1685,0006891,262144,0,262144,0
1686,0006899,262144,0,262144,0
1687,0009461,262144,232737,26113,3294
1688,0006905,262144,0,262144,0
1689,0016937,262144,0,0,262144
1690,0006906,262144,0,262144,0
1691,0006907,262144,0,262144,0
1692,0009600,262144,232737,27699,1708
1693,0006909,262144,0,262144,0
1694,0006911,262144,0,262144,0
1695,0006913,262144,0,262144,0
1696,0026635,262144,232726,29418,0
1697,0016959,262144,0,0,262144
1698,0006914,262144,0,262144,0
1699,0006917,262144,0,262144,0
1700,0006927,262144,0,262144,0
1701,0032413,262144,232725,28974,445
1702,0006928,262144,0,262144,0
1703,0006930,262144,0,262144,0
1704,0016960,262144,0,0,262144
1705,0006931,262144,0,262144,0
1706,0054229,262144,232724,29334,86
1707,0006932,262144,0,262144,0
1708,0006934,262144,0,262144,0
1709,0006935,262144,0,262144,0
1710,0054273,262144,232724,29334,86
1711,0006936,262144,0,262144,0
1712,0006951,262144,0,262144,0
1713,0016961,262144,0,0,262144
1714,0006954,262144,0,262144,0
1715,0001724,262144,232722,29422,0
1716,0006955,262144,0,262144,0
1717,0006957,262144,0,262144,0
1718,0001792,262144,232722,29422,0
1719,0006959,262144,0,262144,0
1720,0007339,262144,0,262144,0
1721,0016962,262144,0,0,262144
1722,0007344,262144,0,262144,0
1723,0018594,262144,232706,29438,0
1724,0007362,262144,0,262144,0
1725,0007408,262144,0,262144,0
1726,0007411,262144,0,262144,0
1727,0037044,262144,232706,0,29438
1728,0007432,262144,0,262144,0
1729,0007453,262144,0,262144,0
1730,0016963,262144,0,0,262144
1731,0007454,262144,0,262144,0
1732,0037293,262144,232706,0,29438
1733,0007477,262144,0,262144,0
1734,0007486,262144,0,262144,0
1735,0007500,262144,0,262144,0
1736,0037504,262144,232706,0,29438
1737,0007548,262144,0,262144,0
1738,0007624,262144,0,262144,0
1739,0007626,262144,0,262144,0
1740,0016964,262144,0,0,262144
1741,0037713,262144,232706,0,29438
1742,0007660,262144,0,262144,0
1743,0007669,262144,0,262144,0
1744,0007676,262144,0,262144,0
1745,0037956,262144,232706,0,29438
1746,0007677,262144,0,262144,0
1747,0007688,262144,0,262144,0
1748,0007690,262144,0,262144,0
1749,0031944,262144,232705,29304,135
1750,0016965,262144,0,0,262144
1751,0007693,262144,0,262144,0
1752,0007695,262144,0,262144,0
1753,0007712,262144,0,262144,0
1754,0032791,262144,232662,26642,2840
1755,0007713,262144,0,262144,0
1756,0007714,262144,0,262144,0
1757,0007716,262144,0,262144,0
1758,0016966,262144,0,0,262144
1759,0024590,262144,232647,29497,0
1760,0007718,262144,0,262144,0
1761,0007724,262144,0,262144,0
1762,0007734,262144,0,262144,0
1763,0010073,262144,232633,29405,106
1764,0007735,262144,0,262144,0
1765,0007736,262144,0,262144,0
1766,0016970,262144,0,0,262144
1767,0007737,262144,0,262144,0
1768,0001118,262144,232629,29515,0
1769,0007739,262144,0,262144,0
1770,0007740,262144,0,262144,0
1771,0007741,262144,0,262144,0
1772,0029696,262144,232623,29521,0
1773,0007743,262144,0,262144,0
1774,0016982,262144,0,0,262144
1775,0007745,262144,0,262144,0
1776,0007747,262144,0,262144,0
1777,0030206,262144,232623,29521,0
1778,0007748,262144,0,262144,0
1779,0007751,262144,0,262144,0
1780,0014583,262144,232597,29547,0
1781,0007752,262144,0,262144,0
1782,0016996,262144,0,0,262144
1783,0007753,262144,0,262144,0
1784,0007754,262144,0,262144,0
1785,0014955,262144,232597,29547,0
1786,0007755,262144,0,262144,0
1787,0007756,262144,0,262144,0
1788,0007757,262144,0,262144,0
1789,0015232,262144,232597,29547,0
1790,0016997,262144,0,0,262144
1791,0007758,262144,0,262144,0
1792,0007759,262144,0,262144,0
1793,0007760,262144,0,262144,0
1794,0015347,262144,232597,29547,0
1795,0007762,262144,0,262144,0
1796,0007764,262144,0,262144,0
1797,0007766,262144,0,262144,0
1798,0016998,262144,0,0,262144
1799,0015390,262144,232591,29549,4
1800,0007769,262144,0,262144,0
1801,0007770,262144,0,262144,0
1802,0007771,262144,0,262144,0
1803,0015475,262144,232591,29549,4
1804,0007772,262144,0,262144,0
1805,0007773,262144,0,262144,0
1806,0016999,262144,0,0,262144
1807,0007775,262144,0,262144,0
1808,0032063,262144,232567,29577,0
1809,0007776,262144,0,262144,0
1810,0007777,262144,0,262144,0
1811,0007778,262144,0,262144,0
1812,0015858,262144,232549,29184,411
1813,0007779,262144,0,262144,0
1814,0017000,262144,0,0,262144
1815,0007780,262144,0,262144,0
1816,0007781,262144,0,262144,0
1817,0036004,262144,232548,19891,9705
1818,0007782,262144,0,262144,0
1819,0007783,262144,0,262144,0
1820,0022473,262144,232546,29302,296
1821,0007785,262144,0,262144,0
1822,0007787,262144,0,262144,0
1823,0017001,262144,0,0,262144
1824,0007792,262144,0,262144,0
1825,0023033,262144,232546,29302,296
1826,0007796,262144,0,262144,0
1827,0007798,262144,0,262144,0
1828,0007799,262144,0,262144,0
1829,0049877,262144,232537,29607,0
1830,0007800,262144,0,262144,0
1831,0017003,262144,0,0,262144
1832,0007801,262144,0,262144,0
1833,0007802,262144,0,262144,0
1834,0038699,262144,232535,29609,0
1835,0007803,262144,0,262144,0
1836,0007804,262144,0,262144,0
1837,0007805,262144,0,262144,0
1838,0015628,262144,232531,29613,0
1839,0017004,262144,0,0,262144
1840,0007806,262144,0,262144,0
1841,0007809,262144,0,262144,0
1842,0007812,262144,0,262144,0
1843,0051628,262144,232523,28318,1303
1844,0007819,262144,0,262144,0
1845,0007820,262144,0,262144,0
1846,0007821,262144,0,262144,0
1847,0017005,262144,0,0,262144
1848,0051770,262144,232523,28318,1303
1849,0007822,262144,0,262144,0
1850,0007823,262144,0,262144,0
1851,0007824,262144,0,262144,0
1852,0029552,262144,232497,29647,0
1853,0007825,262144,0,262144,0
1854,0007826,262144,0,262144,0
1855,0017021,262144,0,0,262144
1856,0007827,262144,0,262144,0
1857,0030062,262144,232497,29647,0
1858,0007828,262144,0,262144,0
1859,0007832,262144,0,262144,0
1860,0017532,262144,232465,0,29679
1861,0007835,262144,0,262144,0
1862,0007843,262144,0,262144,0
1863,0007848,262144,0,262144,0
1864,0017023,262144,0,0,262144
1865,0049901,262144,232463,15744,13937
1866,0007849,262144,0,262144,0
1867,0007854,262144,0,262144,0
1868,0007872,262144,0,262144,0
1869,0054647,262144,232459,7215,22470
1870,0007874,262144,0,262144,0
1871,0007875,262144,0,262144,0
1872,0007904,262144,0,262144,0
1873,0017024,262144,0,0,262144
1874,0044961,262144,232457,29687,0
1875,0007905,262144,0,262144,0
1876,0007906,262144,0,262144,0
1877,0007908,262144,0,262144,0
1878,0034646,262144,232447,27521,2176
1879,0007915,262144,0,262144,0
1880,0007916,262144,0,262144,0
1881,0017025,262144,0,0,262144
1882,0007924,262144,0,262144,0
1883,0019882,262144,232442,29652,50
1884,0007927,262144,0,262144,0
1885,0007928,262144,0,262144,0
1886,0007929,262144,0,262144,0
1887,0012653,262144,232431,29713,0
1888,0007930,262144,0,262144,0
1889,0017026,262144,0,0,262144
1890,0007931,262144,0,262144,0
1891,0007935,262144,0,262144,0
1892,0038222,262144,232431,28410,1303
1893,0007936,262144,0,262144,0
1894,0007937,262144,0,262144,0
1895,0007938,262144,0,262144,0
1896,0048902,262144,232416,4358,25370
1897,0007942,262144,0,262144,0
1898,0017027,262144,0,0,262144
1899,0007943,262144,0,262144,0
1900,0007944,262144,0,262144,0
1901,0048988,262144,232416,2935,26793
1902,0007950,262144,0,262144,0
1903,0007952,262144,0,262144,0
1904,0007953,262144,0,262144,0
1905,0049074,262144,232416,1174,28554
1906,0007957,262144,0,262144,0
1907,0007959,262144,0,262144,0
1908,0017028,262144,0,0,262144
1909,0007960,262144,0,262144,0
1910,0034859,262144,232396,29744,4
1911,0007961,262144,0,262144,0
1912,0007962,262144,0,262144,0
1913,0007963,262144,0,262144,0
1914,0000801,262144,232371,0,29773
1915,0007964,262144,0,262144,0
1916,0007967,262144,0,262144,0
1917,0017029,262144,0,0,262144
1918,0007969,262144,0,262144,0
1919,0057508,262144,232368,29776,0
1920,0007973,262144,0,262144,0
1921,0007974,262144,0,262144,0
1922,0007975,262144,0,262144,0
1923,0043445,262144,232362,29782,0
1924,0007978,262144,0,262144,0
1925,0017030,262144,0,0,262144
1926,0007980,262144,0,262144,0
1927,0043843,262144,232362,29782,0
1928,0007982,262144,0,262144,0
1929,0007983,262144,0,262144,0
1930,0007984,262144,0,262144,0
1931,0024362,262144,232359,29785,0
1932,0007986,262144,0,262144,0
1933,0017031,262144,0,0,262144
1934,0007987,262144,0,262144,0
1935,0007988,262144,0,262144,0
1936,0024471,262144,232359,29785,0
1937,0007989,262144,0,262144,0
1938,0007990,262144,0,262144,0
1939,0007992,262144,0,262144,0
1940,0052390,262144,232357,29407,380
1941,0008000,262144,0,262144,0
1942,0017032,262144,0,0,262144
1943,0008001,262144,0,262144,0
1944,0008002,262144,0,262144,0
1945,0037095,262144,232355,29789,0
1946,0008003,262144,0,262144,0
1947,0008005,262144,0,262144,0
1948,0008006,262144,0,262144,0
1949,0050865,262144,232327,29817,0
1950,0017034,262144,0,0,262144
1951,0008007,262144,0,262144,0
1952,0008008,262144,0,262144,0
1953,0008009,262144,0,262144,0
1954,0030872,262144,232323,29821,0
1955,0008010,262144,0,262144,0
1956,0008011,262144,0,262144,0
1957,0017035,262144,0,0,262144
1958,0008012,262144,0,262144,0
1959,0002496,262144,232321,29823,0
1960,0008013,262144,0,262144,0
1961,0008022,262144,0,262144,0
1962,0002004,262144,232314,29830,0
1963,0008023,262144,0,262144,0
1964,0008024,262144,0,262144,0
1965,0017036,262144,0,0,262144
1966,0008025,262144,0,262144,0
1967,0033726,262144,232270,26549,3325
1968,0008026,262144,0,262144,0
1969,0008028,262144,0,262144,0
1970,0008029,262144,0,262144,0
1971,0050968,262144,232265,29879,0
1972,0008030,262144,0,262144,0
1973,0008031,262144,0,262144,0
1974,0017056,262144,0,0,262144
1975,0008032,262144,0,262144,0
1976,0011654,262144,232264,29686,194
1977,0008033,262144,0,262144,0
1978,0008034,262144,0,262144,0
1979,0008035,262144,0,262144,0
1980,0044944,262144,232262,29882,0
1981,0008036,262144,0,262144,0
1982,0017058,262144,0,0,262144
1983,0008061,262144,0,262144,0
1984,0008063,262144,0,262144,0
1985,0046067,262144,232251,29893,0
1986,0008097,262144,0,262144,0
1987,0008106,262144,0,262144,0
1988,0008113,262144,0,262144,0
1989,0046319,262144,232251,29893,0
1990,0017059,262144,0,0,262144
1991,0008114,262144,0,262144,0
1992,0008125,262144,0,262144,0
1993,0008127,262144,0,262144,0
1994,0046571,262144,232251,29893,0
1995,0008130,262144,0,262144,0
1996,0008132,262144,0,262144,0
1997,0017060,262144,0,0,262144
1998,0008149,262144,0,262144,0
1999,0046823,262144,232251,29893,0
2000,0008150,262144,0,262144,0
2001,0008151,262144,0,262144,0
2002,0047075,262144,232251,29893,0
2003,0008153,262144,0,262144,0
2004,0008155,262144,0,262144,0
2005,0008161,262144,0,262144,0
2006,0017061,262144,0,0,262144
2007,0047327,262144,232251,29893,0
2008,0008171,262144,0,262144,0
2009,0008172,262144,0,262144,0
2010,0008173,262144,0,262144,0
2011,0047579,262144,232251,29893,0
2012,0008174,262144,0,262144,0
2013,0008176,262144,0,262144,0
2014,0017062,262144,0,0,262144
2015,0008177,262144,0,262144,0
2016,0047831,262144,232251,29893,0
2017,0008178,262144,0,262144,0
2018,0008184,262144,0,262144,0
2019,0008185,262144,0,262144,0
2020,0051146,262144,232246,29156,742
2021,0008188,262144,0,262144,0
2022,0017063,262144,0,0,262144
2023,0008189,262144,0,262144,0
2024,0008190,262144,0,262144,0
2025,0051365,262144,232246,29156,742
2026,0008191,262144,0,262144,0
2027,0008192,262144,0,262144,0
2028,0008193,262144,0,262144,0
2029,0041460,262144,232233,12622,17289
2030,0008194,262144,0,262144,0
2031,0017064,262144,0,0,262144
2032,0008195,262144,0,262144,0
2033,0008196,262144,0,262144,0
2034,0032760,262144,232224,29297,623
2035,0008197,262144,0,262144,0
2036,0008199,262144,0,262144,0
2037,0008201,262144,0,262144,0
2038,0035642,262144,232222,29922,0
2039,0017065,262144,0,0,262144
2040,0008203,262144,0,262144,0
2041,0008206,262144,0,262144,0
2042,0035662,262144,232222,29922,0
2043,0008207,262144,0,262144,0
2044,0008208,262144,0,262144,0
2045,0008209,262144,0,262144,0
2046,0036471,262144,232203,29941,0
2047,0017066,262144,0,0,262144
2048,0008210,262144,0,262144,0
2049,0008212,262144,0,262144,0
2050,0008213,262144,0,262144,0
2051,0015947,262144,232201,29943,0
2052,0008214,262144,0,262144,0
2053,0008215,262144,0,262144,0
2054,0008216,262144,0,262144,0
2055,0017067,262144,0,0,262144
2056,0007080,262144,232192,29952,0
2057,0008217,262144,0,262144,0
2058,0008218,262144,0,262144,0
2059,0008219,262144,0,262144,0
2060,0007182,262144,232192,29952,0
2061,0008220,262144,0,262144,0
2062,0008222,262144,0,262144,0
2063,0017068,262144,0,0,262144
2064,0008224,262144,0,262144,0
2065,0020431,262144,232148,29996,0
2066,0008229,262144,0,262144,0
2067,0008233,262144,0,262144,0
2068,0008235,262144,0,262144,0
2069,0053622,262144,232130,30014,0
2070,0008236,262144,0,262144,0
2071,0017069,262144,0,0,262144
2072,0008237,262144,0,262144,0
2073,0008238,262144,0,262144,0
2074,0052864,262144,232123,30021,0
2075,0008239,262144,0,262144,0
2076,0008240,262144,0,262144,0
2077,0054669,262144,232116,21989,8039
2078,0008241,262144,0,262144,0
2079,0017070,262144,0,0,262144
2080,0008242,262144,0,262144,0
2081,0008243,262144,0,262144,0
2082,0014546,262144,232089,29845,210
2083,0008246,262144,0,262144,0
2084,0008249,262144,0,262144,0
2085,0008256,262144,0,262144,0
2086,0005662,262144,232083,30061,0
2087,0008257,262144,0,262144,0
2088,0017078,262144,0,0,262144
2089,0008258,262144,0,262144,0
2090,0008259,262144,0,262144,0
2091,0000062,262144,232082,27596,2466
2092,0008260,262144,0,262144,0
2093,0008261,262144,0,262144,0
2094,0008262,262144,0,262144,0
2095,0029679,262144,232082,30062,0
2096,0017089,262144,0,0,262144
2097,0008263,262144,0,262144,0
2098,0008264,262144,0,262144,0
2099,0008265,262144,0,262144,0
2100,0030189,262144,232082,30062,0
2101,0008269,262144,0,262144,0
2102,0008272,262144,0,262144,0
2103,0017091,262144,0,0,262144
2104,0008280,262144,0,262144,0
2105,0038751,262144,232072,30072,0
2106,0008285,262144,0,262144,0
2107,0008286,262144,0,262144,0
2108,0008291,262144,0,262144,0
2109,0002548,262144,232046,30038,60
2110,0008309,262144,0,262144,0
2111,0008311,262144,0,262144,0
2112,0017092,262144,0,0,262144
2113,0008312,262144,0,262144,0
2114,0035463,262144,232040,30104,0
2115,0008341,262144,0,262144,0
2116,0008342,262144,0,262144,0
2117,0042325,262144,232033,11172,18939
2118,0008343,262144,0,262144,0
2119,0008345,262144,0,262144,0
2120,0017093,262144,0,0,262144
2121,0008352,262144,0,262144,0
2122,0027407,262144,232031,4392,25721
2123,0008353,262144,0,262144,0
2124,0008361,262144,0,262144,0
2125,0008364,262144,0,262144,0
2126,0012758,262144,232027,29975,142
2127,0008365,262144,0,262144,0
2128,0008366,262144,0,262144,0
2129,0017094,262144,0,0,262144
2130,0008367,262144,0,262144,0
2131,0033522,262144,231995,29694,455
2132,0008368,262144,0,262144,0
2133,0008372,262144,0,262144,0
2134,0008373,262144,0,262144,0
2135,0038748,262144,231990,29858,296
2136,0008374,262144,0,262144,0
2137,0017095,262144,0,0,262144
2138,0008375,262144,0,262144,0
2139,0008379,262144,0,262144,0
2140,0027144,262144,231964,0,30180
2141,0008380,262144,0,262144,0
2142,0008381,262144,0,262144,0
2143,0008387,262144,0,262144,0
2144,0045113,262144,231952,30192,0
2145,0008389,262144,0,262144,0
2146,0017096,262144,0,0,262144
2147,0008390,262144,0,262144,0
2148,0008394,262144,0,262144,0
2149,0030944,262144,231944,30200,0
2150,0008396,262144,0,262144,0
2151,0008397,262144,0,262144,0
2152,0008398,262144,0,262144,0
2153,0050439,262144,231942,30202,0
2154,0008399,262144,0,262144,0
2155,0017097,262144,0,0,262144
2156,0008400,262144,0,262144,0
2157,0008401,262144,0,262144,0
2158,0050712,262144,231942,30202,0
2159,0008404,262144,0,262144,0
2160,0008406,262144,0,262144,0
2161,0034610,262144,231921,30195,28
2162,0008410,262144,0,262144,0
2163,0017098,262144,0,0,262144
2164,0008411,262144,0,262144,0
2165,0008412,262144,0,262144,0
2166,0010736,262144,231885,28993,1266
2167,0008415,262144,0,262144,0
2168,0008417,262144,0,262144,0
2169,0008419,262144,0,262144,0
2170,0017099,262144,0,0,262144
2171,0033706,262144,231883,29135,1126
2172,0008420,262144,0,262144,0
2173,0008421,262144,0,262144,0
2174,0008423,262144,0,262144,0
2175,0054345,262144,231880,30264,0
2176,0008424,262144,0,262144,0
2177,0008425,262144,0,262144,0
2178,0017100,262144,0,0,262144
2179,0008426,262144,0,262144,0
2180,0032806,262144,231863,29241,1040
2181,0008427,262144,0,262144,0
2182,0008429,262144,0,262144,0
2183,0008437,262144,0,262144,0
2184,0056965,262144,231854,30290,0
2185,0008438,262144,0,262144,0
2186,0008439,262144,0,262144,0
2187,0017101,262144,0,0,262144
2188,0008440,262144,0,262144,0
2189,0000077,262144,231844,8871,21429
2190,0008442,262144,0,262144,0
2191,0008443,262144,0,262144,0
2192,0008444,262144,0,262144,0
2193,0018673,262144,231835,30137,172
2194,0008445,262144,0,262144,0
2195,0017102,262144,0,0,262144
2196,0008446,262144,0,262144,0
2197,0008447,262144,0,262144,0
2198,0005104,262144,231826,0,30318
2199,0008448,262144,0,262144,0
2200,0008449,262144,0,262144,0
2201,0008450,262144,0,262144,0
2202,0012912,262144,231818,10648,19678
2203,0008459,262144,0,262144,0
2204,0008460,262144,0,262144,0
2205,0017103,262144,0,0,262144
2206,0015496,262144,231807,30337,0
2207,0008461,262144,0,262144,0
2208,0008462,262144,0,262144,0
2209,0008463,262144,0,262144,0
2210,0015583,262144,231807,30337,0
2211,0008465,262144,0,262144,0
2212,0008466,262144,0,262144,0
2213,0017120,262144,0,0,262144
2214,0008467,262144,0,262144,0
2215,0016981,262144,231795,29848,501
2216,0008468,262144,0,262144,0
2217,0008469,262144,0,262144,0
2218,0008470,262144,0,262144,0
2219,0033119,262144,231766,30378,0
2220,0008471,262144,0,262144,0
2221,0017121,262144,0,0,262144
2222,0008472,262144,0,262144,0
2223,0008473,262144,0,262144,0
2224,0038393,262144,231748,29731,665
2225,0008498,262144,0,262144,0
2226,0008500,262144,0,262144,0
2227,0008534,262144,0,262144,0
2228,0035165,262144,231745,30399,0
2229,0008543,262144,0,262144,0
2230,0017123,262144,0,0,262144
2231,0008550,262144,0,262144,0
2232,0008551,262144,0,262144,0
2233,0038307,262144,231723,30001,420
2234,0008562,262144,0,262144,0
2235,0008564,262144,0,262144,0
2236,0008567,262144,0,262144,0
2237,0024242,262144,231719,30425,0
2238,0017124,262144,0,0,262144
2239,0008569,262144,0,262144,0
2240,0008586,262144,0,262144,0
2241,0014476,262144,231676,29657,811
2242,0008587,262144,0,262144,0
2243,0008588,262144,0,262144,0
2244,0008590,262144,0,262144,0
2245,0017125,262144,0,0,262144
2246,0054448,262144,231662,29352,1130
2247,0008592,262144,0,262144,0
2248,0008594,262144,0,262144,0
2249,0008598,262144,0,262144,0
2250,0032540,262144,231637,30507,0
2251,0008608,262144,0,262144,0
2252,0008609,262144,0,262144,0
2253,0017126,262144,0,0,262144
2254,0008610,262144,0,262144,0
2255,0046084,262144,231623,30019,502
2256,0008611,262144,0,262144,0
2257,0008613,262144,0,262144,0
2258,0008614,262144,0,262144,0
2259,0046336,262144,231623,30019,502
2260,0008615,262144,0,262144,0
2261,0008617,262144,0,262144,0
2262,0017127,262144,0,0,262144
2263,0008619,262144,0,262144,0
2264,0046588,262144,231623,30019,502
2265,0008621,262144,0,262144,0
2266,0008622,262144,0,262144,0
2267,0008625,262144,0,262144,0
2268,0046840,262144,231623,30019,502
2269,0008626,262144,0,262144,0
2270,0017128,262144,0,0,262144
2271,0008627,262144,0,262144,0
2272,0008628,262144,0,262144,0
2273,0047092,262144,231623,28618,1903
2274,0008629,262144,0,262144,0
2275,0008630,262144,0,262144,0
2276,0047344,262144,231623,30521,0
2277,0008631,262144,0,262144,0
2278,0017129,262144,0,0,262144
2279,0008632,262144,0,262144,0
2280,0008633,262144,0,262144,0
2281,0047596,262144,231623,30019,502
2282,0008634,262144,0,262144,0
2283,0008636,262144,0,262144,0
2284,0008638,262144,0,262144,0
2285,0047848,262144,231623,30521,0
2286,0017130,262144,0,0,262144
2287,0008640,262144,0,262144,0
2288,0008643,262144,0,262144,0
2289,0008644,262144,0,262144,0
2290,0037344,262144,231609,30535,0
2291,0008645,262144,0,262144,0
2292,0008646,262144,0,262144,0
2293,0008647,262144,0,262144,0
2294,0017131,262144,0,0,262144
2295,0045143,262144,231596,30548,0
2296,0008649,262144,0,262144,0
2297,0008650,262144,0,262144,0
2298,0008651,262144,0,262144,0
2299,0028320,262144,231565,25432,5147
2300,0008652,262144,0,262144,0
2301,0008653,262144,0,262144,0
2302,0017132,262144,0,0,262144
2303,0008654,262144,0,262144,0
2304,0027385,262144,231555,0,30589
2305,0008655,262144,0,262144,0
2306,0008656,262144,0,262144,0
2307,0008657,262144,0,262144,0
2308,0037470,262144,231550,30594,0
2309,0008659,262144,0,262144,0
2310,0008661,262144,0,262144,0
2311,0017133,262144,0,0,262144
2312,0008666,262144,0,262144,0
2313,0041072,262144,231546,28507,2091
2314,0008670,262144,0,262144,0
2315,0008672,262144,0,262144,0
2316,0033774,262144,231534,30610,0
2317,0008673,262144,0,262144,0
2318,0008674,262144,0,262144,0
2319,0017135,262144,0,0,262144
2320,0008675,262144,0,262144,0
2321,0050890,262144,231534,30610,0
2322,0008676,262144,0,262144,0
2323,0008677,262144,0,262144,0
2324,0008678,262144,0,262144,0
2325,0050249,262144,231517,27749,2878
2326,0008679,262144,0,262144,0
2327,0008680,262144,0,262144,0
2328,0017136,262144,0,0,262144
2329,0008683,262144,0,262144,0
2330,0050522,262144,231517,27749,2878
2331,0008686,262144,0,262144,0
2332,0008693,262144,0,262144,0
2333,0008694,262144,0,262144,0
2334,0050024,262144,231505,30639,0
2335,0008695,262144,0,262144,0
2336,0017137,262144,0,0,262144
2337,0008696,262144,0,262144,0
2338,0008697,262144,0,262144,0
2339,0033781,262144,231497,30647,0
2340,0008698,262144,0,262144,0
2341,0008699,262144,0,262144,0
2342,0008700,262144,0,262144,0
2343,0039339,262144,231489,30655,0
2344,0017152,262144,0,0,262144
2345,0008701,262144,0,262144,0
2346,0008702,262144,0,262144,0
2347,0008706,262144,0,262144,0
2348,0039414,262144,231489,30655,0
2349,0008709,262144,0,262144,0
2350,0008717,262144,0,262144,0
2351,0041205,262144,231468,0,30676
2352,0008722,262144,0,262144,0
2353,0017153,262144,0,0,262144
2354,0008723,262144,0,262144,0
2355,0008728,262144,0,262144,0
2356,0037149,262144,231463,18359,12322
2357,0008746,262144,0,262144,0
2358,0008748,262144,0,262144,0
2359,0008749,262144,0,262144,0
2360,0030878,262144,231457,30687,0
2361,0008778,262144,0,262144,0
2362,0017154,262144,0,0,262144
2363,0008779,262144,0,262144,0
2364,0008780,262144,0,262144,0
2365,0060367,262144,231448,30696,0
2366,0008782,262144,0,262144,0
2367,0008789,262144,0,262144,0
2368,0008790,262144,0,262144,0
2369,0017155,262144,0,0,262144
2370,0015893,262144,231427,30717,0
2371,0008798,262144,0,262144,0
2372,0008801,262144,0,262144,0
2373,0008802,262144,0,262144,0
2374,0015946,262144,231427,30717,0
2375,0008803,262144,0,262144,0
2376,0008804,262144,0,262144,0
2377,0017156,262144,0,0,262144
2378,0008805,262144,0,262144,0
2379,0006999,262144,231425,30719,0
2380,0008809,262144,0,262144,0
2381,0008810,262144,0,262144,0
2382,0008811,262144,0,262144,0
2383,0007101,262144,231425,30719,0
2384,0008812,262144,0,262144,0
2385,0017157,262144,0,0,262144
2386,0008816,262144,0,262144,0
2387,0008817,262144,0,262144,0
2388,0044616,262144,231408,30030,706
2389,0008818,262144,0,262144,0
2390,0008824,262144,0,262144,0
2391,0045628,262144,231401,28410,2333
2392,0008826,262144,0,262144,0
2393,0008827,262144,0,262144,0
2394,0017159,262144,0,0,262144
2395,0008831,262144,0,262144,0
2396,0041743,262144,231398,28219,2527
2397,0008833,262144,0,262144,0
2398,0008834,262144,0,262144,0
2399,0008835,262144,0,262144,0
2400,0060966,262144,231398,30746,0
2401,0008836,262144,0,262144,0
2402,0017160,262144,0,0,262144
2403,0008837,262144,0,262144,0
2404,0008838,262144,0,262144,0
2405,0034865,262144,231386,30758,0
2406,0008841,262144,0,262144,0
2407,0008843,262144,0,262144,0
2408,0008847,262144,0,262144,0
2409,0052037,262144,231378,30290,476
2410,0017161,262144,0,0,262144
2411,0008848,262144,0,262144,0
2412,0008849,262144,0,262144,0
2413,0008852,262144,0,262144,0
2414,0052229,262144,231378,30290,476
2415,0008854,262144,0,262144,0
2416,0008856,262144,0,262144,0
2417,0008857,262144,0,262144,0
2418,0017162,262144,0,0,262144
2419,0034475,262144,231361,30783,0
2420,0008858,262144,0,262144,0
2421,0008860,262144,0,262144,0
2422,0003887,262144,231341,30803,0
2423,0008861,262144,0,262144,0
2424,0008862,262144,0,262144,0
2425,0008863,262144,0,262144,0
2426,0017163,262144,0,0,262144
2427,0036335,262144,231334,28266,2544
2428,0008864,262144,0,262144,0
2429,0008866,262144,0,262144,0
2430,0008874,262144,0,262144,0
2431,0009990,262144,231299,30845,0
2432,0008875,262144,0,262144,0
2433,0008876,262144,0,262144,0
2434,0017164,262144,0,0,262144
2435,0008877,262144,0,262144,0
2436,0019890,262144,231287,30857,0
2437,0008879,262144,0,262144,0
2438,0008880,262144,0,262144,0
2439,0008881,262144,0,262144,0
2440,0005332,262144,231266,0,30878
2441,0008882,262144,0,262144,0
2442,0008883,262144,0,262144,0
2443,0017165,262144,0,0,262144
2444,0008884,262144,0,262144,0
2445,0061196,262144,231264,30880,0
2446,0008885,262144,0,262144,0
2447,0008886,262144,0,262144,0
2448,0008887,262144,0,262144,0
2449,0027548,262144,231246,0,30898
2450,0008896,262144,0,262144,0
2451,0008897,262144,0,262144,0
2452,0017166,262144,0,0,262144
2453,0008898,262144,0,262144,0
2454,0019712,262144,231224,21082,9838
2455,0008899,262144,0,262144,0
2456,0008900,262144,0,262144,0
2457,0008902,262144,0,262144,0
2458,0015863,262144,231202,30942,0
2459,0008903,262144,0,262144,0
2460,0017167,262144,0,0,262144
2461,0008904,262144,0,262144,0
2462,0008905,262144,0,262144,0
2463,0010798,262144,231191,30953,0
2464,0008906,262144,0,262144,0
2465,0008907,262144,0,262144,0
2466,0015962,262144,231185,30959,0
2467,0008908,262144,0,262144,0
2468,0008909,262144,0,262144,0
2469,0017168,262144,0,0,262144
2470,0008910,262144,0,262144,0
2471,0012781,262144,231174,23927,7043
2472,0008960,262144,0,262144,0
2473,0008964,262144,0,262144,0
2474,0008965,262144,0,262144,0
2475,0061073,262144,231170,30974,0
2476,0008972,262144,0,262144,0
2477,0017170,262144,0,0,262144
2478,0008984,262144,0,262144,0
2479,0008989,262144,0,262144,0
2480,0033964,262144,231136,30520,488
2481,0008990,262144,0,262144,0
2482,0008991,262144,0,262144,0
2483,0008992,262144,0,262144,0
2484,0040109,262144,231135,576,30433
2485,0008995,262144,0,262144,0
2486,0017171,262144,0,0,262144
2487,0008996,262144,0,262144,0
2488,0008997,262144,0,262144,0
2489,0040527,262144,231135,622,30387
2490,0008998,262144,0,262144,0
2491,0008999,262144,0,262144,0
2492,0009000,262144,0,262144,0
2493,0028345,262144,231130,31014,0
2494,0009001,262144,0,262144,0
2495,0017172,262144,0,0,262144
2496,0009013,262144,0,262144,0
2497,0009014,262144,0,262144,0
2498,0045600,262144,231126,31018,0
2499,0009015,262144,0,262144,0
2500,0009016,262144,0,262144,0
2501,0009019,262144,0,262144,0
2502,0038637,262144,231123,31021,0
2503,0017183,262144,0,0,262144
2504,0009020,262144,0,262144,0
2505,0009021,262144,0,262144,0
2506,0040177,262144,231117,31027,0
2507,0009022,262144,0,262144,0
2508,0009023,262144,0,262144,0
2509,0009024,262144,0,262144,0
2510,0040595,262144,231117,31027,0
2511,0017184,262144,0,0,262144
2512,0009025,262144,0,262144,0
2513,0009037,262144,0,262144,0
2514,0009039,262144,0,262144,0
2515,0055301,262144,231112,30972,60
2516,0009040,262144,0,262144,0
2517,0009043,262144,0,262144,0
2518,0009044,262144,0,262144,0
2519,0017185,262144,0,0,262144
2520,0055353,262144,231112,30972,60
2521,0009045,262144,0,262144,0
2522,0009046,262144,0,262144,0
2523,0009047,262144,0,262144,0
2524,0055404,262144,231112,30974,58
2525,0009060,262144,0,262144,0
2526,0009061,262144,0,262144,0
2527,0017186,262144,0,0,262144
2528,0009062,262144,0,262144,0
2529,0039485,262144,231101,31043,0
2530,0009064,262144,0,262144,0
2531,0009067,262144,0,262144,0
2532,0009068,262144,0,262144,0
2533,0012588,262144,231100,22326,8718
2534,0009070,262144,0,262144,0
2535,0017187,262144,0,0,262144
2536,0009071,262144,0,262144,0
2537,0009072,262144,0,262144,0
2538,0013972,262144,231096,31048,0
2539,0009080,262144,0,262144,0
2540,0009084,262144,0,262144,0
2541,0041725,262144,231095,30713,336
2542,0009085,262144,0,262144,0
2543,0009086,262144,0,262144,0
2544,0017188,262144,0,0,262144
2545,0009087,262144,0,262144,0
2546,0005664,262144,231093,28318,2733
2547,0009088,262144,0,262144,0
2548,0009089,262144,0,262144,0
2549,0009092,262144,0,262144,0
2550,0044952,262144,231080,30219,845
2551,0009094,262144,0,262144,0
2552,0017189,262144,0,0,262144
2553,0009095,262144,0,262144,0
2554,0009096,262144,0,262144,0
2555,0026121,262144,231065,31079,0
2556,0009104,262144,0,262144,0
2557,0009108,262144,0,262144,0
2558,0009109,262144,0,262144,0
2559,0044888,262144,231047,31097,0
2560,0017190,262144,0,0,262144
2561,0009110,262144,0,262144,0
2562,0009111,262144,0,262144,0
2563,0009112,262144,0,262144,0
2564,0051040,262144,231046,31098,0
2565,0009113,262144,0,262144,0
2566,0009114,262144,0,262144,0
2567,0009116,262144,0,262144,0
2568,0033887,262144,231045,31099,0
2569,0017191,262144,0,0,262144
2570,0009117,262144,0,262144,0
2571,0009118,262144,0,262144,0
2572,0044376,262144,231037,14621,16486
2573,0009119,262144,0,262144,0
2574,0009120,262144,0,262144,0
2575,0009121,262144,0,262144,0
2576,0017192,262144,0,0,262144
2577,0041579,262144,231027,27779,3338
2578,0009122,262144,0,262144,0
2579,0009128,262144,0,262144,0
2580,0009133,262144,0,262144,0
2581,0009968,262144,230992,31152,0
2582,0009134,262144,0,262144,0
2583,0009135,262144,0,262144,0
2584,0017194,262144,0,0,262144
2585,0009136,262144,0,262144,0
2586,0001477,262144,230966,31178,0
2587,0009137,262144,0,262144,0
2588,0009138,262144,0,262144,0
2589,0009140,262144,0,262144,0
2590,0036795,262144,230956,31188,0
2591,0009152,262144,0,262144,0
2592,0009156,262144,0,262144,0
2593,0017195,262144,0,0,262144
2594,0009157,262144,0,262144,0
2595,0033948,262144,230952,31192,0
2596,0009158,262144,0,262144,0
2597,0009159,262144,0,262144,0
2598,0009160,262144,0,262144,0
2599,0007060,262144,230910,31234,0
2600,0009161,262144,0,262144,0
2601,0017196,262144,0,0,262144
2602,0009162,262144,0,262144,0
2603,0009163,262144,0,262144,0
2604,0007162,262144,230910,31234,0
2605,0009167,262144,0,262144,0
2606,0009169,262144,0,262144,0
2607,0027204,262144,230910,0,31234
2608,0009176,262144,0,262144,0
2609,0009180,262144,0,262144,0
2610,0017197,262144,0,0,262144
2611,0009181,262144,0,262144,0
2612,0012777,262144,230900,31238,6
2613,0009182,262144,0,262144,0
2614,0009183,262144,0,262144,0
2615,0009184,262144,0,262144,0
2616,0038403,262144,230895,18932,12317
2617,0009185,262144,0,262144,0
2618,0017198,262144,0,0,262144
2619,0009186,262144,0,262144,0
2620,0009187,262144,0,262144,0
2621,0040343,262144,230893,0,31251
2622,0009188,262144,0,262144,0
2623,0009190,262144,0,262144,0
2624,0009191,262144,0,262144,0
2625,0040761,262144,230893,0,31251
2626,0009194,262144,0,262144,0
2627,0009200,262144,0,262144,0
2628,0017199,262144,0,0,262144
2629,0009204,262144,0,262144,0
2630,0002571,262144,230887,31253,4
2631,0009205,262144,0,262144,0
2632,0009206,262144,0,262144,0
2633,0009207,262144,0,262144,0
2634,0048247,262144,230871,0,31273
2635,0009208,262144,0,262144,0
2636,0009210,262144,0,262144,0
2637,0017200,262144,0,0,262144
2638,0009211,262144,0,262144,0
2639,0048389,262144,230871,0,31273
2640,0009212,262144,0,262144,0
2641,0009213,262144,0,262144,0
2642,0009214,262144,0,262144,0
2643,0048573,262144,230871,0,31273
2644,0009215,262144,0,262144,0
2645,0009216,262144,0,262144,0
2646,0009217,262144,0,262144,0
2647,0015940,262144,230870,31145,129
2648,0017201,262144,0,0,262144
2649,0009218,262144,0,262144,0
2650,0009219,262144,0,262144,0
2651,0009224,262144,0,262144,0
2652,0045577,262144,230858,29042,2244
2653,0009228,262144,0,262144,0
2654,0009229,262144,0,262144,0
2655,0017202,262144,0,0,262144
2656,0009230,262144,0,262144,0
2657,0009922,262144,230841,31303,0
2658,0009231,262144,0,262144,0
2659,0009232,262144,0,262144,0
2660,0030475,262144,230831,31313,0
2661,0009233,262144,0,262144,0
2662,0009234,262144,0,262144,0
2663,0017203,262144,0,0,262144
2664,0009235,262144,0,262144,0
2665,0017502,262144,230826,25685,5633
2666,0009236,262144,0,262144,0
2667,0009237,262144,0,262144,0
2668,0009248,262144,0,262144,0
2669,0054358,262144,230824,25628,5692
2670,0009252,262144,0,262144,0
2671,0009253,262144,0,262144,0
2672,0017205,262144,0,0,262144
2673,0009254,262144,0,262144,0
2674,0024618,262144,230823,28101,3220
2675,0009255,262144,0,262144,0
2676,0009256,262144,0,262144,0
2677,0009257,262144,0,262144,0
2678,0045246,262144,230803,31213,128
2679,0009258,262144,0,262144,0
2680,0017206,262144,0,0,262144
2681,0009259,262144,0,262144,0
2682,0009277,262144,0,262144,0
2683,0045332,262144,230803,31213,128
2684,0009278,262144,0,262144,0
2685,0009279,262144,0,262144,0
2686,0009280,262144,0,262144,0
2687,0035650,262144,230787,27946,3411
2688,0009281,262144,0,262144,0
2689,0017207,262144,0,0,262144
2690,0009282,262144,0,262144,0
2691,0009296,262144,0,262144,0
2692,0017386,262144,230763,11543,19838
2693,0009300,262144,0,262144,0
2694,0009302,262144,0,262144,0
2695,0011684,262144,230759,27522,3863
2696,0009304,262144,0,262144,0
2697,0017216,262144,0,0,262144
2698,0009305,262144,0,262144,0
2699,0009308,262144,0,262144,0
2700,0050076,262144,230756,30389,999
2701,0009318,262144,0,262144,0
2702,0009320,262144,0,262144,0
2703,0009324,262144,0,262144,0
2704,0053676,262144,230754,31390,0
2705,0009326,262144,0,262144,0
2706,0017217,262144,0,0,262144
2707,0009327,262144,0,262144,0
2708,0009328,262144,0,262144,0
2709,0056713,262144,230733,31411,0
2710,0009329,262144,0,262144,0
2711,0009332,262144,0,262144,0
2712,0009342,262144,0,262144,0
2713,0017774,262144,230705,0,31439
2714,0009344,262144,0,262144,0
2715,0017218,262144,0,0,262144
2716,0009348,262144,0,262144,0
2717,0009350,262144,0,262144,0
2718,0003723,262144,230694,31450,0
2719,0009351,262144,0,262144,0
2720,0009352,262144,0,262144,0
2721,0009356,262144,0,262144,0
2722,0056476,262144,230686,31458,0
2723,0017219,262144,0,0,262144
2724,0009368,262144,0,262144,0
2725,0009372,262144,0,262144,0
2726,0009373,262144,0,262144,0
2727,0034703,262144,230681,31463,0
2728,0009374,262144,0,262144,0
2729,0009375,262144,0,262144,0
2730,0017220,262144,0,0,262144
2731,0028538,262144,230667,30799,678
2732,0009376,262144,0,262144,0
2733,0009380,262144,0,262144,0
2734,0009390,262144,0,262144,0
2735,0012706,262144,230663,30845,636
2736,0009392,262144,0,262144,0
2737,0009396,262144,0,262144,0
2738,0017221,262144,0,0,262144
2739,0009397,262144,0,262144,0
2740,0045169,262144,230657,23108,8379
2741,0009398,262144,0,262144,0
2742,0009399,262144,0,262144,0
2743,0009404,262144,0,262144,0
2744,0036150,262144,230648,31496,0
2745,0009734,262144,0,262144,0
2746,0009744,262144,0,262144,0
2747,0017222,262144,0,0,262144
2748,0009745,262144,0,262144,0
2749,0032612,262144,230639,31485,20
2750,0009746,262144,0,262144,0
2751,0009758,262144,0,262144,0
2752,0010180,262144,0,262144,0
2753,0052253,262144,230632,16522,14990
2754,0010219,262144,0,262144,0
2755,0017223,262144,0,0,262144
2756,0010238,262144,0,262144,0
2757,0010241,262144,0,262144,0
2758,0044360,262144,230604,31540,0
2759,0010402,262144,0,262144,0
2760,0010443,262144,0,262144,0
2761,0010371,262144,230591,29822,1731
2762,0010461,262144,0,262144,0
2763,0010469,262144,0,262144,0
2764,0017224,262144,0,0,262144
2765,0010483,262144,0,262144,0
2766,0024402,262144,230590,31004,550
2767,0010491,262144,0,262144,0
2768,0010525,262144,0,262144,0
2769,0010906,262144,0,262144,0
2770,0024511,262144,230590,31004,550
2771,0011264,262144,0,262144,0
2772,0017225,262144,0,0,262144
2773,0011278,262144,0,262144,0
2774,0011475,262144,0,262144,0
2775,0041113,262144,230587,31479,78
2776,0011511,262144,0,262144,0
2777,0011666,262144,0,262144,0
2778,0011667,262144,0,262144,0
2779,0050891,262144,230587,31557,0
2780,0017268,262144,0,0,262144
2781,0011704,262144,0,262144,0
2782,0011722,262144,0,262144,0
2783,0011741,262144,0,262144,0
2784,0040455,262144,230561,31583,0
2785,0011760,262144,0,262144,0
2786,0011846,262144,0,262144,0
2787,0017269,262144,0,0,262144
2788,0011848,262144,0,262144,0
2789,0040873,262144,230561,31583,0
2790,0011881,262144,0,262144,0
2791,0011884,262144,0,262144,0
2792,0033699,262144,230550,21683,9911
2793,0011897,262144,0,262144,0
2794,0011898,262144,0,262144,0
2795,0011919,262144,0,262144,0
2796,0017270,262144,0,0,262144
2797,0031863,262144,230546,30538,1060
2798,0011921,262144,0,262144,0
2799,0011946,262144,0,262144,0
2800,0011980,262144,0,262144,0
2801,0045503,262144,230544,13792,17808
2802,0011985,262144,0,262144,0
2803,0012005,262144,0,262144,0
2804,0012020,262144,0,262144,0
2805,0017271,262144,0,0,262144
2806,0024016,262144,230535,20013,11596
2807,0012036,262144,0,262144,0
2808,0012051,262144,0,262144,0
2809,0012068,262144,0,262144,0
2810,0034619,262144,230532,29845,1767
2811,0012154,262144,0,262144,0
2812,0012272,262144,0,262144,0
2813,0017272,262144,0,0,262144
2814,0012290,262144,0,262144,0
2815,0012803,262144,230500,30266,1378
2816,0012291,262144,0,262144,0
2817,0012415,262144,0,262144,0
2818,0012436,262144,0,262144,0
2819,0037443,262144,230484,0,31660
2820,0012570,262144,0,262144,0
2821,0012661,262144,0,262144,0
2822,0017273,262144,0,0,262144
2823,0012676,262144,0,262144,0
2824,0016985,262144,230475,0,31669
2825,0012711,262144,0,262144,0
2826,0012712,262144,0,262144,0
2827,0012714,262144,0,262144,0
2828,0033550,262144,230463,31611,70
2829,0012715,262144,0,262144,0
2830,0012970,262144,0,262144,0
2831,0017275,262144,0,0,262144
2832,0013038,262144,0,262144,0
2833,0039667,262144,230462,16498,15184
2834,0013218,262144,0,262144,0
2835,0013219,262144,0,262144,0
2836,0060714,262144,230439,31705,0
2837,0013220,262144,0,262144,0
2838,0013221,262144,0,262144,0
2839,0013226,262144,0,262144,0
2840,0017276,262144,0,0,262144
2841,0015866,262144,230427,21473,10244
2842,0013227,262144,0,262144,0
2843,0013241,262144,0,262144,0
2844,0013242,262144,0,262144,0
2845,0041830,262144,230421,19220,12503
2846,0013247,262144,0,262144,0
2847,0013248,262144,0,262144,0
2848,0017277,262144,0,0,262144
2849,0013268,262144,0,262144,0
2850,0019918,262144,230380,31185,579
2851,0013269,262144,0,262144,0
2852,0013282,262144,0,262144,0
2853,0013311,262144,0,262144,0
2854,0002492,262144,230377,31767,0
2855,0013318,262144,0,262144,0
2856,0013337,262144,0,262144,0
2857,0017301,262144,0,0,262144
2858,0013355,262144,0,262144,0
2859,0028363,262144,230377,31767,0
2860,0013358,262144,0,262144,0
2861,0013407,262144,0,262144,0
2862,0013414,262144,0,262144,0
2863,0033121,262144,230358,30212,1574
2864,0013415,262144,0,262144,0
2865,0017302,262144,0,0,262144
2866,0013421,262144,0,262144,0
2867,0013437,262144,0,262144,0
2868,0061147,262144,230342,31802,0
2869,0013450,262144,0,262144,0
2870,0013482,262144,0,262144,0
2871,0018633,262144,230337,31807,0
2872,0013496,262144,0,262144,0
2873,0017303,262144,0,0,262144
2874,0013502,262144,0,262144,0
2875,0013596,262144,0,262144,0
2876,0033892,262144,230265,31021,858
2877,0013597,262144,0,262144,0
2878,0013598,262144,0,262144,0
2879,0013599,262144,0,262144,0
2880,0032141,262144,230250,31343,551
2881,0017304,262144,0,0,262144
2882,0013604,262144,0,262144,0
2883,0013605,262144,0,262144,0
2884,0013619,262144,0,262144,0
2885,0040019,262144,230228,31916,0
2886,0013620,262144,0,262144,0
2887,0013625,262144,0,262144,0
2888,0013626,262144,0,262144,0
2889,0017305,262144,0,0,262144
2890,0011651,262144,230213,31881,50
2891,0013635,262144,0,262144,0
2892,0013646,262144,0,262144,0
2893,0013647,262144,0,262144,0
2894,0039679,262144,230202,31323,619
2895,0013660,262144,0,262144,0
2896,0013667,262144,0,262144,0
2897,0017307,262144,0,0,262144
2898,0050277,262144,230190,31954,0
2899,0013689,262144,0,262144,0
2900,0013696,262144,0,262144,0
2901,0013715,262144,0,262144,0
2902,0050550,262144,230190,31954,0
2903,0013717,262144,0,262144,0
2904,0013729,262144,0,262144,0
2905,0017308,262144,0,0,262144
2906,0013733,262144,0,262144,0
2907,0017805,262144,230172,0,31972
2908,0013736,262144,0,262144,0
2909,0013778,262144,0,262144,0
2910,0013779,262144,0,262144,0
2911,0026305,262144,230168,30283,1693
2912,0013781,262144,0,262144,0
2913,0013782,262144,0,262144,0
2914,0017309,262144,0,0,262144
2915,0013783,262144,0,262144,0
2916,0019834,262144,230152,201,31791
2917,0013785,262144,0,262144,0
2918,0013792,262144,0,262144,0
2919,0013793,262144,0,262144,0
2920,0032597,262144,230144,31908,92
2921,0013799,262144,0,262144,0
2922,0013815,262144,0,262144,0
2923,0017334,262144,0,0,262144
2924,0013824,262144,0,262144,0
2925,0050038,262144,230126,29932,2086
2926,0013860,262144,0,262144,0
2927,0013874,262144,0,262144,0
2928,0014113,262144,0,262144,0
2929,0012381,262144,230123,30676,1345
2930,0014118,262144,0,262144,0
2931,0017335,262144,0,0,262144
2932,0014119,262144,0,262144,0
2933,0057129,262144,230117,32027,0
2934,0014139,262144,0,262144,0
2935,0014160,262144,0,262144,0
2936,0014174,262144,0,262144,0
2937,0027109,262144,230114,0,32030
2938,0014181,262144,0,262144,0
2939,0014210,262144,0,262144,0
2940,0017336,262144,0,0,262144
2941,0014229,262144,0,262144,0
2942,0035362,262144,230101,32043,0
2943,0014231,262144,0,262144,0
2944,0014243,262144,0,262144,0
2945,0014247,262144,0,262144,0
2946,0002595,262144,230085,22763,9296
2947,0014250,262144,0,262144,0
2948,0014296,262144,0,262144,0
2949,0017337,262144,0,0,262144
2950,0014306,262144,0,262144,0
2951,0032409,262144,230081,31500,563
2952,0014307,262144,0,262144,0
2953,0014329,262144,0,262144,0
2954,0014338,262144,0,262144,0
2955,0002619,262144,230076,32068,0
2956,0014374,262144,0,262144,0
2957,0017339,262144,0,0,262144
2958,0014388,262144,0,262144,0
2959,0014398,262144,0,262144,0
2960,0002627,262144,230076,32068,0
2961,0014505,262144,0,262144,0
2962,0014561,262144,0,262144,0
2963,0014673,262144,0,262144,0
2964,0026490,262144,230054,32090,0
2965,0017340,262144,0,0,262144
2966,0014674,262144,0,262144,0
2967,0014675,262144,0,262144,0
2968,0026523,262144,230054,32090,0
2969,0014677,262144,0,262144,0
2970,0014679,262144,0,262144,0
2971,0014683,262144,0,262144,0
2972,0032539,262144,230047,32097,0
2973,0014694,262144,0,262144,0
2974,0017341,262144,0,0,262144
2975,0014706,262144,0,262144,0
2976,0014726,262144,0,262144,0
2977,0007057,262144,230035,8825,23284
2978,0014743,262144,0,262144,0
2979,0014759,262144,0,262144,0
2980,0014760,262144,0,262144,0
2981,0007159,262144,230035,8825,23284
2982,0014778,262144,0,262144,0
2983,0017364,262144,0,0,262144
2984,0014780,262144,0,262144,0
2985,0014787,262144,0,262144,0
2986,0028278,262144,230025,25065,7054
2987,0014802,262144,0,262144,0
2988,0014805,262144,0,262144,0
2989,0014806,262144,0,262144,0
2990,0039299,262144,229992,32152,0
2991,0017365,262144,0,0,262144
2992,0014820,262144,0,262144,0
2993,0014821,262144,0,262144,0
2994,0014826,262144,0,262144,0
2995,0061216,262144,229984,32160,0
2996,0014828,262144,0,262144,0
2997,0014839,262144,0,262144,0
2998,0014847,262144,0,262144,0
2999,0045112,262144,229968,32176,0
3000,0017366,262144,0,0,262144
3001,0014858,262144,0,262144,0
3002,0014866,262144,0,262144,0
3003,0032177,262144,229963,31814,367
3004,0014869,262144,0,262144,0
3005,0014874,262144,0,262144,0
3006,0014886,262144,0,262144,0
3007,0017367,262144,0,0,262144
3008,0009965,262144,229957,32187,0
3009,0014895,262144,0,262144,0
3010,0014904,262144,0,262144,0
3011,0014905,262144,0,262144,0
3012,0032812,262144,229954,29123,3067
3013,0014906,262144,0,262144,0
3014,0014907,262144,0,262144,0
3015,0017369,262144,0,0,262144
3016,0014914,262144,0,262144,0
3017,0055314,262144,229940,22183,10021
3018,0014916,262144,0,262144,0
3019,0014925,262144,0,262144,0
3020,0014926,262144,0,262144,0
3021,0055366,262144,229940,22183,10021
3022,0014927,262144,0,262144,0
3023,0014929,262144,0,262144,0
3024,0017370,262144,0,0,262144
3025,0014962,262144,0,262144,0
3026,0055417,262144,229940,22366,9838
3027,0014963,262144,0,262144,0
3028,0014964,262144,0,262144,0
3029,0014991,262144,0,262144,0
3030,0050211,262144,229938,32081,125
3031,0015026,262144,0,262144,0
3032,0017371,262144,0,0,262144
3033,0015041,262144,0,262144,0
3034,0031598,262144,229932,32212,0
3035,0015059,262144,0,262144,0
3036,0015080,262144,0,262144,0
3037,0015090,262144,0,262144,0
3038,0005017,262144,229918,31286,940
3039,0015117,262144,0,262144,0
3040,0015136,262144,0,262144,0
3041,0017392,262144,0,0,262144
3042,0015152,262144,0,262144,0
3043,0052313,262144,229911,24931,7302
3044,0015173,262144,0,262144,0
3045,0015174,262144,0,262144,0
3046,0015192,262144,0,262144,0
3047,0007086,262144,229883,32261,0
3048,0015241,262144,0,262144,0
3049,0017393,262144,0,0,262144
3050,0015258,262144,0,262144,0
3051,0015266,262144,0,262144,0
3052,0007188,262144,229883,32261,0
3053,0015277,262144,0,262144,0
3054,0015292,262144,0,262144,0
3055,0015301,262144,0,262144,0
3056,0041643,262144,229882,31288,974
3057,0017394,262144,0,0,262144
3058,0015316,262144,0,262144,0
3059,0015399,262144,0,262144,0
3060,0061071,262144,229867,32277,0
3061,0015418,262144,0,262144,0
3062,0015427,262144,0,262144,0
3063,0015530,262144,0,262144,0
3064,0035452,262144,229855,32289,0
3065,0017396,262144,0,0,262144
3066,0015531,262144,0,262144,0
3067,0015539,262144,0,262144,0
3068,0015543,262144,0,262144,0
3069,0030879,262144,229843,32301,0
3070,0015544,262144,0,262144,0
3071,0015559,262144,0,262144,0
3072,0015563,262144,0,262144,0
3073,0017397,262144,0,0,262144
3074,0032077,262144,229840,0,32304
3075,0015654,262144,0,262144,0
3076,0015655,262144,0,262144,0
3077,0015662,262144,0,262144,0
3078,0012564,262144,229838,31929,377
3079,0015663,262144,0,262144,0
3080,0015671,262144,0,262144,0
3081,0015672,262144,0,262144,0
3082,0017398,262144,0,0,262144
3083,0051660,262144,229832,29920,2392
3084,0015678,262144,0,262144,0
3085,0015680,262144,0,262144,0
3086,0015681,262144,0,262144,0
3087,0051802,262144,229832,30306,2006
3088,0015687,262144,0,262144,0
3089,0015690,262144,0,262144,0
3090,0017418,262144,0,0,262144
3091,0015709,262144,0,262144,0
3092,0015644,262144,229831,32149,164
3093,0015711,262144,0,262144,0
3094,0015713,262144,0,262144,0
3095,0053392,262144,229806,32092,246
3096,0015719,262144,0,262144,0
3097,0015720,262144,0,262144,0
3098,0017419,262144,0,0,262144
3099,0015728,262144,0,262144,0
3100,0060718,262144,229805,32339,0
3101,0015731,262144,0,262144,0
3102,0015734,262144,0,262144,0
3103,0015740,262144,0,262144,0
3104,0034227,262144,229794,31121,1229
3105,0015747,262144,0,262144,0
3106,0017420,262144,0,0,262144
3107,0015748,262144,0,262144,0
3108,0015757,262144,0,262144,0
3109,0043124,262144,229794,31685,665
3110,0015774,262144,0,262144,0
3111,0015779,262144,0,262144,0
3112,0015780,262144,0,262144,0
3113,0019171,262144,229749,31986,409
3114,0015786,262144,0,262144,0
3115,0017421,262144,0,0,262144
3116,0015793,262144,0,262144,0
3117,0015814,262144,0,262144,0
3118,0019291,262144,229749,31986,409
3119,0015890,262144,0,262144,0
3120,0015892,262144,0,262144,0
3121,0033793,262144,229748,31888,508
3122,0015908,262144,0,262144,0
3123,0017423,262144,0,0,262144
3124,0015996,262144,0,262144,0
3125,0016010,262144,0,262144,0
3126,0033854,262144,229748,31947,449
3127,0016052,262144,0,262144,0
3128,0016066,262144,0,262144,0
3129,0016074,262144,0,262144,0
3130,0016204,262144,229743,32401,0
3131,0017424,262144,0,0,262144
3132,0016307,262144,0,262144,0
3133,0016316,262144,0,262144,0
3134,0016419,262144,0,262144,0
3135,0016237,262144,229743,32401,0
3136,0016424,262144,0,262144,0
3137,0016474,262144,0,262144,0
3138,0017425,262144,0,0,262144
3139,0016480,262144,0,262144,0
3140,0040157,262144,229742,32402,0
3141,0016487,262144,0,262144,0
3142,0016496,262144,0,262144,0
3143,0016599,262144,0,262144,0
3144,0040575,262144,229742,32402,0
3145,0016604,262144,0,262144,0
3146,0017844,262144,0,262144,0
3147,0017446,262144,0,0,262144
3148,0045718,262144,229733,32411,0
3149,0018022,262144,0,262144,0
3150,0018034,262144,0,262144,0
3151,0018132,262144,0,262144,0
3152,0005663,262144,229720,25773,6651
3153,0019068,262144,0,262144,0
3154,0019092,262144,0,262144,0
3155,0017447,262144,0,0,262144
3156,0019093,262144,0,262144,0
3157,0045199,262144,229708,32354,82
3158,0019121,262144,0,262144,0
3159,0019128,262144,0,262144,0
3160,0019129,262144,0,262144,0
3161,0045285,262144,229708,32354,82
3162,0019130,262144,0,262144,0
3163,0017448,262144,0,0,262144
3164,0019131,262144,0,262144,0
3165,0019132,262144,0,262144,0
3166,0005661,262144,229702,29515,2927
3167,0019133,262144,0,262144,0
3168,0019142,262144,0,262144,0
3169,0019143,262144,0,262144,0
3170,0033384,262144,229701,32443,0
3171,0019144,262144,0,262144,0
3172,0017449,262144,0,0,262144
3173,0019145,262144,0,262144,0
3174,0019154,262144,0,262144,0
3175,0044436,262144,229696,29915,2533
3176,0019155,262144,0,262144,0
3177,0019157,262144,0,262144,0
3178,0034577,262144,229684,27144,5316
3179,0019178,262144,0,262144,0
3180,0017451,262144,0,0,262144
3181,0019188,262144,0,262144,0
3182,0019212,262144,0,262144,0
3183,0019869,262144,229681,382,32081
3184,0019213,262144,0,262144,0
3185,0019241,262144,0,262144,0
3186,0019248,262144,0,262144,0
3187,0044918,262144,229647,32497,0
3188,0019249,262144,0,262144,0
3189,0017474,262144,0,0,262144
3190,0019250,262144,0,262144,0
3191,0019251,262144,0,262144,0
3192,0001535,262144,229631,32350,163
3193,0019252,262144,0,262144,0
3194,0019253,262144,0,262144,0
3195,0019262,262144,0,262144,0
3196,0032211,262144,229631,32513,0
3197,0017475,262144,0,0,262144
3198,0019263,262144,0,262144,0
3199,0019264,262144,0,262144,0
3200,0019265,262144,0,262144,0
3201,0056694,262144,229629,32515,0
3202,0019274,262144,0,262144,0
3203,0019275,262144,0,262144,0
3204,0017476,262144,0,0,262144
3205,0019277,262144,0,262144,0
3206,0044687,262144,229624,0,32520
3207,0019298,262144,0,262144,0
3208,0019309,262144,0,262144,0
3209,0005412,262144,229616,32528,0
3210,0019331,262144,0,262144,0
3211,0019335,262144,0,262144,0
3212,0019343,262144,0,262144,0
3213,0005536,262144,229616,32528,0
3214,0017478,262144,0,0,262144
3215,0019393,262144,0,262144,0
3216,0019429,262144,0,262144,0
3217,0019451,262144,0,262144,0
3218,0056030,262144,229583,29293,3268
3219,0019455,262144,0,262144,0
3220,0019462,262144,0,262144,0
3221,0019463,262144,0,262144,0
3222,0017508,262144,0,0,262144
3223,0027558,262144,229581,0,32563
3224,0019513,262144,0,262144,0
3225,0019769,262144,0,262144,0
3226,0019957,262144,0,262144,0
3227,0045479,262144,229576,32568,0
3228,0019959,262144,0,262144,0
3229,0019966,262144,0,262144,0
3230,0019970,262144,0,262144,0
3231,0017509,262144,0,0,262144
3232,0031888,262144,229570,32574,0
3233,0019977,262144,0,262144,0
3234,0019979,262144,0,262144,0
3235,0019988,262144,0,262144,0
3236,0049973,262144,229557,31546,1041
3237,0019989,262144,0,262144,0
3238,0019990,262144,0,262144,0
3239,0017510,262144,0,0,262144
3240,0009451,262144,229550,30932,1662
3241,0019991,262144,0,262144,0
3242,0020055,262144,0,262144,0
3243,0020066,262144,0,262144,0
3244,0009590,262144,229550,32488,106
3245,0020088,262144,0,262144,0
3246,0020121,262144,0,262144,0
3247,0017512,262144,0,0,262144
3248,0020137,262144,0,262144,0
3249,0001515,262144,229545,31374,1225
3250,0020271,262144,0,262144,0
3251,0020307,262144,0,262144,0
3252,0020308,262144,0,262144,0
3253,0036017,262144,229533,32611,0
3254,0020309,262144,0,262144,0
3255,0020310,262144,0,262144,0
3256,0017513,262144,0,0,262144
3257,0020325,262144,0,262144,0
3258,0016095,262144,229528,32083,533
3259,0020326,262144,0,262144,0
3260,0020327,262144,0,262144,0
3261,0020328,262144,0,262144,0
3262,0016168,262144,229528,32083,533
3263,0020329,262144,0,262144,0
3264,0017514,262144,0,0,262144
3265,0020334,262144,0,262144,0
3266,0020342,262144,0,262144,0
3267,0041788,262144,229521,12571,20052
3268,0020343,262144,0,262144,0
3269,0020345,262144,0,262144,0
3270,0057283,262144,229492,32652,0
3271,0020355,262144,0,262144,0
3272,0017536,262144,0,0,262144
3273,0020356,262144,0,262144,0
3274,0020357,262144,0,262144,0
3275,0060773,262144,229482,32662,0
3276,0020358,262144,0,262144,0
3277,0020361,262144,0,262144,0
3278,0020366,262144,0,262144,0
3279,0036786,262144,229473,32671,0
3280,0020374,262144,0,262144,0
3281,0017537,262144,0,0,262144
3282,0020375,262144,0,262144,0
3283,0020376,262144,0,262144,0
3284,0052090,262144,229459,32685,0
3285,0020377,262144,0,262144,0
3286,0020381,262144,0,262144,0
3287,0020382,262144,0,262144,0
3288,0014048,262144,229430,31466,1248
3289,0017538,262144,0,0,262144
3290,0020384,262144,0,262144,0
3291,0020390,262144,0,262144,0
3292,0020391,262144,0,262144,0
3293,0018396,262144,229427,32476,241
3294,0020401,262144,0,262144,0
3295,0020402,262144,0,262144,0
3296,0017540,262144,0,0,262144
3297,0036317,262144,229427,32717,0
3298,0020403,262144,0,262144,0
3299,0020404,262144,0,262144,0
3300,0020405,262144,0,262144,0
3301,0029590,262144,229420,32724,0
3302,0020408,262144,0,262144,0
3303,0020422,262144,0,262144,0
3304,0017541,262144,0,0,262144
3305,0020423,262144,0,262144,0
3306,0030100,262144,229420,32724,0
3307,0020424,262144,0,262144,0
3308,0020425,262144,0,262144,0
3309,0020426,262144,0,262144,0
3310,0040961,262144,229406,3114,29624
3311,0020427,262144,0,262144,0
3312,0020428,262144,0,262144,0
3313,0017566,262144,0,0,262144
3314,0020429,262144,0,262144,0
3315,0058006,262144,229401,32743,0
3316,0020430,262144,0,262144,0
3317,0020432,262144,0,262144,0
3318,0020439,262144,0,262144,0
3319,0020971,262144,229400,32491,253
3320,0020440,262144,0,262144,0
3321,0020441,262144,0,262144,0
3322,0017567,262144,0,0,262144
3323,0020447,262144,0,262144,0
3324,0046159,262144,229395,28878,3871
3325,0020448,262144,0,262144,0
3326,0020449,262144,0,262144,0
3327,0046411,262144,229395,28878,3871
3328,0020450,262144,0,262144,0
3329,0020451,262144,0,262144,0
3330,0017569,262144,0,0,262144
3331,0020452,262144,0,262144,0
3332,0046663,262144,229395,28878,3871
3333,0020455,262144,0,262144,0
3334,0020456,262144,0,262144,0
3335,0020458,262144,0,262144,0
3336,0046915,262144,229395,28878,3871
3337,0020463,262144,0,262144,0
3338,0017570,262144,0,0,262144
3339,0020464,262144,0,262144,0
3340,0020467,262144,0,262144,0
3341,0047167,262144,229395,28878,3871
3342,0020471,262144,0,262144,0
3343,0020472,262144,0,262144,0
3344,0020473,262144,0,262144,0
3345,0047419,262144,229395,28250,4499
3346,0020474,262144,0,262144,0
3347,0017571,262144,0,0,262144
3348,0020484,262144,0,262144,0
3349,0020486,262144,0,262144,0
3350,0047671,262144,229395,28878,3871
3351,0020491,262144,0,262144,0
3352,0020492,262144,0,262144,0
3353,0020494,262144,0,262144,0
3354,0047923,262144,229395,30949,1800
3355,0017597,262144,0,0,262144
3356,0020531,262144,0,262144,0
3357,0020532,262144,0,262144,0
3358,0037119,262144,229392,31980,772
3359,0020534,262144,0,262144,0
3360,0020555,262144,0,262144,0
3361,0020556,262144,0,262144,0
3362,0014689,262144,229381,32763,0
3363,0017598,262144,0,0,262144
3364,0020579,262144,0,262144,0
3365,0020583,262144,0,262144,0
3366,0020603,262144,0,262144,0
3367,0014974,262144,229381,32639,124
3368,0020604,262144,0,262144,0
3369,0020627,262144,0,262144,0
3370,0020628,262144,0,262144,0
3371,0017600,262144,0,0,262144
3372,0015237,262144,229381,32639,124
3373,0020654,262144,0,262144,0
3374,0020658,262144,0,262144,0
3375,0020678,262144,0,262144,0
3376,0035565,262144,229381,32084,679
3377,0020680,262144,0,262144,0
3378,0020688,262144,0,262144,0
3379,0017601,262144,0,0,262144
3380,0020690,262144,0,262144,0
3381,0014624,262144,229380,31040,1724
3382,0020691,262144,0,262144,0
3383,0020702,262144,0,262144,0
3384,0002433,262144,229371,0,32773
3385,0020704,262144,0,262144,0
3386,0020715,262144,0,262144,0
3387,0020723,262144,0,262144,0
3388,0017614,262144,0,0,262144
3389,0037617,262144,229361,32783,0
3390,0020724,262144,0,262144,0
3391,0020737,262144,0,262144,0
3392,0020738,262144,0,262144,0
3393,0002608,262144,229356,32788,0
3394,0020739,262144,0,262144,0
3395,0020749,262144,0,262144,0
3396,0017615,262144,0,0,262144
3397,0020760,262144,0,262144,0
3398,0046269,262144,229345,27882,4917
3399,0020761,262144,0,262144,0
3400,0020762,262144,0,262144,0
3401,0020771,262144,0,262144,0
3402,0046521,262144,229345,27882,4917
3403,0020782,262144,0,262144,0
3404,0020789,262144,0,262144,0
3405,0017616,262144,0,0,262144
3406,0020798,262144,0,262144,0
3407,0046773,262144,229345,28138,4661
3408,0020801,262144,0,262144,0
3409,0020802,262144,0,262144,0
3410,0020806,262144,0,262144,0
3411,0047025,262144,229345,28138,4661
3412,0020809,262144,0,262144,0
3413,0017628,262144,0,0,262144
3414,0020821,262144,0,262144,0
3415,0047277,262144,229345,28138,4661
3416,0020823,262144,0,262144,0
3417,0020830,262144,0,262144,0
3418,0020832,262144,0,262144,0
3419,0047529,262144,229345,26359,6440
3420,0020838,262144,0,262144,0
3421,0020842,262144,0,262144,0
3422,0017629,262144,0,0,262144
3423,0020847,262144,0,262144,0
3424,0047781,262144,229345,28138,4661
3425,0020849,262144,0,262144,0
3426,0020852,262144,0,262144,0
3427,0020854,262144,0,262144,0
3428,0048033,262144,229345,30590,2209
3429,0020859,262144,0,262144,0
3430,0017631,262144,0,0,262144
3431,0020862,262144,0,262144,0
3432,0020870,262144,0,262144,0
3433,0028417,262144,229335,20063,12746
3434,0020871,262144,0,262144,0
3435,0020873,262144,0,262144,0
3436,0020876,262144,0,262144,0
3437,0001715,262144,229316,32828,0
3438,0017644,262144,0,0,262144
3439,0020878,262144,0,262144,0
3440,0020880,262144,0,262144,0
3441,0001783,262144,229316,32828,0
3442,0020881,262144,0,262144,0
3443,0020882,262144,0,262144,0
3444,0020883,262144,0,262144,0
3445,0019632,262144,229308,16,32820
3446,0020891,262144,0,262144,0
3447,0017645,262144,0,0,262144
3448,0020892,262144,0,262144,0
3449,0020893,262144,0,262144,0
3450,0044112,262144,229305,32785,54
3451,0020894,262144,0,262144,0
3452,0020896,262144,0,262144,0
3453,0020899,262144,0,262144,0
3454,0040267,262144,229289,30193,2662
3455,0020901,262144,0,262144,0
3456,0017647,262144,0,0,262144
3457,0020902,262144,0,262144,0
3458,0020904,262144,0,262144,0
3459,0040685,262144,229289,30207,2648
3460,0020906,262144,0,262144,0
3461,0020907,262144,0,262144,0
3462,0020909,262144,0,262144,0
3463,0005236,262144,229282,0,32862
3464,0020910,262144,0,262144,0
3465,0017660,262144,0,0,262144
3466,0020916,262144,0,262144,0
3467,0020918,262144,0,262144,0
3468,0023999,262144,229270,7447,25427
3469,0020922,262144,0,262144,0
3470,0020923,262144,0,262144,0
3471,0020924,262144,0,262144,0
3472,0024427,262144,229270,32433,441
3473,0020925,262144,0,262144,0
3474,0017662,262144,0,0,262144
3475,0020926,262144,0,262144,0
3476,0020928,262144,0,262144,0
3477,0024536,262144,229270,32433,441
3478,0020929,262144,0,262144,0
3479,0020931,262144,0,262144,0
3480,0020245,262144,229269,32875,0
3481,0020936,262144,0,262144,0
3482,0017676,262144,0,0,262144
3483,0020941,262144,0,262144,0
3484,0020942,262144,0,262144,0
3485,0034605,262144,229263,32833,48
3486,0020943,262144,0,262144,0
3487,0020946,262144,0,262144,0
3488,0020947,262144,0,262144,0
3489,0031957,262144,229261,32879,4
3490,0017694,262144,0,0,262144
3491,0020948,262144,0,262144,0
3492,0020949,262144,0,262144,0
3493,0020950,262144,0,262144,0
3494,0041282,262144,229254,32078,812
3495,0020965,262144,0,262144,0
3496,0020981,262144,0,262144,0
3497,0017696,262144,0,0,262144
3498,0020984,262144,0,262144,0
3499,0044838,262144,229242,32902,0
3500,0021015,262144,0,262144,0
3501,0021017,262144,0,262144,0
3502,0021023,262144,0,262144,0
3503,0045063,262144,229242,32902,0
3504,0021028,262144,0,262144,0
3505,0021045,262144,0,262144,0
3506,0017717,262144,0,0,262144
3507,0056011,262144,229220,8908,24016
3508,0021048,262144,0,262144,0
3509,0021079,262144,0,262144,0
3510,0021081,262144,0,262144,0
3511,0054659,262144,229187,32957,0
3512,0021087,262144,0,262144,0
3513,0021092,262144,0,262144,0
3514,0017719,262144,0,0,262144
3515,0021109,262144,0,262144,0
3516,0060214,262144,229177,9328,23639
3517,0021112,262144,0,262144,0
3518,0021143,262144,0,262144,0
3519,0021144,262144,0,262144,0
3520,0015935,262144,229149,32816,179
3521,0021145,262144,0,262144,0
3522,0021151,262144,0,262144,0
3523,0017723,262144,0,0,262144
3524,0021156,262144,0,262144,0
3525,0010484,262144,229139,32527,478
3526,0021175,262144,0,262144,0
3527,0021176,262144,0,262144,0
3528,0021179,262144,0,262144,0
3529,0044432,262144,229127,33017,0
3530,0021199,262144,0,262144,0
3531,0017724,262144,0,0,262144
3532,0021200,262144,0,262144,0
3533,0021206,262144,0,262144,0
3534,0017090,262144,229100,30413,2631
3535,0021207,262144,0,262144,0
3536,0021208,262144,0,262144,0
3537,0034956,262144,229090,32721,333
3538,0021214,262144,0,262144,0
3539,0021215,262144,0,262144,0
3540,0017725,262144,0,0,262144
3541,0021216,262144,0,262144,0
3542,0048402,262144,229074,32782,288
3543,0021233,262144,0,262144,0
3544,0021234,262144,0,262144,0
3545,0021235,262144,0,262144,0
3546,0038447,262144,229073,28327,4744
3547,0021253,262144,0,262144,0
3548,0017727,262144,0,0,262144
3549,0021256,262144,0,262144,0
3550,0021257,262144,0,262144,0
3551,0039678,262144,229073,31956,1115
3552,0021258,262144,0,262144,0
3553,0021259,262144,0,262144,0
3554,0021260,262144,0,262144,0
3555,0017243,262144,229072,0,33072
3556,0021265,262144,0,262144,0
3557,0017728,262144,0,0,262144
3558,0021290,262144,0,262144,0
3559,0021291,262144,0,262144,0
3560,0026409,262144,229070,33074,0
3561,0021292,262144,0,262144,0
3562,0021294,262144,0,262144,0
3563,0026684,262144,229057,13843,19244
3564,0021297,262144,0,262144,0
3565,0021299,262144,0,262144,0
3566,0017730,262144,0,0,262144
3567,0021303,262144,0,262144,0
3568,0044699,262144,229055,7792,25297
3569,0021312,262144,0,262144,0
3570,0021313,262144,0,262144,0
3571,0021315,262144,0,262144,0
3572,0032142,262144,229032,33112,0
3573,0021316,262144,0,262144,0
3574,0021317,262144,0,262144,0
3575,0017747,262144,0,0,262144
3576,0021323,262144,0,262144,0
3577,0060462,262144,229030,33114,0
3578,0021324,262144,0,262144,0
3579,0021325,262144,0,262144,0
3580,0021334,262144,0,262144,0
3581,0027527,262144,229027,28124,4993
3582,0021336,262144,0,262144,0
3583,0017749,262144,0,0,262144
3584,0021337,262144,0,262144,0
3585,0021340,262144,0,262144,0
3586,0009444,262144,229014,30014,3116
3587,0021346,262144,0,262144,0
3588,0021352,262144,0,262144,0
3589,0021354,262144,0,262144,0
3590,0009583,262144,229014,29944,3186
3591,0017753,262144,0,0,262144
3592,0021357,262144,0,262144,0
3593,0021358,262144,0,262144,0
3594,0033608,262144,228997,24610,8537
3595,0021359,262144,0,262144,0
3596,0021360,262144,0,262144,0
3597,0021361,262144,0,262144,0
3598,0011691,262144,228993,31904,1247
3599,0021364,262144,0,262144,0
3600,0017754,262144,0,0,262144
3601,0021372,262144,0,262144,0
3602,0021373,262144,0,262144,0
3603,0034414,262144,228993,33151,0
3604,0021374,262144,0,262144,0
3605,0021375,262144,0,262144,0
3606,0021376,262144,0,262144,0
3607,0017755,262144,0,0,262144
3608,0052873,262144,228988,28873,4283
3609,0021377,262144,0,262144,0
3610,0021378,262144,0,262144,0
3611,0021379,262144,0,262144,0
3612,0020257,262144,228977,33167,0
3613,0021382,262144,0,262144,0
3614,0021383,262144,0,262144,0
3615,0017756,262144,0,0,262144
3616,0021384,262144,0,262144,0
3617,0032123,262144,228964,33180,0
3618,0021391,262144,0,262144,0
3619,0021392,262144,0,262144,0
3620,0054696,262144,228964,29535,3645
3621,0021394,262144,0,262144,0
3622,0021395,262144,0,262144,0
3623,0021396,262144,0,262144,0
3624,0017757,262144,0,0,262144
3625,0001718,262144,228938,33206,0
3626,0021397,262144,0,262144,0
3627,0021400,262144,0,262144,0
3628,0021401,262144,0,262144,0
3629,0001786,262144,228938,33206,0
3630,0021409,262144,0,262144,0
3631,0021410,262144,0,262144,0
3632,0017758,262144,0,0,262144
3633,0021411,262144,0,262144,0
3634,0042604,262144,228929,29912,3303
3635,0021412,262144,0,262144,0
3636,0021413,262144,0,262144,0
3637,0021414,262144,0,262144,0
3638,0015706,262144,228919,27989,5236
3639,0021417,262144,0,262144,0
3640,0017760,262144,0,0,262144
3641,0021426,262144,0,262144,0
3642,0021427,262144,0,262144,0
3643,0040924,262144,228888,1444,31812
3644,0021428,262144,0,262144,0
3645,0021429,262144,0,262144,0
3646,0021431,262144,0,262144,0
3647,0045018,262144,228872,33272,0
3648,0021434,262144,0,262144,0
3649,0017780,262144,0,0,262144
3650,0021435,262144,0,262144,0
3651,0052248,262144,228871,33092,181
3652,0021436,262144,0,262144,0
3653,0021437,262144,0,262144,0
3654,0021443,262144,0,262144,0
3655,0035849,262144,228865,32719,560
3656,0021444,262144,0,262144,0
3657,0017781,262144,0,0,262144
3658,0021446,262144,0,262144,0
3659,0021451,262144,0,262144,0
3660,0042013,262144,228857,33287,0
3661,0021452,262144,0,262144,0
3662,0021453,262144,0,262144,0
3663,0021454,262144,0,262144,0
3664,0026318,262144,228852,23858,9434
3665,0021455,262144,0,262144,0
3666,0017782,262144,0,0,262144
3667,0021457,262144,0,262144,0
3668,0021458,262144,0,262144,0
3669,0005259,262144,228844,0,33300
3670,0021460,262144,0,262144,0
3671,0021463,262144,0,262144,0
3672,0021464,262144,0,262144,0
3673,0053585,262144,228835,33309,0
3674,0021470,262144,0,262144,0
3675,0017783,262144,0,0,262144
3676,0021471,262144,0,262144,0
3677,0021472,262144,0,262144,0
3678,0023628,262144,228824,10944,22376
3679,0021473,262144,0,262144,0
3680,0021477,262144,0,262144,0
3681,0023761,262144,228824,10164,23156
3682,0021478,262144,0,262144,0
3683,0021479,262144,0,262144,0
3684,0017784,262144,0,0,262144
3685,0021480,262144,0,262144,0
3686,0023894,262144,228824,11039,22281
3687,0021487,262144,0,262144,0
3688,0021490,262144,0,262144,0
3689,0021492,262144,0,262144,0
3690,0044962,262144,228820,33324,0
3691,0021495,262144,0,262144,0
3692,0021498,262144,0,262144,0
3693,0017785,262144,0,0,262144
3694,0021499,262144,0,262144,0
3695,0005263,262144,228805,33234,105
3696,0021501,262144,0,262144,0
3697,0021506,262144,0,262144,0
3698,0021527,262144,0,262144,0
3699,0036739,262144,228802,33342,0
3700,0021528,262144,0,262144,0
3701,0017786,262144,0,0,262144
3702,0021529,262144,0,262144,0
3703,0021530,262144,0,262144,0
3704,0032795,262144,228787,32839,518
3705,0021535,262144,0,262144,0
3706,0021542,262144,0,262144,0
3707,0021544,262144,0,262144,0
3708,0006991,262144,228779,13877,19488
3709,0021545,262144,0,262144,0
3710,0017787,262144,0,0,262144
3711,0021546,262144,0,262144,0
3712,0007093,262144,228779,13773,19592
3713,0021551,262144,0,262144,0
3714,0021557,262144,0,262144,0
3715,0021559,262144,0,262144,0
3716,0044945,262144,228765,25955,7424
3717,0021560,262144,0,262144,0
3718,0021561,262144,0,262144,0
3719,0017803,262144,0,0,262144
3720,0021563,262144,0,262144,0
3721,0036813,262144,228760,33384,0
3722,0021570,262144,0,262144,0
3723,0021574,262144,0,262144,0
3724,0021575,262144,0,262144,0
3725,0039671,262144,228731,31930,1483
3726,0021579,262144,0,262144,0
3727,0018237,262144,0,0,262144
3728,0021584,262144,0,262144,0
3729,0021586,262144,0,262144,0
3730,0032599,262144,228674,32265,1205
3731,0021593,262144,0,262144,0
3732,0021594,262144,0,262144,0
3733,0021602,262144,0,262144,0
3734,0007020,262144,228668,32445,1031
3735,0018260,262144,0,0,262144
3736,0021607,262144,0,262144,0
3737,0021608,262144,0,262144,0
3738,0021609,262144,0,262144,0
3739,0007122,262144,228668,32445,1031
3740,0021610,262144,0,262144,0
3741,0021611,262144,0,262144,0
3742,0057540,262144,228660,33484,0
3743,0018261,262144,0,0,262144
3744,0021616,262144,0,262144,0
3745,0021641,262144,0,262144,0
3746,0021642,262144,0,262144,0
3747,0041616,262144,228652,33492,0
3748,0021643,262144,0,262144,0
3749,0021644,262144,0,262144,0
3750,0021645,262144,0,262144,0
3751,0018262,262144,0,0,262144
3752,0033461,262144,228615,33529,0
3753,0021648,262144,0,262144,0
3754,0021650,262144,0,262144,0
3755,0021654,262144,0,262144,0
3756,0038755,262144,228611,31599,1934
3757,0021663,262144,0,262144,0
3758,0021664,262144,0,262144,0
3759,0019124,262144,0,0,262144
3760,0021666,262144,0,262144,0
3761,0052073,262144,228592,33371,181
3762,0021667,262144,0,262144,0
3763,0021668,262144,0,262144,0
3764,0054775,262144,228584,33560,0
3765,0021674,262144,0,262144,0
3766,0021675,262144,0,262144,0
3767,0019136,262144,0,0,262144
3768,0021676,262144,0,262144,0
3769,0054956,262144,228584,33560,0
3770,0021685,262144,0,262144,0
3771,0021686,262144,0,262144,0
3772,0021687,262144,0,262144,0
3773,0027456,262144,228574,0,33570
3774,0021688,262144,0,262144,0
3775,0021691,262144,0,262144,0
3776,0019146,262144,0,0,262144
3777,0021697,262144,0,262144,0
3778,0052018,262144,228573,32059,1512
3779,0021703,262144,0,262144,0
3780,0021705,262144,0,262144,0
3781,0021708,262144,0,262144,0
3782,0019656,262144,228539,33605,0
3783,0021709,262144,0,262144,0
3784,0019148,262144,0,0,262144
3785,0021710,262144,0,262144,0
3786,0021711,262144,0,262144,0
3787,0040222,262144,228525,0,33619
3788,0021712,262144,0,262144,0
3789,0021715,262144,0,262144,0
3790,0021723,262144,0,262144,0
3791,0040640,262144,228525,0,33619
3792,0021724,262144,0,262144,0
3793,0021725,262144,0,262144,0
3794,0019149,262144,0,0,262144
3795,0021726,262144,0,262144,0
3796,0060188,262144,228504,33640,0
3797,0021727,262144,0,262144,0
3798,0021728,262144,0,262144,0
3799,0031240,262144,228495,0,33649
3800,0021729,262144,0,262144,0
3801,0021730,262144,0,262144,0
3802,0021733,262144,0,262144,0
3803,0019158,262144,0,0,262144
3804,0035673,262144,228492,33355,297
3805,0021734,262144,0,262144,0
3806,0021735,262144,0,262144,0
3807,0021742,262144,0,262144,0
3808,0021964,262144,228488,33656,0
3809,0021743,262144,0,262144,0
3810,0021745,262144,0,262144,0
3811,0021746,262144,0,262144,0
3812,0019244,262144,0,0,262144
3813,0022524,262144,228488,33656,0
3814,0021747,262144,0,262144,0
3815,0021748,262144,0,262144,0
3816,0021751,262144,0,262144,0
3817,0050323,262144,228451,22941,10752
3818,0021752,262144,0,262144,0
3819,0021760,262144,0,262144,0
3820,0019256,262144,0,0,262144
3821,0021761,262144,0,262144,0
3822,0050596,262144,228451,26361,7332
3823,0021762,262144,0,262144,0
3824,0021763,262144,0,262144,0
3825,0021764,262144,0,262144,0
3826,0051841,262144,228448,30230,3466
3827,0021765,262144,0,262144,0
3828,0019266,262144,0,0,262144
3829,0021768,262144,0,262144,0
3830,0003133,262144,228445,33699,0
3831,0021777,262144,0,262144,0
3832,0021778,262144,0,262144,0
3833,0021779,262144,0,262144,0
3834,0040207,262144,228432,2642,31070
3835,0021780,262144,0,262144,0
3836,0021782,262144,0,262144,0
3837,0019268,262144,0,0,262144
3838,0021785,262144,0,262144,0
3839,0040625,262144,228432,3829,29883
3840,0021786,262144,0,262144,0
3841,0021787,262144,0,262144,0
3842,0021788,262144,0,262144,0
3843,0051642,262144,228428,32825,891
3844,0021794,262144,0,262144,0
3845,0021795,262144,0,262144,0
3846,0019269,262144,0,0,262144
3847,0021797,262144,0,262144,0
3848,0051784,262144,228428,32825,891
3849,0021802,262144,0,262144,0
3850,0021803,262144,0,262144,0
3851,0021804,262144,0,262144,0
3852,0036102,262144,228421,33723,0
3853,0021805,262144,0,262144,0
3854,0021806,262144,0,262144,0
3855,0019278,262144,0,0,262144
3856,0044378,262144,228403,33584,157
3857,0021808,262144,0,262144,0
3858,0021809,262144,0,262144,0
3859,0021811,262144,0,262144,0
3860,0061001,262144,228384,33760,0
3861,0021814,262144,0,262144,0
3862,0021815,262144,0,262144,0
3863,0019304,262144,0,0,262144
3864,0021821,262144,0,262144,0
3865,0053268,262144,228383,33761,0
3866,0021822,262144,0,262144,0
3867,0021823,262144,0,262144,0
3868,0021824,262144,0,262144,0
3869,0033494,262144,228376,33768,0
3870,0021828,262144,0,262144,0
3871,0019316,262144,0,0,262144
3872,0021829,262144,0,262144,0
3873,0021830,262144,0,262144,0
3874,0032204,262144,228365,33707,72
3875,0021831,262144,0,262144,0
3876,0021838,262144,0,262144,0
3877,0021841,262144,0,262144,0
3878,0020185,262144,228352,32207,1585
3879,0019326,262144,0,0,262144
3880,0021843,262144,0,262144,0
3881,0021846,262144,0,262144,0
3882,0020197,262144,228352,32816,976
3883,0021849,262144,0,262144,0
3884,0021850,262144,0,262144,0
3885,0021852,262144,0,262144,0
3886,0020209,262144,228352,33306,486
3887,0019328,262144,0,0,262144
3888,0021857,262144,0,262144,0
3889,0021878,262144,0,262144,0
3890,0021879,262144,0,262144,0
3891,0020221,262144,228352,33432,360
3892,0021880,262144,0,262144,0
3893,0021881,262144,0,262144,0
3894,0021886,262144,0,262144,0
3895,0019338,262144,0,0,262144
3896,0020281,262144,228352,33792,0
3897,0021893,262144,0,262144,0
3898,0021895,262144,0,262144,0
3899,0021896,262144,0,262144,0
3900,0050885,262144,228350,33554,240
3901,0021897,262144,0,262144,0
3902,0021902,262144,0,262144,0
3903,0019340,262144,0,0,262144
3904,0037792,262144,228346,33798,0
3905,0021908,262144,0,262144,0
3906,0021910,262144,0,262144,0
3907,0021911,262144,0,262144,0
3908,0018541,262144,228333,33811,0
3909,0021912,262144,0,262144,0
3910,0021914,262144,0,262144,0
3911,0019350,262144,0,0,262144
3912,0021921,262144,0,262144,0
3913,0018475,262144,228277,32542,1325
3914,0021925,262144,0,262144,0
3915,0021926,262144,0,262144,0
3916,0021930,262144,0,262144,0
3917,0050403,262144,228265,0,33879
3918,0021935,262144,0,262144,0
3919,0021937,262144,0,262144,0
3920,0019352,262144,0,0,262144
3921,0021944,262144,0,262144,0
3922,0050676,262144,228265,0,33879
3923,0021945,262144,0,262144,0
3924,0021953,262144,0,262144,0
3925,0021959,262144,0,262144,0
3926,0030807,262144,228258,22264,11622
3927,0021965,262144,0,262144,0
3928,0022011,262144,0,262144,0
3929,0022012,262144,0,262144,0
3930,0019362,262144,0,0,262144
3931,0002539,262144,228250,33744,150
3932,0022017,262144,0,262144,0
3933,0022019,262144,0,262144,0
3934,0037788,262144,228227,33268,649
3935,0022025,262144,0,262144,0
3936,0022026,262144,0,262144,0
3937,0022027,262144,0,262144,0
3938,0019364,262144,0,0,262144
3939,0022040,262144,228199,33278,667
3940,0022028,262144,0,262144,0
3941,0022029,262144,0,262144,0
3942,0022054,262144,0,262144,0
3943,0022600,262144,228199,33278,667
3944,0022059,262144,0,262144,0
3945,0022061,262144,0,262144,0
3946,0019374,262144,0,0,262144
3947,0022073,262144,0,262144,0
3948,0054683,262144,228188,33782,174
3949,0022078,262144,0,262144,0
3950,0022084,262144,0,262144,0
3951,0022092,262144,0,262144,0
3952,0045564,262144,228176,26375,7593
3953,0022118,262144,0,262144,0
3954,0019376,262144,0,0,262144
3955,0022122,262144,0,262144,0
3956,0022130,262144,0,262144,0
3957,0051804,262144,228157,30739,3248
3958,0022136,262144,0,262144,0
3959,0022144,262144,0,262144,0
3960,0037569,262144,228154,33990,0
3961,0022156,262144,0,262144,0
3962,0022170,262144,0,262144,0
3963,0019386,262144,0,0,262144
3964,0022173,262144,0,262144,0
3965,0002486,262144,228128,31937,2079
3966,0022174,262144,0,262144,0
3967,0022183,262144,0,262144,0
3968,0022196,262144,0,262144,0
3969,0004473,262144,228115,34029,0
3970,0022199,262144,0,262144,0
3971,0019388,262144,0,0,262144
3972,0022222,262144,0,262144,0
3973,0022224,262144,0,262144,0
3974,0001666,262144,228110,34034,0
3975,0022227,262144,0,262144,0
3976,0022238,262144,0,262144,0
3977,0022245,262144,0,262144,0
3978,0001734,262144,228110,34034,0
3979,0019398,262144,0,0,262144
3980,0022246,262144,0,262144,0
3981,0022247,262144,0,262144,0
3982,0015753,262144,228090,33430,624
3983,0022249,262144,0,262144,0
3984,0022250,262144,0,262144,0
3985,0022255,262144,0,262144,0
3986,0041678,262144,228077,33991,76
3987,0019412,262144,0,0,262144
3988,0022260,262144,0,262144,0
3989,0022261,262144,0,262144,0
3990,0022262,262144,0,262144,0
3991,0045131,262144,228076,34068,0
3992,0022266,262144,0,262144,0
3993,0022267,262144,0,262144,0
3994,0022269,262144,0,262144,0
3995,0019424,262144,0,0,262144
3996,0012837,262144,228074,30191,3879
3997,0022275,262144,0,262144,0
3998,0022276,262144,0,262144,0
3999,0022278,262144,0,262144,0
4000,0013183,262144,228074,33668,402
4001,0022294,262144,0,262144,0
4002,0022295,262144,0,262144,0
4003,0019436,262144,0,0,262144
4004,0022298,262144,0,262144,0
4005,0013560,262144,228074,33668,402
4006,0022299,262144,0,262144,0
4007,0022301,262144,0,262144,0
4008,0013938,262144,228074,33668,402
4009,0022306,262144,0,262144,0
4010,0022312,262144,0,262144,0
4011,0019446,262144,0,0,262144
4012,0022316,262144,0,262144,0
4013,0014079,262144,228074,33668,402
4014,0022319,262144,0,262144,0
4015,0022320,262144,0,262144,0
4016,0022321,262144,0,262144,0
4017,0014452,262144,228074,33668,402
4018,0022322,262144,0,262144,0
4019,0019448,262144,0,0,262144
4020,0022326,262144,0,262144,0
4021,0022327,262144,0,262144,0
4022,0037732,262144,228055,11182,22907
4023,0022344,262144,0,262144,0
4024,0022345,262144,0,262144,0
4025,0022346,262144,0,262144,0
4026,0040450,262144,228055,34089,0
4027,0022347,262144,0,262144,0
4028,0019458,262144,0,0,262144
4029,0022352,262144,0,262144,0
4030,0022364,262144,0,262144,0
4031,0040868,262144,228055,34089,0
4032,0022370,262144,0,262144,0
4033,0022371,262144,0,262144,0
4034,0012186,262144,228033,34105,6
4035,0022372,262144,0,262144,0
4036,0019460,262144,0,0,262144
4037,0022378,262144,0,262144,0
4038,0022385,262144,0,262144,0
4039,0054104,262144,228007,33695,442
4040,0022390,262144,0,262144,0
4041,0022396,262144,0,262144,0
4042,0022397,262144,0,262144,0
4043,0054165,262144,228007,33695,442
4044,0022398,262144,0,262144,0
4045,0019470,262144,0,0,262144
4046,0022404,262144,0,262144,0
4047,0022414,262144,0,262144,0
4048,0002039,262144,228006,34017,121
4049,0022416,262144,0,262144,0
4050,0022422,262144,0,262144,0
4051,0022424,262144,0,262144,0
4052,0002191,262144,228006,34017,121
4053,0019472,262144,0,0,262144
4054,0022430,262144,0,262144,0
4055,0022440,262144,0,262144,0
4056,0060554,262144,228003,34141,0
4057,0022448,262144,0,262144,0
4058,0022450,262144,0,262144,0
4059,0022454,262144,0,262144,0
4060,0019482,262144,0,0,262144
4061,0037227,262144,227995,34149,0
4062,0022456,262144,0,262144,0
4063,0022468,262144,0,262144,0
4064,0022474,262144,0,262144,0
4065,0028330,262144,227960,25790,8394
4066,0022476,262144,0,262144,0
4067,0022494,262144,0,262144,0
4068,0019484,262144,0,0,262144
4069,0022499,262144,0,262144,0
4070,0035573,262144,227944,32012,2188
4071,0022507,262144,0,262144,0
4072,0022519,262144,0,262144,0
4073,0022525,262144,0,262144,0
4074,0017530,262144,227937,33817,390
4075,0022526,262144,0,262144,0
4076,0022571,262144,0,262144,0
4077,0019494,262144,0,0,262144
4078,0024722,262144,227925,30336,3883
4079,0022572,262144,0,262144,0
4080,0022576,262144,0,262144,0
4081,0022577,262144,0,262144,0
4082,0024758,262144,227925,30587,3632
4083,0022579,262144,0,262144,0
4084,0022584,262144,0,262144,0
4085,0019496,262144,0,0,262144
4086,0022585,262144,0,262144,0
4087,0044431,262144,227919,28009,6216
4088,0022586,262144,0,262144,0
4089,0022587,262144,0,262144,0
4090,0022588,262144,0,262144,0
4091,0039275,262144,227916,34228,0
4092,0022589,262144,0,262144,0
4093,0019506,262144,0,0,262144
4094,0022614,262144,0,262144,0
4095,0022619,262144,0,262144,0
4096,0051530,262144,227904,33232,1008
4097,0022621,262144,0,262144,0
4098,0022633,262144,0,262144,0
4099,0022638,262144,0,262144,0
4100,0051672,262144,227904,33232,1008
4101,0022644,262144,0,262144,0
4102,0019508,262144,0,0,262144
4103,0022652,262144,0,262144,0
4104,0031904,262144,227901,34243,0
4105,0022664,262144,0,262144,0
4106,0022678,262144,0,262144,0
4107,0022682,262144,0,262144,0
4108,0054208,262144,227895,34249,0
4109,0022690,262144,0,262144,0
4110,0019518,262144,0,0,262144
4111,0022696,262144,0,262144,0
4112,0022704,262144,0,262144,0
4113,0054252,262144,227895,34249,0
4114,0022716,262144,0,262144,0
4115,0022730,262144,0,262144,0
4116,0022733,262144,0,262144,0
4117,0032941,262144,227893,34251,0
4118,0019532,262144,0,0,262144
4119,0022734,262144,0,262144,0
4120,0022743,262144,0,262144,0
4121,0022756,262144,0,262144,0
4122,0024352,262144,227891,34253,0
4123,0022759,262144,0,262144,0
4124,0022782,262144,0,262144,0
4125,0019559,262144,0,0,262144
4126,0019836,262144,227882,34262,0
4127,0022784,262144,0,262144,0
4128,0022787,262144,0,262144,0
4129,0022798,262144,0,262144,0
4130,0032690,262144,227867,33331,946
4131,0022805,262144,0,262144,0
4132,0022806,262144,0,262144,0
4133,0022807,262144,0,262144,0
4134,0019679,262144,0,0,262144
4135,0035649,262144,227865,34138,141
4136,0022809,262144,0,262144,0
4137,0022810,262144,0,262144,0
4138,0022815,262144,0,262144,0
4139,0031354,262144,227857,34287,0
4140,0022820,262144,0,262144,0
4141,0022821,262144,0,262144,0
4142,0019922,262144,0,0,262144
4143,0022822,262144,0,262144,0
4144,0005380,262144,227848,33291,1005
4145,0022826,262144,0,262144,0
4146,0022827,262144,0,262144,0
4147,0005504,262144,227848,33436,860
4148,0022829,262144,0,262144,0
4149,0022835,262144,0,262144,0
4150,0019923,262144,0,0,262144
4151,0022836,262144,0,262144,0
4152,0041959,262144,227846,32646,1652
4153,0022838,262144,0,262144,0
4154,0022854,262144,0,262144,0
4155,0022855,262144,0,262144,0
4156,0014482,262144,227840,34304,0
4157,0022858,262144,0,262144,0
4158,0019924,262144,0,0,262144
4159,0022859,262144,0,262144,0
4160,0022861,262144,0,262144,0
4161,0014488,262144,227840,34304,0
4162,0022866,262144,0,262144,0
4163,0022872,262144,0,262144,0
4164,0022876,262144,0,262144,0
4165,0014495,262144,227840,33207,1097
4166,0019925,262144,0,0,262144
4167,0022879,262144,0,262144,0
4168,0022880,262144,0,262144,0
4169,0022881,262144,0,262144,0
4170,0014502,262144,227840,32171,2133
4171,0022882,262144,0,262144,0
4172,0022886,262144,0,262144,0
4173,0014509,262144,227840,34304,0
4174,0022887,262144,0,262144,0
4175,0019926,262144,0,0,262144
4176,0022904,262144,0,262144,0
4177,0022905,262144,0,262144,0
4178,0014516,262144,227840,34304,0
4179,0022906,262144,0,262144,0
4180,0022907,262144,0,262144,0
4181,0022912,262144,0,262144,0
4182,0014524,262144,227840,34113,191
4183,0019931,262144,0,0,262144
4184,0022924,262144,0,262144,0
4185,0022930,262144,0,262144,0
4186,0022931,262144,0,262144,0
4187,0014532,262144,227840,34304,0
4188,0022932,262144,0,262144,0
4189,0022938,262144,0,262144,0
4190,0020008,262144,0,0,262144
4191,0022945,262144,0,262144,0
4192,0014540,262144,227840,34304,0
4193,0022950,262144,0,262144,0
4194,0022956,262144,0,262144,0
4195,0014555,262144,227840,34304,0
4196,0022957,262144,0,262144,0
4197,0022958,262144,0,262144,0
4198,0020009,262144,0,0,262144
4199,0022964,262144,0,262144,0
4200,0014564,262144,227840,34304,0
4201,0022974,262144,0,262144,0
4202,0022976,262144,0,262144,0
4203,0022982,262144,0,262144,0
4204,0014573,262144,227840,34304,0
4205,0022984,262144,0,262144,0
4206,0022990,262144,0,262144,0
4207,0020010,262144,0,0,262144
4208,0023000,262144,0,262144,0
4209,0014708,262144,227840,34304,0
4210,0023008,262144,0,262144,0
4211,0023010,262144,0,262144,0
4212,0023014,262144,0,262144,0
4213,0014727,262144,227840,33668,636
4214,0023016,262144,0,262144,0
4215,0020011,262144,0,0,262144
4216,0023028,262144,0,262144,0
4217,0014746,262144,227840,32320,1984
4218,0023034,262144,0,262144,0
4219,0023036,262144,0,262144,0
4220,0023054,262144,0,262144,0
4221,0014765,262144,227840,32589,1715
4222,0023059,262144,0,262144,0
4223,0020012,262144,0,0,262144
4224,0023067,262144,0,262144,0
4225,0023191,262144,0,262144,0
4226,0014784,262144,227840,34304,0
4227,0023204,262144,0,262144,0
4228,0023218,262144,0,262144,0
4229,0023360,262144,0,262144,0
4230,0014803,262144,227840,34304,0
4231,0020013,262144,0,0,262144
4232,0023365,262144,0,262144,0
4233,0023366,262144,0,262144,0
4234,0023367,262144,0,262144,0
4235,0014822,262144,227840,34304,0
4236,0023368,262144,0,262144,0
4237,0023369,262144,0,262144,0
4238,0014841,262144,227840,34304,0
4239,0023370,262144,0,262144,0
4240,0020018,262144,0,0,262144
4241,0023374,262144,0,262144,0
4242,0023376,262144,0,262144,0
4243,0014860,262144,227840,34304,0
4244,0023377,262144,0,262144,0
4245,0023379,262144,0,262144,0
4246,0023380,262144,0,262144,0
4247,0020060,262144,0,0,262144
4248,0014879,262144,227840,34304,0
4249,0023381,262144,0,262144,0
4250,0023387,262144,0,262144,0
4251,0023388,262144,0,262144,0
4252,0014898,262144,227840,34304,0
4253,0023389,262144,0,262144,0
4254,0023390,262144,0,262144,0
4255,0020071,262144,0,0,262144
4256,0023391,262144,0,262144,0
4257,0014917,262144,227840,34304,0
4258,0023396,262144,0,262144,0
4259,0023398,262144,0,262144,0
4260,0023400,262144,0,262144,0
4261,0014936,262144,227840,34304,0
4262,0023401,262144,0,262144,0
4263,0020081,262144,0,0,262144
4264,0023402,262144,0,262144,0
4265,0014993,262144,227840,34304,0
4266,0023403,262144,0,262144,0
4267,0023407,262144,0,262144,0
4268,0023410,262144,0,262144,0
4269,0015012,262144,227840,34304,0
4270,0023411,262144,0,262144,0
4271,0020082,262144,0,0,262144
4272,0023412,262144,0,262144,0
4273,0023420,262144,0,262144,0
4274,0015029,262144,227840,33131,1173
4275,0023421,262144,0,262144,0
4276,0023433,262144,0,262144,0
4277,0023443,262144,0,262144,0
4278,0015046,262144,227840,33432,872
4279,0023460,262144,0,262144,0
4280,0020092,262144,0,0,262144
4281,0023461,262144,0,262144,0
4282,0023463,262144,0,262144,0
4283,0015063,262144,227840,34304,0
4284,0023465,262144,0,262144,0
4285,0024059,262144,0,262144,0
4286,0015081,262144,227840,34304,0
4287,0024061,262144,0,262144,0
4288,0020093,262144,0,0,262144
4289,0024068,262144,0,262144,0
4290,0024069,262144,0,262144,0
4291,0015100,262144,227840,34113,191
4292,0024070,262144,0,262144,0
4293,0024078,262144,0,262144,0
4294,0024094,262144,0,262144,0
4295,0015119,262144,227840,34304,0
4296,0020131,262144,0,0,262144
4297,0024097,262144,0,262144,0
4298,0024099,262144,0,262144,0
4299,0024100,262144,0,262144,0
4300,0015138,262144,227840,34304,0
4301,0024101,262144,0,262144,0
4302,0024103,262144,0,262144,0
4303,0020139,262144,0,0,262144
4304,0024104,262144,0,262144,0
4305,0015157,262144,227840,34094,210
4306,0024105,262144,0,262144,0
4307,0024107,262144,0,262144,0
4308,0015176,262144,227840,34304,0
4309,0024110,262144,0,262144,0
4310,0024112,262144,0,262144,0
4311,0024113,262144,0,262144,0
4312,0020147,262144,0,0,262144
4313,0015195,262144,227840,34304,0
4314,0024115,262144,0,262144,0
4315,0024116,262144,0,262144,0
4316,0024117,262144,0,262144,0
4317,0015213,262144,227840,34304,0
4318,0024118,262144,0,262144,0
4319,0024120,262144,0,262144,0
4320,0020154,262144,0,0,262144
4321,0024121,262144,0,262144,0
4322,0015243,262144,227840,34304,0
4323,0024122,262144,0,262144,0
4324,0024123,262144,0,262144,0
4325,0024125,262144,0,262144,0
4326,0015249,262144,227840,34304,0
4327,0024127,262144,0,262144,0
4328,0020155,262144,0,0,262144
4329,0024128,262144,0,262144,0
4330,0015256,262144,227840,33207,1097
4331,0024129,262144,0,262144,0
4332,0024130,262144,0,262144,0
4333,0024131,262144,0,262144,0
4334,0015263,262144,227840,33432,872
4335,0024133,262144,0,262144,0
4336,0021211,262144,0,0,262144
4337,0024134,262144,0,262144,0
4338,0024135,262144,0,262144,0
4339,0015270,262144,227840,34304,0
4340,0024138,262144,0,262144,0
4341,0024139,262144,0,262144,0
4342,0024140,262144,0,262144,0
4343,0015278,262144,227840,34304,0
4344,0021218,262144,0,0,262144
4345,0024141,262144,0,262144,0
4346,0024142,262144,0,262144,0
4347,0024143,262144,0,262144,0
4348,0015286,262144,227840,34113,191
4349,0024144,262144,0,262144,0
4350,0024146,262144,0,262144,0
4351,0024147,262144,0,262144,0
4352,0015294,262144,227840,34304,0
4353,0021219,262144,0,0,262144
4354,0024148,262144,0,262144,0
4355,0024150,262144,0,262144,0
4356,0015303,262144,227840,34304,0
4357,0024151,262144,0,262144,0
4358,0024152,262144,0,262144,0
4359,0024153,262144,0,262144,0
4360,0021989,262144,0,0,262144
4361,0015309,262144,227840,34094,210
4362,0024154,262144,0,262144,0
4363,0024155,262144,0,262144,0
4364,0024156,262144,0,262144,0
4365,0015318,262144,227840,34304,0
4366,0024157,262144,0,262144,0
4367,0024159,262144,0,262144,0
4368,0022549,262144,0,0,262144
4369,0024161,262144,0,262144,0
4370,0015327,262144,227840,34304,0
4371,0024162,262144,0,262144,0
4372,0024163,262144,0,262144,0
4373,0024164,262144,0,262144,0
4374,0015337,262144,227840,34304,0
4375,0024165,262144,0,262144,0
4376,0023161,262144,0,0,262144
4377,0024166,262144,0,262144,0
4378,0043364,262144,227835,34163,146
4379,0024167,262144,0,262144,0
4380,0024168,262144,0,262144,0
4381,0024169,262144,0,262144,0
4382,0043762,262144,227835,34163,146
4383,0024170,262144,0,262144,0
4384,0024185,262144,0,262144,0
4385,0023172,262144,0,0,262144
4386,0024838,262144,0,262144,0
4387,0019655,262144,227830,34314,0
4388,0024839,262144,0,262144,0
4389,0024840,262144,0,262144,0
4390,0024841,262144,0,262144,0
4391,0022447,262144,227826,33613,705
4392,0024842,262144,0,262144,0
4393,0023260,262144,0,0,262144
4394,0024843,262144,0,262144,0
4395,0024844,262144,0,262144,0
4396,0023007,262144,227826,33613,705
4397,0024845,262144,0,262144,0
4398,0024846,262144,0,262144,0
4399,0044735,262144,227826,34318,0
4400,0024847,262144,0,262144,0
4401,0023338,262144,0,0,262144
4402,0024848,262144,0,262144,0
4403,0024850,262144,0,262144,0
4404,0040289,262144,227825,12202,22117
4405,0024851,262144,0,262144,0
4406,0024852,262144,0,262144,0
4407,0024853,262144,0,262144,0
4408,0040707,262144,227825,12282,22037
4409,0024854,262144,0,262144,0
4410,0023471,262144,0,0,262144
4411,0024855,262144,0,262144,0
4412,0024858,262144,0,262144,0
4413,0039684,262144,227790,33004,1350
4414,0024859,262144,0,262144,0
4415,0024860,262144,0,262144,0
4416,0024862,262144,0,262144,0
4417,0039668,262144,227783,32443,1918
4418,0023478,262144,0,0,262144
4419,0024863,262144,0,262144,0
4420,0024864,262144,0,262144,0
4421,0024865,262144,0,262144,0
4422,0010028,262144,227769,26800,7575
4423,0024866,262144,0,262144,0
4424,0024869,262144,0,262144,0
4425,0007087,262144,227757,34387,0
4426,0024872,262144,0,262144,0
4427,0024960,262144,0,0,262144
4428,0024874,262144,0,262144,0
4429,0024875,262144,0,262144,0
4430,0007189,262144,227757,34387,0
4431,0024876,262144,0,262144,0
4432,0024877,262144,0,262144,0
4433,0024883,262144,0,262144,0
4434,0051621,262144,227730,33829,585
4435,0024965,262144,0,0,262144
4436,0024886,262144,0,262144,0
4437,0024896,262144,0,262144,0
4438,0024898,262144,0,262144,0
4439,0051763,262144,227730,33829,585
4440,0024922,262144,0,262144,0
4441,0024930,262144,0,262144,0
4442,0024966,262144,0,0,262144
4443,0024940,262144,0,262144,0
4444,0016787,262144,227713,34431,0
4445,0024946,262144,0,262144,0
4446,0024947,262144,0,262144,0
4447,0016842,262144,227713,34431,0
4448,0024948,262144,0,262144,0
4449,0024951,262144,0,262144,0
4450,0024952,262144,0,262144,0
4451,0024967,262144,0,0,262144
4452,0004724,262144,227705,34439,0
4453,0024953,262144,0,262144,0
4454,0024954,262144,0,262144,0
4455,0024955,262144,0,262144,0
4456,0035227,262144,227698,29458,4988
4457,0024956,262144,0,262144,0
4458,0025061,262144,0,262144,0
4459,0024968,262144,0,0,262144
4460,0025062,262144,0,262144,0
4461,0051889,262144,227696,34448,0
4462,0025084,262144,0,262144,0
4463,0025086,262144,0,262144,0
4464,0025088,262144,0,262144,0
4465,0052028,262144,227693,32725,1726
4466,0025109,262144,0,262144,0
4467,0024969,262144,0,0,262144
4468,0025111,262144,0,262144,0
4469,0025113,262144,0,262144,0
4470,0053987,262144,227689,34369,86
4471,0025132,262144,0,262144,0
4472,0025138,262144,0,262144,0
4473,0057340,262144,227687,34331,126
4474,0025162,262144,0,262144,0
4475,0024970,262144,0,0,262144
4476,0025163,262144,0,262144,0
4477,0025179,262144,0,262144,0
4478,0037764,262144,227673,34471,0
4479,0025184,262144,0,262144,0
4480,0025186,262144,0,262144,0
4481,0025187,262144,0,262144,0
4482,0038007,262144,227673,34471,0
4483,0025188,262144,0,262144,0
4484,0024971,262144,0,0,262144
4485,0025206,262144,0,262144,0
4486,0025207,262144,0,262144,0
4487,0037368,262144,227668,33711,765
4488,0025237,262144,0,262144,0
4489,0025246,262144,0,262144,0
4490,0025247,262144,0,262144,0
4491,0038031,262144,227668,34258,218
4492,0024972,262144,0,0,262144
4493,0025255,262144,0,262144,0
4494,0025256,262144,0,262144,0
4495,0041993,262144,227668,26767,7709
4496,0025261,262144,0,262144,0
4497,0025262,262144,0,262144,0
4498,0025274,262144,0,262144,0
4499,0044358,262144,227647,34497,0
4500,0024973,262144,0,0,262144
4501,0025275,262144,0,262144,0
4502,0025280,262144,0,262144,0
4503,0025281,262144,0,262144,0
4504,0012366,262144,227630,28522,5992
4505,0025284,262144,0,262144,0
4506,0025286,262144,0,262144,0
4507,0025287,262144,0,262144,0
4508,0024974,262144,0,0,262144
4509,0061341,262144,227604,34540,0
4510,0025288,262144,0,262144,0
4511,0025296,262144,0,262144,0
4512,0025303,262144,0,262144,0
4513,0018580,262144,227600,34544,0
4514,0025304,262144,0,262144,0
4515,0025305,262144,0,262144,0
4516,0024975,262144,0,0,262144
4517,0033557,262144,227590,34554,0
4518,0025306,262144,0,262144,0
4519,0025307,262144,0,262144,0
4520,0025309,262144,0,262144,0
4521,0040100,262144,227578,34566,0
4522,0025311,262144,0,262144,0
4523,0025312,262144,0,262144,0
4524,0024976,262144,0,0,262144
4525,0025313,262144,0,262144,0
4526,0040518,262144,227578,34566,0
4527,0025322,262144,0,262144,0
4528,0025329,262144,0,262144,0
4529,0025330,262144,0,262144,0
4530,0019847,262144,227531,34613,0
4531,0025331,262144,0,262144,0
4532,0024977,262144,0,0,262144
4533,0025332,262144,0,262144,0
4534,0025334,262144,0,262144,0
4535,0052291,262144,227529,33775,840
4536,0025336,262144,0,262144,0
4537,0025337,262144,0,262144,0
4538,0010080,262144,227520,30334,4290
4539,0025338,262144,0,262144,0
4540,0024983,262144,0,0,262144
4541,0025347,262144,0,262144,0
4542,0025351,262144,0,262144,0
4543,0010453,262144,227520,26802,7822
4544,0025354,262144,0,262144,0
4545,0025355,262144,0,262144,0
4546,0025356,262144,0,262144,0
4547,0057220,262144,227518,34626,0
4548,0025357,262144,0,262144,0
4549,0024984,262144,0,0,262144
4550,0025361,262144,0,262144,0
4551,0025362,262144,0,262144,0
4552,0034682,262144,227516,34628,0
4553,0025363,262144,0,262144,0
4554,0025374,262144,0,262144,0
4555,0025376,262144,0,262144,0
4556,0034554,262144,227509,23905,10730
4557,0024985,262144,0,0,262144
4558,0025378,262144,0,262144,0
4559,0025379,262144,0,262144,0
4560,0025380,262144,0,262144,0
4561,0050178,262144,227502,34642,0
4562,0025382,262144,0,262144,0
4563,0025386,262144,0,262144,0
4564,0019911,262144,227491,34653,0
4565,0025387,262144,0,262144,0
4566,0024986,262144,0,0,262144
4567,0025388,262144,0,262144,0
4568,0025405,262144,0,262144,0
4569,0012858,262144,227477,31230,3437
4570,0025406,262144,0,262144,0
4571,0025407,262144,0,262144,0
4572,0025409,262144,0,262144,0
4573,0024987,262144,0,0,262144
4574,0003722,262144,227460,34506,178
4575,0025411,262144,0,262144,0
4576,0025412,262144,0,262144,0
4577,0025413,262144,0,262144,0
4578,0016145,262144,227456,34688,0
4579,0025428,262144,0,262144,0
4580,0025430,262144,0,262144,0
4581,0024990,262144,0,0,262144
4582,0025431,262144,0,262144,0
4583,0043199,262144,227426,34718,0
4584,0025432,262144,0,262144,0
4585,0025434,262144,0,262144,0
4586,0011689,262144,227351,34564,229
4587,0025438,262144,0,262144,0
4588,0025452,262144,0,262144,0
4589,0024991,262144,0,0,262144
4590,0025455,262144,0,262144,0
4591,0019883,262144,227348,34796,0
4592,0025456,262144,0,262144,0
4593,0025457,262144,0,262144,0
4594,0025463,262144,0,262144,0
4595,0043219,262144,227340,34804,0
4596,0025464,262144,0,262144,0
4597,0025470,262144,0,262144,0
4598,0024992,262144,0,0,262144
4599,0025476,262144,0,262144,0
4600,0043617,262144,227340,34804,0
4601,0025483,262144,0,262144,0
4602,0025491,262144,0,262144,0
4603,0025497,262144,0,262144,0
4604,0024206,262144,227320,152,34672
4605,0025498,262144,0,262144,0
4606,0025504,262144,0,262144,0
4607,0024993,262144,0,0,262144
4608,0024222,262144,227320,170,34654
4609,0025511,262144,0,262144,0
4610,0025512,262144,0,262144,0
4611,0025514,262144,0,262144,0
4612,0018528,262144,227317,34827,0
4613,0025518,262144,0,262144,0
4614,0025526,262144,0,262144,0
4615,0025527,262144,0,262144,0
4616,0024994,262144,0,0,262144
4617,0036081,262144,227316,19567,15261
4618,0025529,262144,0,262144,0
4619,0025530,262144,0,262144,0
4620,0025531,262144,0,262144,0
4621,0027640,262144,227314,28248,6582
4622,0025544,262144,0,262144,0
4623,0025570,262144,0,262144,0
4624,0024995,262144,0,0,262144
4625,0025574,262144,0,262144,0
4626,0060624,262144,227309,34835,0
4627,0025580,262144,0,262144,0
4628,0025586,262144,0,262144,0
4629,0025590,262144,0,262144,0
4630,0010063,262144,227293,31792,3059
4631,0025594,262144,0,262144,0
4632,0025595,262144,0,262144,0
4633,0024996,262144,0,0,262144
4634,0025596,262144,0,262144,0
4635,0039612,262144,227290,32103,2751
4636,0025597,262144,0,262144,0
4637,0025598,262144,0,262144,0
4638,0024380,262144,227287,34764,93
4639,0025605,262144,0,262144,0
4640,0025611,262144,0,262144,0
4641,0024997,262144,0,0,262144
4642,0025625,262144,0,262144,0
4643,0024489,262144,227287,34764,93
4644,0025626,262144,0,262144,0
4645,0025627,262144,0,262144,0
4646,0025628,262144,0,262144,0
4647,0046109,262144,227260,34579,305
4648,0025629,262144,0,262144,0
4649,0024998,262144,0,0,262144
4650,0025631,262144,0,262144,0
4651,0025722,262144,0,262144,0
4652,0046361,262144,227260,34579,305
4653,0025744,262144,0,262144,0
4654,0025755,262144,0,262144,0
4655,0025762,262144,0,262144,0
4656,0046613,262144,227260,34579,305
4657,0024999,262144,0,0,262144
4658,0025763,262144,0,262144,0
4659,0025764,262144,0,262144,0
4660,0046865,262144,227260,34579,305
4661,0025784,262144,0,262144,0
4662,0025861,262144,0,262144,0
4663,0025873,262144,0,262144,0
4664,0047117,262144,227260,34579,305
4665,0025000,262144,0,0,262144
4666,0025885,262144,0,262144,0
4667,0025895,262144,0,262144,0
4668,0025897,262144,0,262144,0
4669,0047369,262144,227260,34884,0
4670,0025898,262144,0,262144,0
4671,0025907,262144,0,262144,0
4672,0025969,262144,0,262144,0
4673,0047621,262144,227260,34579,305
4674,0025001,262144,0,0,262144
4675,0026030,262144,0,262144,0
4676,0026034,262144,0,262144,0
4677,0026221,262144,0,262144,0
4678,0047873,262144,227260,34884,0
4679,0026230,262144,0,262144,0
4680,0026362,262144,0,262144,0
4681,0025002,262144,0,0,262144
4682,0009867,262144,227250,30915,3979
4683,0026432,262144,0,262144,0
4684,0026462,262144,0,262144,0
4685,0026466,262144,0,262144,0
4686,0015038,262144,227234,33186,1724
4687,0026469,262144,0,262144,0
4688,0026470,262144,0,262144,0
4689,0025003,262144,0,0,262144
4690,0026564,262144,0,262144,0
4691,0061612,262144,227234,0,34910
4692,0026566,262144,0,262144,0
4693,0026569,262144,0,262144,0
4694,0026578,262144,0,262144,0
4695,0034604,262144,227231,34913,0
4696,0026580,262144,0,262144,0
4697,0026581,262144,0,262144,0
4698,0025004,262144,0,0,262144
4699,0026588,262144,0,262144,0
4700,0014035,262144,227221,34412,511
4701,0026590,262144,0,262144,0
4702,0026591,262144,0,262144,0
4703,0031969,262144,227219,34757,168
4704,0026601,262144,0,262144,0
4705,0026602,262144,0,262144,0
4706,0026606,262144,0,262144,0
4707,0025005,262144,0,0,262144
4708,0028203,262144,227155,52,34937
4709,0026607,262144,0,262144,0
4710,0026608,262144,0,262144,0
4711,0026609,262144,0,262144,0
4712,0009911,262144,227149,34995,0
4713,0026630,262144,0,262144,0
4714,0026633,262144,0,262144,0
4715,0026659,262144,0,262144,0
4716,0025006,262144,0,0,262144
4717,0015645,262144,227145,34999,0
4718,0026740,262144,0,262144,0
4719,0026756,262144,0,262144,0
4720,0026757,262144,0,262144,0
4721,0038695,262144,227141,35003,0
4722,0026773,262144,0,262144,0
4723,0026774,262144,0,262144,0
4724,0025007,262144,0,0,262144
4725,0026775,262144,0,262144,0
4726,0019013,262144,227138,35006,0
4727,0026791,262144,0,262144,0
4728,0026821,262144,0,262144,0
4729,0053391,262144,227116,35028,0
4730,0026848,262144,0,262144,0
4731,0026861,262144,0,262144,0
4732,0025008,262144,0,0,262144
4733,0026893,262144,0,262144,0
4734,0051812,262144,227115,34696,333
4735,0026902,262144,0,262144,0
4736,0026976,262144,0,262144,0
4737,0026977,262144,0,262144,0
4738,0002003,262144,227092,35007,45
4739,0027000,262144,0,262144,0
4740,0025010,262144,0,0,262144
4741,0027001,262144,0,262144,0
4742,0027002,262144,0,262144,0
4743,0034219,262144,227074,33785,1285
4744,0027003,262144,0,262144,0
4745,0027004,262144,0,262144,0
4746,0027017,262144,0,262144,0
4747,0013061,262144,227040,34869,235
4748,0025015,262144,0,0,262144
4749,0027018,262144,0,262144,0
4750,0027055,262144,0,262144,0
4751,0003166,262144,227023,35121,0
4752,0027056,262144,0,262144,0
4753,0027065,262144,0,262144,0
4754,0027073,262144,0,262144,0
4755,0052098,262144,227021,35057,66
4756,0027131,262144,0,262144,0
4757,0025016,262144,0,0,262144
4758,0027412,262144,0,262144,0
4759,0027678,262144,0,262144,0
4760,0044906,262144,227014,35130,0
4761,0027680,262144,0,262144,0
4762,0027729,262144,0,262144,0
4763,0027738,262144,0,262144,0
4764,0028198,262144,226979,11446,23719
4765,0025017,262144,0,0,262144
4766,0027749,262144,0,262144,0
4767,0027765,262144,0,262144,0
4768,0027769,262144,0,262144,0
4769,0028200,262144,226966,32671,2507
4770,0027786,262144,0,262144,0
4771,0027797,262144,0,262144,0
4772,0050952,262144,226933,35211,0
4773,0027799,262144,0,262144,0
4774,0025018,262144,0,0,262144
4775,0027802,262144,0,262144,0
4776,0027803,262144,0,262144,0
4777,0026589,262144,226927,35217,0
4778,0027809,262144,0,262144,0
4779,0027821,262144,0,262144,0
4780,0027828,262144,0,262144,0
4781,0025019,262144,0,0,262144
4782,0041839,262144,226927,35217,0
4783,0027844,262144,0,262144,0
4784,0027849,262144,0,262144,0
4785,0027850,262144,0,262144,0
4786,0050906,262144,226921,35223,0
4787,0027851,262144,0,262144,0
4788,0027852,262144,0,262144,0
4789,0025020,262144,0,0,262144
4790,0027853,262144,0,262144,0
4791,0005319,262144,226893,16175,19076
4792,0027854,262144,0,262144,0
4793,0027856,262144,0,262144,0
4794,0002010,262144,226884,35260,0
4795,0027857,262144,0,262144,0
4796,0027858,262144,0,262144,0
4797,0027859,262144,0,262144,0
4798,0025021,262144,0,0,262144
4799,0031783,262144,226880,34618,646
4800,0027861,262144,0,262144,0
4801,0027882,262144,0,262144,0
4802,0027883,262144,0,262144,0
4803,0061191,262144,226849,35181,114
4804,0027884,262144,0,262144,0
4805,0027885,262144,0,262144,0
4806,0025022,262144,0,0,262144
4807,0027886,262144,0,262144,0
4808,0057128,262144,226837,35307,0
4809,0027889,262144,0,262144,0
4810,0027890,262144,0,262144,0
4811,0027891,262144,0,262144,0
4812,0028829,262144,226816,34025,1303
4813,0027892,262144,0,262144,0
4814,0025023,262144,0,0,262144
4815,0027901,262144,0,262144,0
4816,0028830,262144,226816,34727,601
4817,0027912,262144,0,262144,0
4818,0027916,262144,0,262144,0
4819,0027917,262144,0,262144,0
4820,0028831,262144,226816,32285,3043
4821,0027923,262144,0,262144,0
4822,0025024,262144,0,0,262144
4823,0027924,262144,0,262144,0
4824,0027925,262144,0,262144,0
4825,0028832,262144,226816,35328,0
4826,0027926,262144,0,262144,0
4827,0027935,262144,0,262144,0
4828,0027937,262144,0,262144,0
4829,0028833,262144,226816,35328,0
4830,0027946,262144,0,262144,0
4831,0025025,262144,0,0,262144
4832,0027950,262144,0,262144,0
4833,0027956,262144,0,262144,0
4834,0028834,262144,226816,34751,577
4835,0027958,262144,0,262144,0
4836,0027959,262144,0,262144,0
4837,0028835,262144,226816,8940,26388
4838,0027960,262144,0,262144,0
4839,0025026,262144,0,0,262144
4840,0027963,262144,0,262144,0
4841,0027967,262144,0,262144,0
4842,0028836,262144,226816,34615,713
4843,0027976,262144,0,262144,0
4844,0027999,262144,0,262144,0
4845,0028006,262144,0,262144,0
4846,0005223,262144,226791,0,35353
4847,0028011,262144,0,262144,0
4848,0028012,262144,0,262144,0
4849,0025027,262144,0,0,262144
4850,0028025,262144,0,262144,0
4851,0000068,262144,226789,0,35355
4852,0028042,262144,0,262144,0
4853,0028043,262144,0,262144,0
4854,0028050,262144,0,262144,0
4855,0038241,262144,226785,33505,1854
4856,0028051,262144,0,262144,0
4857,0028055,262144,0,262144,0
4858,0025028,262144,0,0,262144
4859,0028060,262144,0,262144,0
4860,0053261,262144,226766,20266,15112
4861,0028077,262144,0,262144,0
4862,0028078,262144,0,262144,0
4863,0028079,262144,0,262144,0
4864,0032191,262144,226764,35380,0
4865,0028087,262144,0,262144,0
4866,0025029,262144,0,0,262144
4867,0028091,262144,0,262144,0
4868,0012601,262144,226760,35384,0
4869,0028092,262144,0,262144,0
4870,0028093,262144,0,262144,0
4871,0028106,262144,0,262144,0
4872,0005595,262144,226757,35197,190
4873,0028107,262144,0,262144,0
4874,0025030,262144,0,0,262144
4875,0028116,262144,0,262144,0
4876,0028124,262144,0,262144,0
4877,0027543,262144,226757,0,35387
4878,0028128,262144,0,262144,0
4879,0028129,262144,0,262144,0
4880,0028130,262144,0,262144,0
4881,0050009,262144,226713,0,35431
4882,0028132,262144,0,262144,0
4883,0028139,262144,0,262144,0
4884,0025031,262144,0,0,262144
4885,0028140,262144,0,262144,0
4886,0045556,262144,226700,35444,0
4887,0028152,262144,0,262144,0
4888,0028590,262144,0,262144,0
4889,0028702,262144,0,262144,0
4890,0038709,262144,226697,35447,0
4891,0028712,262144,0,262144,0
4892,0028731,262144,0,262144,0
4893,0025033,262144,0,0,262144
4894,0010341,262144,226682,34399,1063
4895,0028738,262144,0,262144,0
4896,0028766,262144,0,262144,0
4897,0028767,262144,0,262144,0
4898,0006993,262144,226666,35478,0
4899,0028768,262144,0,262144,0
4900,0028769,262144,0,262144,0
4901,0025035,262144,0,0,262144
4902,0028775,262144,0,262144,0
4903,0007095,262144,226666,35478,0
4904,0028784,262144,0,262144,0
4905,0028793,262144,0,262144,0
4906,0028794,262144,0,262144,0
4907,0037909,262144,226650,31858,3636
4908,0028815,262144,0,262144,0
4909,0025040,262144,0,0,262144
4910,0028840,262144,0,262144,0
4911,0028846,262144,0,262144,0
4912,0060438,262144,226639,35505,0
4913,0028847,262144,0,262144,0
4914,0028856,262144,0,262144,0
4915,0045265,262144,226630,35514,0
4916,0028857,262144,0,262144,0
4917,0025041,262144,0,0,262144
4918,0028864,262144,0,262144,0
4919,0028879,262144,0,262144,0
4920,0045351,262144,226630,35514,0
4921,0028905,262144,0,262144,0
4922,0028921,262144,0,262144,0
4923,0028923,262144,0,262144,0
4924,0046316,262144,226602,35542,0
4925,0025042,262144,0,0,262144
4926,0028924,262144,0,262144,0
4927,0028953,262144,0,262144,0
4928,0028958,262144,0,262144,0
4929,0046568,262144,226602,35542,0
4930,0028977,262144,0,262144,0
4931,0029000,262144,0,262144,0
4932,0046820,262144,226602,35542,0
4933,0029007,262144,0,262144,0
4934,0025043,262144,0,0,262144
4935,0029014,262144,0,262144,0
4936,0029021,262144,0,262144,0
4937,0047072,262144,226602,35542,0
4938,0029025,262144,0,262144,0
4939,0029027,262144,0,262144,0
4940,0029031,262144,0,262144,0
4941,0025044,262144,0,0,262144
4942,0047324,262144,226602,35542,0
4943,0029041,262144,0,262144,0
4944,0029048,262144,0,262144,0
4945,0029083,262144,0,262144,0
4946,0047576,262144,226602,35542,0
4947,0029106,262144,0,262144,0
4948,0029163,262144,0,262144,0
4949,0025048,262144,0,0,262144
4950,0029178,262144,0,262144,0
4951,0047828,262144,226602,35542,0
4952,0029179,262144,0,262144,0
4953,0029180,262144,0,262144,0
4954,0048080,262144,226602,35542,0
4955,0029183,262144,0,262144,0
4956,0029189,262144,0,262144,0
4957,0025054,262144,0,0,262144
4958,0029190,262144,0,262144,0
4959,0042850,262144,226581,27527,8036
4960,0029191,262144,0,262144,0
4961,0029192,262144,0,262144,0
4962,0029208,262144,0,262144,0
4963,0040253,262144,226577,27830,7737
4964,0029209,262144,0,262144,0
4965,0029224,262144,0,262144,0
4966,0025058,262144,0,0,262144
4967,0029249,262144,0,262144,0
4968,0040671,262144,226577,29620,5947
4969,0029262,262144,0,262144,0
4970,0029267,262144,0,262144,0
4971,0029269,262144,0,262144,0
4972,0023250,262144,226576,35568,0
4973,0029270,262144,0,262144,0
4974,0025065,262144,0,0,262144
4975,0029271,262144,0,262144,0
4976,0027481,262144,226570,327,35247
4977,0029282,262144,0,262144,0
4978,0029283,262144,0,262144,0
4979,0029286,262144,0,262144,0
4980,0015540,262144,226555,35589,0
4981,0029287,262144,0,262144,0
4982,0029294,262144,0,262144,0
4983,0025067,262144,0,0,262144
4984,0029302,262144,0,262144,0
4985,0058025,262144,226554,35590,0
4986,0029312,262144,0,262144,0
4987,0029313,262144,0,262144,0
4988,0029321,262144,0,262144,0
4989,0007274,262144,226514,35630,0
4990,0029332,262144,0,262144,0
4991,0025073,262144,0,0,262144
4992,0029333,262144,0,262144,0
4993,0029335,262144,0,262144,0
4994,0031849,262144,226509,35635,0
4995,0029339,262144,0,262144,0
4996,0029340,262144,0,262144,0
4997,0026734,262144,226501,3720,31923
4998,0029353,262144,0,262144,0
4999,0029356,262144,0,262144,0
5000,0025209,262144,0,0,262144
