{
  "hist_csv": "/shared/home/cgilli/phisat2/splits/lulc/lulc_train_sample_hist.csv",
  "requested_size": "50",
  "seed": 42,
  "selected_size": 50,
  "strategy": "global",
  "summary": {
    "full_counts": {
      "class_0": 3472128758,
      "class_1": 1353158864,
      "class_10": 15228,
      "class_2": 2729257576,
      "class_3": 2250231077,
      "class_4": 586885245,
      "class_5": 189300765,
      "class_6": 96162,
      "class_7": 1254150043,
      "class_8": 134935988,
      "class_9": 62053286
    },
    "full_fractions": {
      "class_0": 0.2885694227910157,
      "class_1": 0.11246134563107309,
      "class_10": 1.2656025961412767e-06,
      "class_2": 0.22682922732623115,
      "class_3": 0.18701722438724597,
      "class_4": 0.048776168223601875,
      "class_5": 0.01573283028864787,
      "class_6": 7.992046023781026e-06,
      "class_7": 0.10423269965665183,
      "class_8": 0.011214561119364867,
      "class_9": 0.0051572629275477505
    },
    "full_total_pixels": 12032212992.0,
    "l1_distance": 0.11733910227974793,
    "subset_counts": {
      "class_0": 853395,
      "class_1": 327680,
      "class_10": 458,
      "class_2": 720904,
      "class_3": 589828,
      "class_4": 196461,
      "class_5": 92705,
      "class_6": 36613,
      "class_7": 327684,
      "class_8": 65536,
      "class_9": 65536
    },
    "subset_fractions": {
      "class_0": 0.26043548583984377,
      "class_1": 0.1,
      "class_10": 0.0001397705078125,
      "class_2": 0.22000244140625,
      "class_3": 0.180001220703125,
      "class_4": 0.05995513916015625,
      "class_5": 0.02829132080078125,
      "class_6": 0.01117340087890625,
      "class_7": 0.100001220703125,
      "class_8": 0.02,
      "class_9": 0.02
    },
    "subset_size": 50,
    "subset_total_pixels": 3276800.0,
    "target_fractions": {
      "class_0": 0.2885694227910157,
      "class_1": 0.11246134563107309,
      "class_10": 1.2656025961412767e-06,
      "class_2": 0.22682922732623115,
      "class_3": 0.18701722438724597,
      "class_4": 0.048776168223601875,
      "class_5": 0.01573283028864787,
      "class_6": 7.992046023781026e-06,
      "class_7": 0.10423269965665183,
      "class_8": 0.011214561119364867,
      "class_9": 0.0051572629275477505
    }
  }
}