{
  "hist_csv": "/shared/home/cgilli/phisat2/splits/lulc/lulc_train_sample_hist.csv",
  "requested_size": "5000",
  "seed": 42,
  "selected_size": 5000,
  "strategy": "global",
  "summary": {
    "full_counts": {
      "class_0": 3472128758,
      "class_1": 1353158864,
      "class_10": 15228,
      "class_2": 2729257576,
      "class_3": 2250231077,
      "class_4": 586885245,
      "class_5": 189300765,
      "class_6": 96162,
      "class_7": 1254150043,
      "class_8": 134935988,
      "class_9": 62053286
    },
    "full_fractions": {
      "class_0": 0.2885694227910157,
      "class_1": 0.11246134563107309,
      "class_10": 1.2656025961412767e-06,
      "class_2": 0.22682922732623115,
      "class_3": 0.18701722438724597,
      "class_4": 0.048776168223601875,
      "class_5": 0.01573283028864787,
      "class_6": 7.992046023781026e-06,
      "class_7": 0.10423269965665183,
      "class_8": 0.011214561119364867,
      "class_9": 0.0051572629275477505
    },
    "full_total_pixels": 12032212992.0,
    "l1_distance": 0.000813101159803711,
    "subset_counts": {
      "class_0": 94480286,
      "class_1": 36816998,
      "class_10": 458,
      "class_2": 74319906,
      "class_3": 61268559,
      "class_4": 16022322,
      "class_5": 5187970,
      "class_6": 36613,
      "class_7": 34173735,
      "class_8": 3676496,
      "class_9": 1696657
    },
    "subset_fractions": {
      "class_0": 0.28833095092773436,
      "class_1": 0.11235656127929687,
      "class_10": 1.397705078125e-06,
      "class_2": 0.22680635375976563,
      "class_3": 0.18697680358886717,
      "class_4": 0.04889624633789062,
      "class_5": 0.015832427978515626,
      "class_6": 0.0001117340087890625,
      "class_7": 0.10428996276855469,
      "class_8": 0.011219775390625,
      "class_9": 0.005177786254882812
    },
    "subset_size": 5000,
    "subset_total_pixels": 327680000.0,
    "target_fractions": {
      "class_0": 0.2885694227910157,
      "class_1": 0.11246134563107309,
      "class_10": 1.2656025961412767e-06,
      "class_2": 0.22682922732623115,
      "class_3": 0.18701722438724597,
      "class_4": 0.048776168223601875,
      "class_5": 0.01573283028864787,
      "class_6": 7.992046023781026e-06,
      "class_7": 0.10423269965665183,
      "class_8": 0.011214561119364867,
      "class_9": 0.0051572629275477505
    }
  }
}