sample_id,total_pixels,class_0,class_1
0000000,262144,196608,65536
0000001,262144,196608,65536
0000002,262144,196608,65536
0000003,262144,196608,65536
0000004,262144,196608,65536
0000005,262144,196608,65536
0000006,262144,196608,65536
0000007,262144,196608,65536
0000008,262144,196608,65536
0000009,262144,196608,65536
0000010,262144,196608,65536
0000011,262144,196608,65536
0000012,262144,196608,65536
0000013,262144,196608,65536
0000014,262144,196608,65536
0000015,262144,196608,65536
0000016,262144,196608,65536
0000017,262144,196608,65536
0000018,262144,196608,65536
0000019,262144,196608,65536
0000020,262144,196608,65536
0000021,262144,196608,65536
0000022,262144,196608,65536
0000023,262144,196608,65536
0000024,262144,196608,65536
0000025,262144,196608,65536
0000026,262144,196608,65536
0000027,262144,196608,65536
0000028,262144,196608,65536
0000029,262144,196608,65536
0000030,262144,196608,65536
0000031,262144,196608,65536
0000032,262144,196608,65536
0000033,262144,196608,65536
0000034,262144,196608,65536
0000035,262144,196608,65536
0000036,262144,196608,65536
0000037,262144,196608,65536
0000038,262144,196608,65536
0000039,262144,196608,65536
0000040,262144,196608,65536
0000041,262144,196608,65536
0000042,262144,196608,65536
0000043,262144,196608,65536
0000044,262144,196608,65536
0000045,262144,196608,65536
0000046,262144,196608,65536
0000047,262144,196608,65536
0000048,262144,196608,65536
0000049,262144,196608,65536
0000050,262144,196608,65536
0000051,262144,196608,65536
0000052,262144,196608,65536
0000053,262144,196608,65536
0000054,262144,196608,65536
0000055,262144,196608,65536
0000056,262144,196608,65536
0000057,262144,196608,65536
0000058,262144,196608,65536
0000059,262144,196608,65536
0000060,262144,196608,65536
0000061,262144,196608,65536
0000062,262144,196608,65536
0000063,262144,196608,65536
0000064,262144,196608,65536
0000065,262144,196608,65536
0000066,262144,196608,65536
0000067,262144,196608,65536
0000068,262144,196608,65536
0000069,262144,196608,65536
0000070,262144,196608,65536
0000071,262144,196608,65536
0000072,262144,196608,65536
0000073,262144,196608,65536
0000074,262144,196608,65536
0000075,262144,196608,65536
0000076,262144,196608,65536
0000077,262144,196608,65536
0000078,262144,196608,65536
0000079,262144,196608,65536
0000080,262144,196608,65536
0000081,262144,196608,65536
0000082,262144,196608,65536
0000083,262144,196608,65536
0000084,262144,196608,65536
0000085,262144,196608,65536
0000086,262144,196608,65536
0000087,262144,196608,65536
0000088,262144,196608,65536
0000089,262144,196608,65536
0000090,262144,196608,65536
0000091,262144,196608,65536
0000092,262144,196608,65536
0000093,262144,196608,65536
0000094,262144,196608,65536
0000095,262144,196608,65536
0000096,262144,196608,65536
0000097,262144,196608,65536
0000098,262144,196608,65536
0000099,262144,196608,65536
0000100,262144,196608,65536
0000101,262144,196608,65536
0000102,262144,196608,65536
0000103,262144,196608,65536
0000104,262144,196608,65536
0000105,262144,196608,65536
0000106,262144,196608,65536
0000107,262144,196608,65536
0000108,262144,196608,65536
0000109,262144,196608,65536
0000110,262144,196608,65536
0000111,262144,196608,65536
0000112,262144,196608,65536
0000113,262144,196608,65536
0000114,262144,196608,65536
0000115,262144,196608,65536
0000116,262144,196608,65536
0000117,262144,196608,65536
0000118,262144,196608,65536
0000119,262144,196608,65536
0000120,262144,196608,65536
0000121,262144,196608,65536
0000122,262144,196608,65536
0000123,262144,196608,65536
0000124,262144,196608,65536
0000125,262144,196608,65536
0000126,262144,196608,65536
0000127,262144,196608,65536
0000128,262144,196608,65536
0000129,262144,196608,65536
0000130,262144,196608,65536
0000131,262144,196608,65536
0000132,262144,196608,65536
0000133,262144,196608,65536
0000134,262144,196608,65536
0000135,262144,196608,65536
0000136,262144,196608,65536
0000137,262144,196608,65536
0000138,262144,196608,65536
0000139,262144,196608,65536
0000140,262144,196608,65536
0000141,262144,196608,65536
0000142,262144,196608,65536
0000143,262144,196608,65536
0000144,262144,196608,65536
0000145,262144,196608,65536
0000146,262144,196608,65536
0000147,262144,196608,65536
0000148,262144,196608,65536
0000149,262144,196608,65536
0000150,262144,196608,65536
0000151,262144,196608,65536
0000152,262144,196608,65536
0000153,262144,196608,65536
0000154,262144,196608,65536
0000155,262144,196608,65536
0000156,262144,196608,65536
0000157,262144,196608,65536
0000158,262144,196608,65536
0000159,262144,196608,65536
0000160,262144,196608,65536
0000161,262144,196608,65536
0000162,262144,196608,65536
0000163,262144,196608,65536
0000164,262144,196608,65536
0000165,262144,196608,65536
0000166,262144,196608,65536
0000167,262144,196608,65536
0000168,262144,196608,65536
0000169,262144,196608,65536
0000170,262144,196608,65536
0000171,262144,196608,65536
0000172,262144,196608,65536
0000173,262144,196608,65536
0000174,262144,196608,65536
0000175,262144,196608,65536
0000176,262144,196608,65536
0000177,262144,196608,65536
0000178,262144,196608,65536
0000179,262144,196608,65536
0000180,262144,196608,65536
0000181,262144,196608,65536
0000182,262144,196608,65536
0000183,262144,196608,65536
0000184,262144,196608,65536
0000185,262144,196608,65536
0000186,262144,196608,65536
0000187,262144,196608,65536
0000188,262144,196608,65536
0000189,262144,196608,65536
0000190,262144,196608,65536
0000191,262144,196608,65536
0000192,262144,196608,65536
0000193,262144,196608,65536
0000194,262144,196608,65536
0000195,262144,196608,65536
0000196,262144,196608,65536
0000197,262144,196608,65536
0000198,262144,196608,65536
0000199,262144,196608,65536
0000200,262144,196608,65536
0000201,262144,196608,65536
0000202,262144,196608,65536
0000203,262144,196608,65536
0000204,262144,196608,65536
0000205,262144,196608,65536
0000206,262144,196608,65536
0000207,262144,196608,65536
0000208,262144,196608,65536
0000209,262144,196608,65536
0000210,262144,196608,65536
0000211,262144,196608,65536
0000212,262144,196608,65536
0000213,262144,196608,65536
0000214,262144,196608,65536
0000215,262144,196608,65536
0000216,262144,196608,65536
0000217,262144,196608,65536
0000218,262144,196608,65536
0000219,262144,196608,65536
0000220,262144,196608,65536
0000221,262144,196608,65536
0000222,262144,196608,65536
0000223,262144,196608,65536
0000224,262144,196608,65536
0000225,262144,196608,65536
0000226,262144,196608,65536
0000227,262144,196608,65536
0000228,262144,196608,65536
0000229,262144,196608,65536
0000230,262144,196608,65536
0000231,262144,196608,65536
0000232,262144,196608,65536
0000233,262144,196608,65536
0000234,262144,196608,65536
0000235,262144,196608,65536
0000236,262144,196608,65536
0000237,262144,196608,65536
0000238,262144,196608,65536
0000239,262144,196608,65536
0000240,262144,196608,65536
0000241,262144,196608,65536
0000242,262144,196608,65536
0000243,262144,196608,65536
0000244,262144,196608,65536
0000245,262144,196608,65536
0000246,262144,196608,65536
0000247,262144,196608,65536
0000248,262144,196608,65536
0000249,262144,196608,65536
0000250,262144,196608,65536
0000251,262144,196608,65536
0000252,262144,196608,65536
0000253,262144,196608,65536
0000254,262144,196608,65536
0000255,262144,196608,65536
0000256,262144,196608,65536
0000257,262144,196608,65536
0000258,262144,196608,65536
0000259,262144,196608,65536
0000260,262144,196608,65536
0000261,262144,196608,65536
0000262,262144,196608,65536
0000263,262144,196608,65536
0000264,262144,196608,65536
0000265,262144,196608,65536
0000266,262144,196608,65536
0000267,262144,196608,65536
0000268,262144,196608,65536
0000269,262144,196608,65536
0000270,262144,196608,65536
0000271,262144,196608,65536
0000272,262144,196608,65536
0000273,262144,196608,65536
0000274,262144,196608,65536
0000275,262144,196608,65536
0000276,262144,196608,65536
0000277,262144,196608,65536
0000278,262144,196608,65536
0000279,262144,196608,65536
0000280,262144,196608,65536
0000281,262144,196608,65536
0000282,262144,196608,65536
0000283,262144,196608,65536
0000284,262144,196608,65536
0000285,262144,196608,65536
0000286,262144,196608,65536
0000287,262144,196608,65536
0000288,262144,196608,65536
0000289,262144,196608,65536
0000290,262144,196608,65536
0000291,262144,196608,65536
0000292,262144,196608,65536
0000293,262144,196608,65536
0000294,262144,196608,65536
0000295,262144,196608,65536
0000296,262144,196608,65536
0000297,262144,196608,65536
0000298,262144,196608,65536
0000299,262144,196608,65536
0000300,262144,196608,65536
0000301,262144,196608,65536
0000302,262144,196608,65536
0000303,262144,196608,65536
0000304,262144,196608,65536
0000305,262144,196608,65536
0000306,262144,196608,65536
0000307,262144,196608,65536
0000308,262144,196608,65536
0000309,262144,196608,65536
0000310,262144,196608,65536
0000311,262144,196608,65536
0000312,262144,196608,65536
0000313,262144,196608,65536
0000314,262144,196608,65536
0000315,262144,196608,65536
0000316,262144,196608,65536
0000317,262144,196608,65536
0000318,262144,196608,65536
0000319,262144,196608,65536
0000320,262144,196608,65536
0000321,262144,196608,65536
0000322,262144,196608,65536
0000323,262144,196608,65536
0000324,262144,196608,65536
0000325,262144,196608,65536
0000326,262144,196608,65536
0000327,262144,196608,65536
0000328,262144,196608,65536
0000329,262144,196608,65536
0000330,262144,196608,65536
0000331,262144,196608,65536
0000332,262144,196608,65536
0000333,262144,196608,65536
0000334,262144,196608,65536
0000335,262144,196608,65536
0000336,262144,196608,65536
0000337,262144,196608,65536
0000338,262144,196608,65536
0000339,262144,196608,65536
0000340,262144,196608,65536
0000341,262144,196608,65536
0000342,262144,196608,65536
0000343,262144,196608,65536
0000344,262144,196608,65536
0000345,262144,196608,65536
0000346,262144,196608,65536
0000347,262144,196608,65536
0000348,262144,196608,65536
0000349,262144,196608,65536
0000350,262144,196608,65536
0000351,262144,196608,65536
0000352,262144,196608,65536
0000353,262144,196608,65536
0000354,262144,196608,65536
0000355,262144,196608,65536
0000356,262144,196608,65536
0000357,262144,196608,65536
0000358,262144,196608,65536
0000359,262144,196608,65536
0000360,262144,196608,65536
0000361,262144,196608,65536
0000362,262144,196608,65536
0000363,262144,196608,65536
0000364,262144,196608,65536
0000365,262144,196608,65536
0000366,262144,196608,65536
0000367,262144,196608,65536
0000368,262144,196608,65536
0000369,262144,196608,65536
0000370,262144,196608,65536
0000371,262144,196608,65536
0000372,262144,196608,65536
0000373,262144,196608,65536
0000374,262144,196608,65536
0000375,262144,196608,65536
0000376,262144,196608,65536
0000377,262144,196608,65536
0000378,262144,196608,65536
0000379,262144,196608,65536
0000380,262144,196608,65536
0000381,262144,196608,65536
0000382,262144,196608,65536
0000383,262144,196608,65536
0000384,262144,196608,65536
0000385,262144,196608,65536
0000386,262144,196608,65536
0000387,262144,196608,65536
0000388,262144,196608,65536
0000389,262144,196608,65536
0000390,262144,196608,65536
0000391,262144,196608,65536
0000392,262144,196608,65536
0000393,262144,196608,65536
0000394,262144,196608,65536
0000395,262144,196608,65536
0000396,262144,196608,65536
0000397,262144,196608,65536
0000398,262144,196608,65536
0000399,262144,196608,65536
0000400,262144,196608,65536
0000401,262144,196608,65536
0000402,262144,196608,65536
0000403,262144,196608,65536
0000404,262144,196608,65536
0000405,262144,196608,65536
0000406,262144,196608,65536
0000407,262144,196608,65536
0000408,262144,196608,65536
0000409,262144,196608,65536
0000410,262144,196608,65536
0000411,262144,196608,65536
0000412,262144,196608,65536
0000413,262144,196608,65536
0000414,262144,196608,65536
0000415,262144,196608,65536
0000416,262144,196608,65536
0000417,262144,196608,65536
0000418,262144,196608,65536
0000419,262144,196608,65536
0000420,262144,196608,65536
0000421,262144,196608,65536
0000422,262144,196608,65536
0000423,262144,196608,65536
0000424,262144,196608,65536
0000425,262144,196608,65536
0000426,262144,196608,65536
0000427,262144,196608,65536
0000428,262144,196608,65536
0000429,262144,196608,65536
0000430,262144,196608,65536
0000431,262144,196608,65536
0000432,262144,196608,65536
0000433,262144,196608,65536
0000434,262144,196608,65536
0000435,262144,196608,65536
0000436,262144,196608,65536
0000437,262144,196608,65536
0000438,262144,196608,65536
0000439,262144,196608,65536
0000440,262144,196608,65536
0000441,262144,196608,65536
0000442,262144,196608,65536
0000443,262144,196608,65536
0000444,262144,196608,65536
0000445,262144,196608,65536
0000446,262144,196608,65536
0000447,262144,196608,65536
0000448,262144,196608,65536
0000449,262144,196608,65536
0000450,262144,196608,65536
0000451,262144,196608,65536
0000452,262144,196608,65536
0000453,262144,196608,65536
0000454,262144,196608,65536
0000455,262144,196608,65536
0000456,262144,196608,65536
0000457,262144,196608,65536
0000458,262144,196608,65536
0000459,262144,196608,65536
0000460,262144,196608,65536
0000461,262144,196608,65536
0000462,262144,196608,65536
0000463,262144,196608,65536
0000464,262144,196608,65536
0000465,262144,196608,65536
0000466,262144,196608,65536
0000467,262144,196608,65536
0000468,262144,196608,65536
0000469,262144,196608,65536
0000470,262144,196608,65536
0000471,262144,196608,65536
0000472,262144,196608,65536
0000473,262144,196608,65536
0000474,262144,196608,65536
0000475,262144,196608,65536
0000476,262144,196608,65536
0000477,262144,196608,65536
0000478,262144,196608,65536
0000479,262144,196608,65536
0000480,262144,196608,65536
0000481,262144,196608,65536
0000482,262144,196608,65536
0000483,262144,196608,65536
0000484,262144,196608,65536
0000485,262144,196608,65536
0000486,262144,196608,65536
0000487,262144,196608,65536
0000488,262144,196608,65536
0000489,262144,196608,65536
0000490,262144,196608,65536
0000491,262144,196608,65536
0000492,262144,196608,65536
0000493,262144,196608,65536
0000494,262144,196608,65536
0000495,262144,196608,65536
0000496,262144,196608,65536
0000497,262144,196608,65536
0000498,262144,196608,65536
0000499,262144,196608,65536
0000500,262144,196608,65536
0000501,262144,196608,65536
0000502,262144,196608,65536
0000503,262144,196608,65536
0000504,262144,196608,65536
0000505,262144,196608,65536
0000506,262144,196608,65536
0000507,262144,196608,65536
0000508,262144,196608,65536
0000509,262144,196608,65536
0000510,262144,196608,65536
0000511,262144,196608,65536
0000512,262144,196608,65536
0000513,262144,196608,65536
0000514,262144,196608,65536
0000515,262144,196608,65536
0000516,262144,196608,65536
0000517,262144,196608,65536
0000518,262144,196608,65536
0000519,262144,196608,65536
0000520,262144,196608,65536
0000521,262144,196608,65536
0000522,262144,196608,65536
0000523,262144,196608,65536
0000524,262144,196608,65536
0000525,262144,196608,65536
0000526,262144,196608,65536
0000527,262144,196608,65536
0000528,262144,196608,65536
0000529,262144,196608,65536
0000530,262144,196608,65536
0000531,262144,196608,65536
0000532,262144,196608,65536
0000533,262144,196608,65536
0000534,262144,196608,65536
0000535,262144,196608,65536
0000536,262144,196608,65536
0000537,262144,196608,65536
0000538,262144,196608,65536
0000539,262144,196608,65536
0000540,262144,196608,65536
0000541,262144,196608,65536
0000542,262144,196608,65536
0000543,262144,196608,65536
0000544,262144,196608,65536
0000545,262144,196608,65536
0000546,262144,196608,65536
0000547,262144,196608,65536
0000548,262144,196608,65536
0000549,262144,196608,65536
0000550,262144,196608,65536
0000551,262144,196608,65536
0000552,262144,196608,65536
0000553,262144,196608,65536
0000554,262144,196608,65536
0000555,262144,196608,65536
0000556,262144,196608,65536
0000557,262144,196608,65536
0000558,262144,196608,65536
0000559,262144,196608,65536
0000560,262144,196608,65536
0000561,262144,196608,65536
0000562,262144,196608,65536
0000563,262144,196608,65536
0000564,262144,196608,65536
0000565,262144,196608,65536
0000566,262144,196608,65536
0000567,262144,196608,65536
0000568,262144,196608,65536
0000569,262144,196608,65536
0000570,262144,196608,65536
0000571,262144,196608,65536
0000572,262144,196608,65536
0000573,262144,196608,65536
0000574,262144,196608,65536
0000575,262144,196608,65536
0000576,262144,196608,65536
0000577,262144,196608,65536
0000578,262144,196608,65536
0000579,262144,196608,65536
0000580,262144,196608,65536
0000581,262144,196608,65536
0000582,262144,196608,65536
0000583,262144,196608,65536
0000584,262144,196608,65536
0000585,262144,196608,65536
0000586,262144,196608,65536
0000587,262144,196608,65536
0000588,262144,196608,65536
0000589,262144,196608,65536
0000590,262144,196608,65536
0000591,262144,196608,65536
0000592,262144,196608,65536
0000593,262144,196608,65536
0000594,262144,196608,65536
0000595,262144,196608,65536
0000596,262144,196608,65536
0000597,262144,196608,65536
0000598,262144,196608,65536
0000599,262144,196608,65536
0000600,262144,196608,65536
0000601,262144,196608,65536
0000602,262144,196608,65536
0000603,262144,196608,65536
0000604,262144,196608,65536
0000605,262144,196608,65536
0000606,262144,196608,65536
0000607,262144,196608,65536
0000608,262144,196608,65536
0000609,262144,196608,65536
0000610,262144,196608,65536
0000611,262144,196608,65536
0000612,262144,196608,65536
0000613,262144,196608,65536
0000614,262144,196608,65536
0000615,262144,196608,65536
0000616,262144,196608,65536
0000617,262144,196608,65536
0000618,262144,196608,65536
0000619,262144,196608,65536
0000620,262144,196608,65536
0000621,262144,196608,65536
0000622,262144,196608,65536
0000623,262144,196608,65536
0000624,262144,196608,65536
0000625,262144,196608,65536
0000626,262144,196608,65536
0000627,262144,196608,65536
0000628,262144,196608,65536
0000629,262144,196608,65536
0000630,262144,196608,65536
0000631,262144,196608,65536
0000632,262144,196608,65536
0000633,262144,196608,65536
0000634,262144,196608,65536
0000635,262144,196608,65536
0000636,262144,196608,65536
0000637,262144,196608,65536
0000638,262144,196608,65536
0000639,262144,196608,65536
0000640,262144,196608,65536
0000641,262144,196608,65536
0000642,262144,196608,65536
0000643,262144,196608,65536
0000644,262144,196608,65536
0000645,262144,196608,65536
0000646,262144,196608,65536
0000647,262144,196608,65536
0000648,262144,196608,65536
0000649,262144,196608,65536
0000650,262144,196608,65536
0000651,262144,196608,65536
0000652,262144,196608,65536
0000653,262144,196608,65536
0000654,262144,196608,65536
0000655,262144,196608,65536
0000656,262144,196608,65536
0000657,262144,196608,65536
0000658,262144,196608,65536
0000659,262144,196608,65536
0000660,262144,196608,65536
0000661,262144,196608,65536
0000662,262144,196608,65536
0000663,262144,196608,65536
0000664,262144,196608,65536
0000665,262144,196608,65536
0000666,262144,196608,65536
0000667,262144,196608,65536
0000668,262144,196608,65536
0000669,262144,196608,65536
0000670,262144,196608,65536
0000671,262144,196608,65536
0000672,262144,196608,65536
0000673,262144,196608,65536
0000674,262144,196608,65536
0000675,262144,196608,65536
0000676,262144,196608,65536
0000677,262144,196608,65536
0000678,262144,196608,65536
0000679,262144,196608,65536
0000680,262144,196608,65536
0000681,262144,196608,65536
0000682,262144,196608,65536
0000683,262144,196608,65536
0000684,262144,196608,65536
0000685,262144,196608,65536
0000686,262144,196608,65536
0000687,262144,196608,65536
0000688,262144,196608,65536
0000689,262144,196608,65536
0000690,262144,196608,65536
0000691,262144,196608,65536
0000692,262144,196608,65536
0000693,262144,196608,65536
0000694,262144,196608,65536
0000695,262144,196608,65536
0000696,262144,196608,65536
0000697,262144,196608,65536
0000698,262144,196608,65536
0000699,262144,196608,65536
0000700,262144,196608,65536
0000701,262144,196608,65536
0000702,262144,196608,65536
0000703,262144,196608,65536
0000704,262144,196608,65536
0000705,262144,196608,65536
0000706,262144,196608,65536
0000707,262144,196608,65536
0000708,262144,196608,65536
0000709,262144,196608,65536
0000710,262144,196608,65536
0000711,262144,196608,65536
0000712,262144,196608,65536
0000713,262144,196608,65536
0000714,262144,196608,65536
0000715,262144,196608,65536
0000716,262144,196608,65536
0000717,262144,196608,65536
0000718,262144,196608,65536
0000719,262144,196608,65536
0000720,262144,196608,65536
0000721,262144,196608,65536
0000722,262144,196608,65536
0000723,262144,196608,65536
0000724,262144,196608,65536
0000725,262144,196608,65536
0000726,262144,196608,65536
0000727,262144,196608,65536
0000728,262144,196608,65536
0000729,262144,196608,65536
0000730,262144,196608,65536
0000731,262144,196608,65536
0000732,262144,196608,65536
0000733,262144,196608,65536
0000734,262144,196608,65536
0000735,262144,196608,65536
0000736,262144,196608,65536
0000737,262144,196608,65536
0000738,262144,196608,65536
0000739,262144,196608,65536
0000740,262144,196608,65536
0000741,262144,196608,65536
0000742,262144,196608,65536
0000743,262144,196608,65536
0000744,262144,196608,65536
0000745,262144,196608,65536
0000746,262144,196608,65536
0000747,262144,196608,65536
0000748,262144,196608,65536
0000749,262144,196608,65536
0000750,262144,196608,65536
0000751,262144,196608,65536
0000752,262144,196608,65536
0000753,262144,196608,65536
0000754,262144,196608,65536
0000755,262144,196608,65536
0000756,262144,196608,65536
0000757,262144,196608,65536
0000758,262144,196608,65536
0000759,262144,196608,65536
0000760,262144,196608,65536
0000761,262144,196608,65536
0000762,262144,196608,65536
0000763,262144,196608,65536
0000764,262144,196608,65536
0000765,262144,196608,65536
0000766,262144,196608,65536
0000767,262144,196608,65536
0000768,262144,196608,65536
0000769,262144,196608,65536
0000770,262144,196608,65536
0000771,262144,196608,65536
0000772,262144,196608,65536
0000773,262144,196608,65536
0000774,262144,196608,65536
0000775,262144,196608,65536
0000776,262144,196608,65536
0000777,262144,196608,65536
0000778,262144,196608,65536
0000779,262144,196608,65536
0000780,262144,196608,65536
0000781,262144,196608,65536
0000782,262144,196608,65536
0000783,262144,196608,65536
0000784,262144,196608,65536
0000785,262144,196608,65536
0000786,262144,196608,65536
0000787,262144,196608,65536
0000788,262144,196608,65536
0000789,262144,196608,65536
0000790,262144,196608,65536
0000791,262144,196608,65536
0000792,262144,196608,65536
0000793,262144,196608,65536
0000794,262144,196608,65536
0000795,262144,196608,65536
0000796,262144,196608,65536
0000797,262144,196608,65536
0000798,262144,196608,65536
0000799,262144,196608,65536
0000800,262144,196608,65536
0000801,262144,196608,65536
0000802,262144,196608,65536
0000803,262144,196608,65536
0000804,262144,196608,65536
0000805,262144,196608,65536
0000806,262144,196608,65536
0000807,262144,196608,65536
0000808,262144,196608,65536
0000809,262144,196608,65536
0000810,262144,196608,65536
0000811,262144,196608,65536
0000812,262144,196608,65536
0000813,262144,196608,65536
0000814,262144,196608,65536
0000815,262144,196608,65536
0000816,262144,196608,65536
0000817,262144,196608,65536
0000818,262144,196608,65536
0000819,262144,196608,65536
0000820,262144,196608,65536
0000821,262144,196608,65536
0000822,262144,196608,65536
0000823,262144,196608,65536
0000824,262144,196608,65536
0000825,262144,196608,65536
0000826,262144,196608,65536
0000827,262144,196608,65536
0000828,262144,196608,65536
0000829,262144,196608,65536
0000830,262144,196608,65536
0000831,262144,196608,65536
0000832,262144,196608,65536
0000833,262144,196608,65536
0000834,262144,196608,65536
0000835,262144,196608,65536
0000836,262144,196608,65536
0000837,262144,196608,65536
0000838,262144,196608,65536
0000839,262144,196608,65536
0000840,262144,196608,65536
0000841,262144,196608,65536
0000842,262144,196608,65536
0000843,262144,196608,65536
0000844,262144,196608,65536
0000845,262144,196608,65536
0000846,262144,196608,65536
0000847,262144,196608,65536
0000848,262144,196608,65536
0000849,262144,196608,65536
0000850,262144,196608,65536
0000851,262144,196608,65536
0000852,262144,196608,65536
0000853,262144,196608,65536
0000854,262144,196608,65536
0000855,262144,196608,65536
0000856,262144,196608,65536
0000857,262144,196608,65536
0000858,262144,196608,65536
0000859,262144,196608,65536
0000860,262144,196608,65536
0000861,262144,196608,65536
0000862,262144,196608,65536
0000863,262144,196608,65536
0000864,262144,196608,65536
0000865,262144,196608,65536
0000866,262144,196608,65536
0000867,262144,196608,65536
0000868,262144,196608,65536
0000869,262144,196608,65536
0000870,262144,196608,65536
0000871,262144,196608,65536
0000872,262144,196608,65536
0000873,262144,196608,65536
0000874,262144,196608,65536
0000875,262144,196608,65536
0000876,262144,196608,65536
0000877,262144,196608,65536
0000878,262144,196608,65536
0000879,262144,196608,65536
0000880,262144,196608,65536
0000881,262144,196608,65536
0000882,262144,196608,65536
0000883,262144,196608,65536
0000884,262144,196608,65536
0000885,262144,196608,65536
0000886,262144,196608,65536
0000887,262144,196608,65536
0000888,262144,196608,65536
0000889,262144,196608,65536
0000890,262144,196608,65536
0000891,262144,196608,65536
0000892,262144,196608,65536
0000893,262144,196608,65536
0000894,262144,196608,65536
0000895,262144,196608,65536
0000896,262144,196608,65536
0000897,262144,196608,65536
0000898,262144,196608,65536
0000899,262144,196608,65536
0000900,262144,196608,65536
0000901,262144,196608,65536
0000902,262144,196608,65536
0000903,262144,196608,65536
0000904,262144,196608,65536
0000905,262144,196608,65536
0000906,262144,196608,65536
0000907,262144,196608,65536
0000908,262144,196608,65536
0000909,262144,196608,65536
0000910,262144,196608,65536
0000911,262144,196608,65536
0000912,262144,196608,65536
0000913,262144,196608,65536
0000914,262144,196608,65536
0000915,262144,196608,65536
0000916,262144,196608,65536
0000917,262144,196608,65536
0000918,262144,196608,65536
0000919,262144,196608,65536
0000920,262144,196608,65536
0000921,262144,196608,65536
0000922,262144,196608,65536
0000923,262144,196608,65536
0000924,262144,196608,65536
0000925,262144,196608,65536
0000926,262144,196608,65536
0000927,262144,196608,65536
0000928,262144,196608,65536
0000929,262144,196608,65536
0000930,262144,196608,65536
0000931,262144,196608,65536
0000932,262144,196608,65536
0000933,262144,196608,65536
0000934,262144,196608,65536
0000935,262144,196608,65536
0000936,262144,196608,65536
0000937,262144,196608,65536
0000938,262144,196608,65536
0000939,262144,196608,65536
0000940,262144,196608,65536
0000941,262144,196608,65536
0000942,262144,196608,65536
0000943,262144,196608,65536
0000944,262144,196608,65536
0000945,262144,196608,65536
0000946,262144,196608,65536
0000947,262144,196608,65536
0000948,262144,196608,65536
0000949,262144,196608,65536
0000950,262144,196608,65536
0000951,262144,196608,65536
0000952,262144,196608,65536
0000953,262144,196608,65536
0000954,262144,196608,65536
0000955,262144,196608,65536
0000956,262144,196608,65536
0000957,262144,196608,65536
0000958,262144,196608,65536
0000959,262144,196608,65536
0000960,262144,196608,65536
0000961,262144,196608,65536
0000962,262144,196608,65536
0000963,262144,196608,65536
0000964,262144,196608,65536
0000965,262144,196608,65536
0000966,262144,196608,65536
0000967,262144,196608,65536
0000968,262144,196608,65536
0000969,262144,196608,65536
0000970,262144,196608,65536
0000971,262144,196608,65536
0000972,262144,196608,65536
0000973,262144,196608,65536
0000974,262144,196608,65536
0000975,262144,196608,65536
0000976,262144,196608,65536
0000977,262144,196608,65536
0000978,262144,196608,65536
0000979,262144,196608,65536
0000980,262144,196608,65536
0000981,262144,196608,65536
0000982,262144,196608,65536
0000983,262144,196608,65536
0000984,262144,196608,65536
0000985,262144,196608,65536
0000986,262144,196608,65536
0000987,262144,196608,65536
0000988,262144,196608,65536
0000989,262144,196608,65536
0000990,262144,196608,65536
0000991,262144,196608,65536
0000992,262144,196608,65536
0000993,262144,196608,65536
0000994,262144,196608,65536
0000995,262144,196608,65536
0000996,262144,196608,65536
0000997,262144,196608,65536
0000998,262144,196608,65536
0000999,262144,196608,65536
0001000,262144,196608,65536
0001001,262144,196608,65536
0001002,262144,196608,65536
0001003,262144,196608,65536
0001004,262144,196608,65536
0001005,262144,196608,65536
0001006,262144,196608,65536
0001007,262144,196608,65536
0001008,262144,196608,65536
0001009,262144,196608,65536
0001010,262144,196608,65536
0001011,262144,196608,65536
0001012,262144,196608,65536
0001013,262144,196608,65536
0001014,262144,196608,65536
0001015,262144,196608,65536
0001016,262144,196608,65536
0001017,262144,196608,65536
0001018,262144,196608,65536
0001019,262144,196608,65536
0001020,262144,196608,65536
0001021,262144,196608,65536
0001022,262144,196608,65536
0001023,262144,196608,65536
0001024,262144,196608,65536
0001025,262144,196608,65536
0001026,262144,196608,65536
0001027,262144,196608,65536
0001028,262144,196608,65536
0001029,262144,196608,65536
0001030,262144,196608,65536
0001031,262144,196608,65536
0001032,262144,196608,65536
0001033,262144,196608,65536
0001034,262144,196608,65536
0001035,262144,196608,65536
0001036,262144,196608,65536
0001037,262144,196608,65536
0001038,262144,196608,65536
0001039,262144,196608,65536
0001040,262144,196608,65536
0001041,262144,196608,65536
0001042,262144,196608,65536
0001043,262144,196608,65536
0001044,262144,196608,65536
0001045,262144,196608,65536
0001046,262144,196608,65536
0001047,262144,196608,65536
0001048,262144,196608,65536
0001049,262144,196608,65536
0001050,262144,196608,65536
0001051,262144,196608,65536
0001052,262144,196608,65536
0001053,262144,196608,65536
0001054,262144,196608,65536
0001055,262144,196608,65536
0001056,262144,196608,65536
0001057,262144,196608,65536
0001058,262144,196608,65536
0001059,262144,196608,65536
0001060,262144,196608,65536
0001061,262144,196608,65536
0001062,262144,196608,65536
0001063,262144,196608,65536
0001064,262144,196608,65536
0001065,262144,196608,65536
0001066,262144,196608,65536
0001067,262144,196608,65536
0001068,262144,196608,65536
0001069,262144,196608,65536
0001070,262144,196608,65536
0001071,262144,196608,65536
0001072,262144,196608,65536
0001073,262144,196608,65536
0001074,262144,196608,65536
0001075,262144,196608,65536
0001076,262144,196608,65536
0001077,262144,196608,65536
0001078,262144,196608,65536
0001079,262144,196608,65536
0001080,262144,196608,65536
0001081,262144,196608,65536
0001082,262144,196608,65536
0001083,262144,196608,65536
0001084,262144,196608,65536
0001085,262144,196608,65536
0001086,262144,196608,65536
0001087,262144,196608,65536
0001088,262144,196608,65536
0001089,262144,196608,65536
0001090,262144,196608,65536
0001091,262144,196608,65536
0001092,262144,196608,65536
0001093,262144,196608,65536
0001094,262144,196608,65536
0001095,262144,196608,65536
0001096,262144,196608,65536
0001097,262144,196608,65536
0001098,262144,196608,65536
0001099,262144,196608,65536
0001100,262144,196608,65536
0001101,262144,196608,65536
0001102,262144,196608,65536
0001103,262144,196608,65536
0001104,262144,196608,65536
0001105,262144,196608,65536
0001106,262144,196608,65536
0001107,262144,196608,65536
0001108,262144,196608,65536
0001109,262144,196608,65536
0001110,262144,196608,65536
0001111,262144,196608,65536
0001112,262144,196608,65536
0001113,262144,196608,65536
0001114,262144,196608,65536
0001115,262144,196608,65536
0001116,262144,196608,65536
0001117,262144,196608,65536
0001118,262144,196608,65536
0001119,262144,196608,65536
0001120,262144,196608,65536
0001121,262144,196608,65536
0001122,262144,196608,65536
0001123,262144,196608,65536
0001124,262144,196608,65536
0001125,262144,196608,65536
0001126,262144,196608,65536
0001127,262144,196608,65536
0001128,262144,196608,65536
0001129,262144,196608,65536
0001130,262144,196608,65536
0001131,262144,196608,65536
0001132,262144,196608,65536
0001133,262144,196608,65536
0001134,262144,196608,65536
0001135,262144,196608,65536
0001136,262144,196608,65536
0001137,262144,196608,65536
0001138,262144,196608,65536
0001139,262144,196608,65536
0001140,262144,196608,65536
0001141,262144,196608,65536
0001142,262144,196608,65536
0001143,262144,196608,65536
0001144,262144,196608,65536
0001145,262144,196608,65536
0001146,262144,196608,65536
0001147,262144,196608,65536
0001148,262144,196608,65536
0001149,262144,196608,65536
0001150,262144,196608,65536
0001151,262144,196608,65536
0001152,262144,196608,65536
0001153,262144,196608,65536
0001154,262144,196608,65536
0001155,262144,196608,65536
0001156,262144,196608,65536
0001157,262144,196608,65536
0001158,262144,196608,65536
0001159,262144,196608,65536
0001160,262144,196608,65536
0001161,262144,196608,65536
0001162,262144,196608,65536
0001163,262144,196608,65536
0001164,262144,196608,65536
0001165,262144,196608,65536
0001166,262144,196608,65536
0001167,262144,196608,65536
0001168,262144,196608,65536
0001169,262144,196608,65536
0001170,262144,196608,65536
0001171,262144,196608,65536
0001172,262144,196608,65536
0001173,262144,196608,65536
0001174,262144,196608,65536
0001175,262144,196608,65536
0001176,262144,196608,65536
0001177,262144,196608,65536
0001178,262144,196608,65536
0001179,262144,196608,65536
0001180,262144,196608,65536
0001181,262144,196608,65536
0001182,262144,196608,65536
0001183,262144,196608,65536
0001184,262144,196608,65536
0001185,262144,196608,65536
0001186,262144,196608,65536
0001187,262144,196608,65536
0001188,262144,196608,65536
0001189,262144,196608,65536
0001190,262144,196608,65536
0001191,262144,196608,65536
0001192,262144,196608,65536
0001193,262144,196608,65536
0001194,262144,196608,65536
0001195,262144,196608,65536
0001196,262144,196608,65536
0001197,262144,196608,65536
0001198,262144,196608,65536
0001199,262144,196608,65536
0001200,262144,196608,65536
0001201,262144,196608,65536
0001202,262144,196608,65536
0001203,262144,196608,65536
0001204,262144,196608,65536
0001205,262144,196608,65536
0001206,262144,196608,65536
0001207,262144,196608,65536
0001208,262144,196608,65536
0001209,262144,196608,65536
0001210,262144,196608,65536
0001211,262144,196608,65536
0001212,262144,196608,65536
0001213,262144,196608,65536
0001214,262144,196608,65536
0001215,262144,196608,65536
0001216,262144,196608,65536
0001217,262144,196608,65536
0001218,262144,196608,65536
0001219,262144,196608,65536
0001220,262144,196608,65536
0001221,262144,196608,65536
0001222,262144,196608,65536
0001223,262144,196608,65536
0001224,262144,196608,65536
0001225,262144,196608,65536
0001226,262144,196608,65536
0001227,262144,196608,65536
0001228,262144,196608,65536
0001229,262144,196608,65536
0001230,262144,196608,65536
0001231,262144,196608,65536
0001232,262144,196608,65536
0001233,262144,196608,65536
0001234,262144,196608,65536
0001235,262144,196608,65536
0001236,262144,196608,65536
0001237,262144,196608,65536
0001238,262144,196608,65536
0001239,262144,196608,65536
0001240,262144,196608,65536
0001241,262144,196608,65536
0001242,262144,196608,65536
0001243,262144,196608,65536
0001244,262144,196608,65536
0001245,262144,196608,65536
0001246,262144,196608,65536
0001247,262144,196608,65536
0001248,262144,196608,65536
0001249,262144,196608,65536
0001250,262144,196608,65536
0001251,262144,196608,65536
0001252,262144,196608,65536
0001253,262144,196608,65536
0001254,262144,196608,65536
0001255,262144,196608,65536
0001256,262144,196608,65536
0001257,262144,196608,65536
0001258,262144,196608,65536
0001259,262144,196608,65536
0001260,262144,196608,65536
0001261,262144,196608,65536
0001262,262144,196608,65536
0001263,262144,196608,65536
0001264,262144,196608,65536
0001265,262144,196608,65536
0001266,262144,196608,65536
0001267,262144,196608,65536
0001268,262144,196608,65536
0001269,262144,196608,65536
0001270,262144,196608,65536
0001271,262144,196608,65536
0001272,262144,196608,65536
0001273,262144,196608,65536
0001274,262144,196608,65536
0001275,262144,196608,65536
0001276,262144,196608,65536
0001277,262144,196608,65536
0001278,262144,196608,65536
0001279,262144,196608,65536
0001280,262144,196608,65536
0001281,262144,196608,65536
0001282,262144,196608,65536
0001283,262144,196608,65536
0001284,262144,196608,65536
0001285,262144,196608,65536
0001286,262144,196608,65536
0001287,262144,196608,65536
0001288,262144,196608,65536
0001289,262144,196608,65536
0001290,262144,196608,65536
0001291,262144,196608,65536
0001292,262144,196608,65536
0001293,262144,196608,65536
0001294,262144,196608,65536
0001295,262144,196608,65536
0001296,262144,196608,65536
0001297,262144,196608,65536
0001298,262144,196608,65536
0001299,262144,196608,65536
0001300,262144,196608,65536
0001301,262144,196608,65536
0001302,262144,196608,65536
0001303,262144,196608,65536
0001304,262144,196608,65536
0001305,262144,196608,65536
0001306,262144,196608,65536
0001307,262144,196608,65536
0001308,262144,196608,65536
0001309,262144,196608,65536
0001310,262144,196608,65536
0001311,262144,196608,65536
0001312,262144,196608,65536
0001313,262144,196608,65536
0001314,262144,196608,65536
0001315,262144,196608,65536
0001316,262144,196608,65536
0001317,262144,196608,65536
0001318,262144,196608,65536
0001319,262144,196608,65536
0001320,262144,196608,65536
0001321,262144,196608,65536
0001322,262144,196608,65536
0001323,262144,196608,65536
0001324,262144,196608,65536
0001325,262144,196608,65536
0001326,262144,196608,65536
0001327,262144,196608,65536
0001328,262144,196608,65536
0001329,262144,196608,65536
0001330,262144,196608,65536
0001331,262144,196608,65536
0001332,262144,196608,65536
0001333,262144,196608,65536
0001334,262144,196608,65536
0001335,262144,196608,65536
0001336,262144,196608,65536
0001337,262144,196608,65536
0001338,262144,196608,65536
0001339,262144,196608,65536
0001340,262144,196608,65536
0001341,262144,196608,65536
0001342,262144,196608,65536
0001343,262144,196608,65536
0001344,262144,196608,65536
0001345,262144,196608,65536
0001346,262144,196608,65536
0001347,262144,196608,65536
0001348,262144,196608,65536
0001349,262144,196608,65536
0001350,262144,196608,65536
0001351,262144,196608,65536
0001352,262144,196608,65536
0001353,262144,196608,65536
0001354,262144,196608,65536
0001355,262144,196608,65536
0001356,262144,196608,65536
0001357,262144,196608,65536
0001358,262144,196608,65536
0001359,262144,196608,65536
0001360,262144,196608,65536
0001361,262144,196608,65536
0001362,262144,196608,65536
0001363,262144,196608,65536
0001364,262144,196608,65536
0001365,262144,196608,65536
0001366,262144,196608,65536
0001367,262144,196608,65536
0001368,262144,196608,65536
0001369,262144,196608,65536
0001370,262144,196608,65536
0001371,262144,196608,65536
0001372,262144,196608,65536
0001373,262144,196608,65536
0001374,262144,196608,65536
0001375,262144,196608,65536
0001376,262144,196608,65536
0001377,262144,196608,65536
0001378,262144,196608,65536
0001379,262144,196608,65536
0001380,262144,196608,65536
0001381,262144,196608,65536
0001382,262144,196608,65536
0001383,262144,196608,65536
0001384,262144,196608,65536
0001385,262144,196608,65536
0001386,262144,196608,65536
0001387,262144,196608,65536
0001388,262144,196608,65536
0001389,262144,196608,65536
0001390,262144,196608,65536
0001391,262144,196608,65536
0001392,262144,196608,65536
0001393,262144,196608,65536
0001394,262144,196608,65536
0001395,262144,196608,65536
0001396,262144,196608,65536
0001397,262144,196608,65536
0001398,262144,196608,65536
0001399,262144,196608,65536
0001400,262144,196608,65536
0001401,262144,196608,65536
0001402,262144,196608,65536
0001403,262144,196608,65536
0001404,262144,196608,65536
0001405,262144,196608,65536
0001406,262144,196608,65536
0001407,262144,196608,65536
0001408,262144,196608,65536
0001409,262144,196608,65536
0001410,262144,196608,65536
0001411,262144,196608,65536
0001412,262144,196608,65536
0001413,262144,196608,65536
0001414,262144,196608,65536
0001415,262144,196608,65536
0001416,262144,196608,65536
0001417,262144,196608,65536
0001418,262144,196608,65536
0001419,262144,196608,65536
0001420,262144,196608,65536
0001421,262144,196608,65536
0001422,262144,196608,65536
0001423,262144,196608,65536
0001424,262144,196608,65536
0001425,262144,196608,65536
0001426,262144,196608,65536
0001427,262144,196608,65536
0001428,262144,196608,65536
0001429,262144,196608,65536
0001430,262144,196608,65536
0001431,262144,196608,65536
0001432,262144,196608,65536
0001433,262144,196608,65536
0001434,262144,196608,65536
0001435,262144,196608,65536
0001436,262144,196608,65536
0001437,262144,196608,65536
0001438,262144,196608,65536
0001439,262144,196608,65536
0001440,262144,196608,65536
0001441,262144,196608,65536
0001442,262144,196608,65536
0001443,262144,196608,65536
0001444,262144,196608,65536
0001445,262144,196608,65536
0001446,262144,196608,65536
0001447,262144,196608,65536
0001448,262144,196608,65536
0001449,262144,196608,65536
0001450,262144,196608,65536
0001451,262144,196608,65536
0001452,262144,196608,65536
0001453,262144,196608,65536
0001454,262144,196608,65536
0001455,262144,196608,65536
0001456,262144,196608,65536
0001457,262144,196608,65536
0001458,262144,196608,65536
0001459,262144,196608,65536
0001460,262144,196608,65536
0001461,262144,196608,65536
0001462,262144,196608,65536
0001463,262144,196608,65536
0001464,262144,196608,65536
0001465,262144,196608,65536
0001466,262144,196608,65536
0001467,262144,196608,65536
0001468,262144,196608,65536
0001469,262144,196608,65536
0001470,262144,196608,65536
0001471,262144,196608,65536
0001472,262144,196608,65536
0001473,262144,196608,65536
0001474,262144,196608,65536
0001475,262144,196608,65536
0001476,262144,196608,65536
0001477,262144,196608,65536
0001478,262144,196608,65536
0001479,262144,196608,65536
0001480,262144,196608,65536
0001481,262144,196608,65536
0001482,262144,196608,65536
0001483,262144,196608,65536
0001484,262144,196608,65536
0001485,262144,196608,65536
0001486,262144,196608,65536
0001487,262144,196608,65536
0001488,262144,196608,65536
0001489,262144,196608,65536
0001490,262144,196608,65536
0001491,262144,196608,65536
0001492,262144,196608,65536
0001493,262144,196608,65536
0001494,262144,196608,65536
0001495,262144,196608,65536
0001496,262144,196608,65536
0001497,262144,196608,65536
0001498,262144,196608,65536
0001499,262144,196608,65536
0001500,262144,196608,65536
0001501,262144,196608,65536
0001502,262144,196608,65536
0001503,262144,196608,65536
0001504,262144,196608,65536
0001505,262144,196608,65536
0001506,262144,196608,65536
0001507,262144,196608,65536
0001508,262144,196608,65536
0001509,262144,196608,65536
0001510,262144,196608,65536
0001511,262144,196608,65536
0001512,262144,196608,65536
0001513,262144,196608,65536
0001514,262144,196608,65536
0001515,262144,196608,65536
0001516,262144,196608,65536
0001517,262144,196608,65536
0001518,262144,196608,65536
0001519,262144,196608,65536
0001520,262144,196608,65536
0001521,262144,196608,65536
0001522,262144,196608,65536
0001523,262144,196608,65536
0001524,262144,196608,65536
0001525,262144,196608,65536
0001526,262144,196608,65536
0001527,262144,196608,65536
0001528,262144,196608,65536
0001529,262144,196608,65536
0001530,262144,196608,65536
0001531,262144,196608,65536
0001532,262144,196608,65536
0001533,262144,196608,65536
0001534,262144,196608,65536
0001535,262144,196608,65536
0001536,262144,196608,65536
0001537,262144,196608,65536
0001538,262144,196608,65536
0001539,262144,196608,65536
0001540,262144,196608,65536
0001541,262144,196608,65536
0001542,262144,196608,65536
0001543,262144,196608,65536
0001544,262144,196608,65536
0001545,262144,196608,65536
0001546,262144,196608,65536
0001547,262144,196608,65536
0001548,262144,196608,65536
0001549,262144,196608,65536
0001550,262144,196608,65536
0001551,262144,196608,65536
0001552,262144,196608,65536
0001553,262144,196608,65536
0001554,262144,196608,65536
0001555,262144,196608,65536
0001556,262144,196608,65536
0001557,262144,196608,65536
0001558,262144,196608,65536
0001559,262144,196608,65536
0001560,262144,196608,65536
0001561,262144,196608,65536
0001562,262144,196608,65536
0001563,262144,196608,65536
0001564,262144,196608,65536
0001565,262144,196608,65536
0001566,262144,196608,65536
0001567,262144,196608,65536
0001568,262144,196608,65536
0001569,262144,196608,65536
0001570,262144,196608,65536
0001571,262144,196608,65536
0001572,262144,196608,65536
0001573,262144,196608,65536
0001574,262144,196608,65536
0001575,262144,196608,65536
0001576,262144,196608,65536
0001577,262144,196608,65536
0001578,262144,196608,65536
0001579,262144,196608,65536
0001580,262144,196608,65536
0001581,262144,196608,65536
0001582,262144,196608,65536
0001583,262144,196608,65536
0001584,262144,196608,65536
0001585,262144,196608,65536
0001586,262144,196608,65536
0001587,262144,196608,65536
0001588,262144,196608,65536
0001589,262144,196608,65536
0001590,262144,196608,65536
0001591,262144,196608,65536
0001592,262144,196608,65536
0001593,262144,196608,65536
0001594,262144,196608,65536
0001595,262144,196608,65536
0001596,262144,196608,65536
0001597,262144,196608,65536
0001598,262144,196608,65536
0001599,262144,196608,65536
0001600,262144,196608,65536
0001601,262144,196608,65536
0001602,262144,196608,65536
0001603,262144,196608,65536
0001604,262144,196608,65536
0001605,262144,196608,65536
0001606,262144,196608,65536
0001607,262144,196608,65536
0001608,262144,196608,65536
0001609,262144,196608,65536
0001610,262144,196608,65536
0001611,262144,196608,65536
0001612,262144,196608,65536
0001613,262144,196608,65536
0001614,262144,196608,65536
0001615,262144,196608,65536
0001616,262144,196608,65536
0001617,262144,196608,65536
0001618,262144,196608,65536
0001619,262144,196608,65536
0001620,262144,196608,65536
0001621,262144,196608,65536
0001622,262144,196608,65536
0001623,262144,196608,65536
0001624,262144,196608,65536
0001625,262144,196608,65536
0001626,262144,196608,65536
0001627,262144,196608,65536
0001628,262144,196608,65536
0001629,262144,196608,65536
0001630,262144,196608,65536
0001631,262144,196608,65536
0001632,262144,196608,65536
0001633,262144,196608,65536
0001634,262144,196608,65536
0001635,262144,196608,65536
0001636,262144,196608,65536
0001637,262144,196608,65536
0001638,262144,196608,65536
0001639,262144,196608,65536
0001640,262144,196608,65536
0001641,262144,196608,65536
0001642,262144,196608,65536
0001643,262144,196608,65536
0001644,262144,196608,65536
0001645,262144,196608,65536
0001646,262144,196608,65536
0001647,262144,196608,65536
0001648,262144,196608,65536
0001649,262144,196608,65536
0001650,262144,196608,65536
0001651,262144,196608,65536
0001652,262144,196608,65536
0001653,262144,196608,65536
0001654,262144,196608,65536
0001655,262144,196608,65536
0001656,262144,196608,65536
0001657,262144,196608,65536
0001658,262144,196608,65536
0001659,262144,196608,65536
0001660,262144,196608,65536
0001661,262144,196608,65536
0001662,262144,196608,65536
0001663,262144,196608,65536
0001664,262144,196608,65536
0001665,262144,196608,65536
0001666,262144,196608,65536
0001667,262144,196608,65536
0001668,262144,196608,65536
0001669,262144,196608,65536
0001670,262144,196608,65536
0001671,262144,196608,65536
0001672,262144,196608,65536
0001673,262144,196608,65536
0001674,262144,196608,65536
0001675,262144,196608,65536
0001676,262144,196608,65536
0001677,262144,196608,65536
0001678,262144,196608,65536
0001679,262144,196608,65536
0001680,262144,196608,65536
0001681,262144,196608,65536
0001682,262144,196608,65536
0001683,262144,196608,65536
0001684,262144,196608,65536
0001685,262144,196608,65536
0001686,262144,196608,65536
0001687,262144,196608,65536
0001688,262144,196608,65536
0001689,262144,196608,65536
0001690,262144,196608,65536
0001691,262144,196608,65536
0001692,262144,196608,65536
0001693,262144,196608,65536
0001694,262144,196608,65536
0001695,262144,196608,65536
0001696,262144,196608,65536
0001697,262144,196608,65536
0001698,262144,196608,65536
0001699,262144,196608,65536
0001700,262144,196608,65536
0001701,262144,196608,65536
0001702,262144,196608,65536
0001703,262144,196608,65536
0001704,262144,196608,65536
0001705,262144,196608,65536
0001706,262144,196608,65536
0001707,262144,196608,65536
0001708,262144,196608,65536
0001709,262144,196608,65536
0001710,262144,196608,65536
0001711,262144,196608,65536
0001712,262144,196608,65536
0001713,262144,196608,65536
0001714,262144,196608,65536
0001715,262144,196608,65536
0001716,262144,196608,65536
0001717,262144,196608,65536
0001718,262144,196608,65536
0001719,262144,196608,65536
0001720,262144,196608,65536
0001721,262144,196608,65536
0001722,262144,196608,65536
0001723,262144,196608,65536
0001724,262144,196608,65536
0001725,262144,196608,65536
0001726,262144,196608,65536
0001727,262144,196608,65536
0001728,262144,196608,65536
0001729,262144,196608,65536
0001730,262144,196608,65536
0001731,262144,196608,65536
0001732,262144,196608,65536
0001733,262144,196608,65536
0001734,262144,196608,65536
0001735,262144,196608,65536
0001736,262144,196608,65536
0001737,262144,196608,65536
0001738,262144,196608,65536
0001739,262144,196608,65536
0001740,262144,196608,65536
0001741,262144,196608,65536
0001742,262144,196608,65536
0001743,262144,196608,65536
0001744,262144,196608,65536
0001745,262144,196608,65536
0001746,262144,196608,65536
0001747,262144,196608,65536
0001748,262144,196608,65536
0001749,262144,196608,65536
0001750,262144,196608,65536
0001751,262144,196608,65536
0001752,262144,196608,65536
0001753,262144,196608,65536
0001754,262144,196608,65536
0001755,262144,196608,65536
0001756,262144,196608,65536
0001757,262144,196608,65536
0001758,262144,196608,65536
0001759,262144,196608,65536
0001760,262144,196608,65536
0001761,262144,196608,65536
0001762,262144,196608,65536
0001763,262144,196608,65536
0001764,262144,196608,65536
0001765,262144,196608,65536
0001766,262144,196608,65536
0001767,262144,196608,65536
0001768,262144,196608,65536
0001769,262144,196608,65536
0001770,262144,196608,65536
0001771,262144,196608,65536
0001772,262144,196608,65536
0001773,262144,196608,65536
0001774,262144,196608,65536
0001775,262144,196608,65536
0001776,262144,196608,65536
0001777,262144,196608,65536
0001778,262144,196608,65536
0001779,262144,196608,65536
0001780,262144,196608,65536
0001781,262144,196608,65536
0001782,262144,196608,65536
0001783,262144,196608,65536
0001784,262144,196608,65536
0001785,262144,196608,65536
0001786,262144,196608,65536
0001787,262144,196608,65536
0001788,262144,196608,65536
0001789,262144,196608,65536
0001790,262144,196608,65536
0001791,262144,196608,65536
0001792,262144,196608,65536
0001793,262144,196608,65536
0001794,262144,196608,65536
0001795,262144,196608,65536
0001796,262144,196608,65536
0001797,262144,196608,65536
0001798,262144,196608,65536
0001799,262144,196608,65536
0001800,262144,196608,65536
0001801,262144,196608,65536
0001802,262144,196608,65536
0001803,262144,196608,65536
0001804,262144,196608,65536
0001805,262144,196608,65536
0001806,262144,196608,65536
0001807,262144,196608,65536
0001808,262144,196608,65536
0001809,262144,196608,65536
0001810,262144,196608,65536
0001811,262144,196608,65536
0001812,262144,196608,65536
0001813,262144,196608,65536
0001814,262144,196608,65536
0001815,262144,196608,65536
0001816,262144,196608,65536
0001817,262144,196608,65536
0001818,262144,196608,65536
0001819,262144,196608,65536
0001820,262144,196608,65536
0001821,262144,196608,65536
0001822,262144,196608,65536
0001823,262144,196608,65536
0001824,262144,196608,65536
0001825,262144,196608,65536
0001826,262144,196608,65536
0001827,262144,196608,65536
0001828,262144,196608,65536
0001829,262144,196608,65536
0001830,262144,196608,65536
0001831,262144,196608,65536
0001832,262144,196608,65536
0001833,262144,196608,65536
0001834,262144,196608,65536
0001835,262144,196608,65536
0001836,262144,196608,65536
0001837,262144,196608,65536
0001838,262144,196608,65536
0001839,262144,196608,65536
0001840,262144,196608,65536
0001841,262144,196608,65536
0001842,262144,196608,65536
0001843,262144,196608,65536
0001844,262144,196608,65536
0001845,262144,196608,65536
0001846,262144,196608,65536
0001847,262144,196608,65536
0001848,262144,196608,65536
0001849,262144,196608,65536
0001850,262144,196608,65536
0001851,262144,196608,65536
0001852,262144,196608,65536
0001853,262144,196608,65536
0001854,262144,196608,65536
0001855,262144,196608,65536
0001856,262144,196608,65536
0001857,262144,196608,65536
0001858,262144,196608,65536
0001859,262144,196608,65536
0001860,262144,196608,65536
0001861,262144,196608,65536
0001862,262144,196608,65536
0001863,262144,196608,65536
0001864,262144,196608,65536
0001865,262144,196608,65536
0001866,262144,196608,65536
0001867,262144,196608,65536
0001868,262144,196608,65536
0001869,262144,196608,65536
0001870,262144,196608,65536
0001871,262144,196608,65536
0001872,262144,196608,65536
0001873,262144,196608,65536
0001874,262144,196608,65536
0001875,262144,196608,65536
0001876,262144,196608,65536
0001877,262144,196608,65536
0001878,262144,196608,65536
0001879,262144,196608,65536
0001880,262144,196608,65536
0001881,262144,196608,65536
0001882,262144,196608,65536
0001883,262144,196608,65536
0001884,262144,196608,65536
0001885,262144,196608,65536
0001886,262144,196608,65536
0001887,262144,196608,65536
0001888,262144,196608,65536
0001889,262144,196608,65536
0001890,262144,196608,65536
0001891,262144,196608,65536
0001892,262144,196608,65536
0001893,262144,196608,65536
0001894,262144,196608,65536
0001895,262144,196608,65536
0001896,262144,196608,65536
0001897,262144,196608,65536
0001898,262144,196608,65536
0001899,262144,196608,65536
0001900,262144,196608,65536
0001901,262144,196608,65536
0001902,262144,196608,65536
0001903,262144,196608,65536
0001904,262144,196608,65536
0001905,262144,196608,65536
0001906,262144,196608,65536
0001907,262144,196608,65536
0001908,262144,196608,65536
0001909,262144,196608,65536
0001910,262144,196608,65536
0001911,262144,196608,65536
0001912,262144,196608,65536
0001913,262144,196608,65536
0001914,262144,196608,65536
0001915,262144,196608,65536
0001916,262144,196608,65536
0001917,262144,196608,65536
0001918,262144,196608,65536
0001919,262144,196608,65536
0001920,262144,196608,65536
0001921,262144,196608,65536
0001922,262144,196608,65536
0001923,262144,196608,65536
0001924,262144,196608,65536
0001925,262144,196608,65536
0001926,262144,196608,65536
0001927,262144,196608,65536
0001928,262144,196608,65536
0001929,262144,196608,65536
0001930,262144,196608,65536
0001931,262144,196608,65536
0001932,262144,196608,65536
0001933,262144,196608,65536
0001934,262144,196608,65536
0001935,262144,196608,65536
0001936,262144,196608,65536
0001937,262144,196608,65536
0001938,262144,196608,65536
0001939,262144,196608,65536
0001940,262144,196608,65536
0001941,262144,196608,65536
0001942,262144,196608,65536
0001943,262144,196608,65536
0001944,262144,196608,65536
0001945,262144,196608,65536
0001946,262144,196608,65536
0001947,262144,196608,65536
0001948,262144,196608,65536
0001949,262144,196608,65536
0001950,262144,196608,65536
0001951,262144,196608,65536
0001952,262144,196608,65536
0001953,262144,196608,65536
0001954,262144,196608,65536
0001955,262144,196608,65536
0001956,262144,196608,65536
0001957,262144,196608,65536
0001958,262144,196608,65536
0001959,262144,196608,65536
0001960,262144,196608,65536
0001961,262144,196608,65536
0001962,262144,196608,65536
0001963,262144,196608,65536
0001964,262144,196608,65536
0001965,262144,196608,65536
0001966,262144,196608,65536
0001967,262144,196608,65536
0001968,262144,196608,65536
0001969,262144,196608,65536
0001970,262144,196608,65536
0001971,262144,196608,65536
0001972,262144,196608,65536
0001973,262144,196608,65536
0001974,262144,196608,65536
0001975,262144,196608,65536
0001976,262144,196608,65536
0001977,262144,196608,65536
0001978,262144,196608,65536
0001979,262144,196608,65536
0001980,262144,196608,65536
0001981,262144,196608,65536
0001982,262144,196608,65536
0001983,262144,196608,65536
0001984,262144,196608,65536
0001985,262144,196608,65536
0001986,262144,196608,65536
0001987,262144,196608,65536
0001988,262144,196608,65536
0001989,262144,196608,65536
0001990,262144,196608,65536
0001991,262144,196608,65536
0001992,262144,196608,65536
0001993,262144,196608,65536
0001994,262144,196608,65536
0001995,262144,196608,65536
0001996,262144,196608,65536
0001997,262144,196608,65536
0001998,262144,196608,65536
0001999,262144,196608,65536
0002000,262144,196608,65536
0002001,262144,196608,65536
0002002,262144,196608,65536
0002003,262144,196608,65536
0002004,262144,196608,65536
0002005,262144,196608,65536
0002006,262144,196608,65536
0002007,262144,196608,65536
0002008,262144,196608,65536
0002009,262144,196608,65536
0002010,262144,196608,65536
0002011,262144,196608,65536
0002012,262144,196608,65536
0002013,262144,196608,65536
0002014,262144,196608,65536
0002015,262144,196608,65536
0002016,262144,196608,65536
0002017,262144,196608,65536
0002018,262144,196608,65536
0002019,262144,196608,65536
0002020,262144,196608,65536
0002021,262144,196608,65536
0002022,262144,196608,65536
0002023,262144,196608,65536
0002024,262144,196608,65536
0002025,262144,196608,65536
0002026,262144,196608,65536
0002027,262144,196608,65536
0002028,262144,196608,65536
0002029,262144,196608,65536
0002030,262144,196608,65536
0002031,262144,196608,65536
0002032,262144,196608,65536
0002033,262144,196608,65536
0002034,262144,196608,65536
0002035,262144,196608,65536
0002036,262144,196608,65536
0002037,262144,196608,65536
0002038,262144,196608,65536
0002039,262144,196608,65536
0002040,262144,196608,65536
0002041,262144,196608,65536
0002042,262144,196608,65536
0002043,262144,196608,65536
0002044,262144,196608,65536
0002045,262144,196608,65536
0002046,262144,196608,65536
0002047,262144,196608,65536
0002048,262144,196608,65536
0002049,262144,196608,65536
0002050,262144,196608,65536
0002051,262144,196608,65536
0002052,262144,196608,65536
0002053,262144,196608,65536
0002054,262144,196608,65536
0002055,262144,196608,65536
0002056,262144,196608,65536
0002057,262144,196608,65536
0002058,262144,196608,65536
0002059,262144,196608,65536
0002060,262144,196608,65536
0002061,262144,196608,65536
0002062,262144,196608,65536
0002063,262144,196608,65536
0002064,262144,196608,65536
0002065,262144,196608,65536
0002066,262144,196608,65536
0002067,262144,196608,65536
0002068,262144,196608,65536
0002069,262144,196608,65536
0002070,262144,196608,65536
0002071,262144,196608,65536
0002072,262144,196608,65536
0002073,262144,196608,65536
0002074,262144,196608,65536
0002075,262144,196608,65536
0002076,262144,196608,65536
0002077,262144,196608,65536
0002078,262144,196608,65536
0002079,262144,196608,65536
0002080,262144,196608,65536
0002081,262144,196608,65536
0002082,262144,196608,65536
0002083,262144,196608,65536
0002084,262144,196608,65536
0002085,262144,196608,65536
0002086,262144,196608,65536
0002087,262144,196608,65536
0002088,262144,196608,65536
0002089,262144,196608,65536
0002090,262144,196608,65536
0002091,262144,196608,65536
0002092,262144,196608,65536
0002093,262144,196608,65536
0002094,262144,196608,65536
0002095,262144,196608,65536
0002096,262144,196608,65536
0002097,262144,196608,65536
0002098,262144,196608,65536
0002099,262144,196608,65536
0002100,262144,196608,65536
0002101,262144,196608,65536
0002102,262144,196608,65536
0002103,262144,196608,65536
0002104,262144,196608,65536
0002105,262144,196608,65536
0002106,262144,196608,65536
0002107,262144,196608,65536
0002108,262144,196608,65536
0002109,262144,196608,65536
0002110,262144,196608,65536
0002111,262144,196608,65536
0002112,262144,196608,65536
0002113,262144,196608,65536
0002114,262144,196608,65536
0002115,262144,196608,65536
0002116,262144,196608,65536
0002117,262144,196608,65536
0002118,262144,196608,65536
0002119,262144,196608,65536
0002120,262144,196608,65536
0002121,262144,196608,65536
0002122,262144,196608,65536
0002123,262144,196608,65536
0002124,262144,196608,65536
0002125,262144,196608,65536
0002126,262144,196608,65536
0002127,262144,196608,65536
0002128,262144,196608,65536
0002129,262144,196608,65536
0002130,262144,196608,65536
0002131,262144,196608,65536
0002132,262144,196608,65536
0002133,262144,196608,65536
0002134,262144,196608,65536
0002135,262144,196608,65536
0002136,262144,196608,65536
0002137,262144,196608,65536
0002138,262144,196608,65536
0002139,262144,196608,65536
0002140,262144,196608,65536
0002141,262144,196608,65536
0002142,262144,196608,65536
0002143,262144,196608,65536
0002144,262144,196608,65536
0002145,262144,196608,65536
0002146,262144,196608,65536
0002147,262144,196608,65536
0002148,262144,196608,65536
0002149,262144,196608,65536
0002150,262144,196608,65536
0002151,262144,196608,65536
0002152,262144,196608,65536
0002153,262144,196608,65536
0002154,262144,196608,65536
0002155,262144,196608,65536
0002156,262144,196608,65536
0002157,262144,196608,65536
0002158,262144,196608,65536
0002159,262144,196608,65536
0002160,262144,196608,65536
0002161,262144,196608,65536
0002162,262144,196608,65536
0002163,262144,196608,65536
0002164,262144,196608,65536
0002165,262144,196608,65536
0002166,262144,196608,65536
0002167,262144,196608,65536
0002168,262144,196608,65536
0002169,262144,196608,65536
0002170,262144,196608,65536
0002171,262144,196608,65536
0002172,262144,196608,65536
0002173,262144,196608,65536
0002174,262144,196608,65536
0002175,262144,196608,65536
0002176,262144,196608,65536
0002177,262144,196608,65536
0002178,262144,196608,65536
0002179,262144,196608,65536
0002180,262144,196608,65536
0002181,262144,196608,65536
0002182,262144,196608,65536
0002183,262144,196608,65536
0002184,262144,196608,65536
0002185,262144,196608,65536
0002186,262144,196608,65536
0002187,262144,196608,65536
0002188,262144,196608,65536
0002189,262144,196608,65536
0002190,262144,196608,65536
0002191,262144,196608,65536
0002192,262144,196608,65536
0002193,262144,196608,65536
0002194,262144,196608,65536
0002195,262144,196608,65536
0002196,262144,196608,65536
0002197,262144,196608,65536
0002198,262144,196608,65536
0002199,262144,196608,65536
0002200,262144,196608,65536
0002201,262144,196608,65536
0002202,262144,196608,65536
0002203,262144,196608,65536
0002204,262144,196608,65536
0002205,262144,196608,65536
0002206,262144,196608,65536
0002207,262144,196608,65536
0002208,262144,196608,65536
0002209,262144,196608,65536
0002210,262144,196608,65536
0002211,262144,196608,65536
0002212,262144,196608,65536
0002213,262144,196608,65536
0002214,262144,196608,65536
0002215,262144,196608,65536
0002216,262144,196608,65536
0002217,262144,196608,65536
0002218,262144,196608,65536
0002219,262144,196608,65536
0002220,262144,196608,65536
0002221,262144,196608,65536
0002222,262144,196608,65536
0002223,262144,196608,65536
0002224,262144,196608,65536
0002225,262144,196608,65536
0002226,262144,196608,65536
0002227,262144,196608,65536
0002228,262144,196608,65536
0002229,262144,196608,65536
0002230,262144,196608,65536
0002231,262144,196608,65536
0002232,262144,196608,65536
0002233,262144,196608,65536
0002234,262144,196608,65536
0002235,262144,196608,65536
0002236,262144,196608,65536
0002237,262144,196608,65536
0002238,262144,196608,65536
0002239,262144,196608,65536
0002240,262144,196608,65536
0002241,262144,196608,65536
0002242,262144,196608,65536
0002243,262144,196608,65536
0002244,262144,196608,65536
0002245,262144,196608,65536
0002246,262144,196608,65536
0002247,262144,196608,65536
0002248,262144,196608,65536
0002249,262144,196608,65536
0002250,262144,196608,65536
0002251,262144,196608,65536
0002252,262144,196608,65536
0002253,262144,196608,65536
0002254,262144,196608,65536
0002255,262144,196608,65536
0002256,262144,196608,65536
0002257,262144,196608,65536
0002258,262144,196608,65536
0002259,262144,196608,65536
0002260,262144,196608,65536
0002261,262144,196608,65536
0002262,262144,196608,65536
0002263,262144,196608,65536
0002264,262144,196608,65536
0002265,262144,196608,65536
0002266,262144,196608,65536
0002267,262144,196608,65536
0002268,262144,196608,65536
0002269,262144,196608,65536
0002270,262144,196608,65536
0002271,262144,196608,65536
0002272,262144,196608,65536
0002273,262144,196608,65536
0002274,262144,196608,65536
0002275,262144,196608,65536
0002276,262144,196608,65536
0002277,262144,196608,65536
0002278,262144,196608,65536
0002279,262144,196608,65536
0002280,262144,196608,65536
0002281,262144,196608,65536
0002282,262144,196608,65536
0002283,262144,196608,65536
0002284,262144,196608,65536
0002285,262144,196608,65536
0002286,262144,196608,65536
0002287,262144,196608,65536
0002288,262144,196608,65536
0002289,262144,196608,65536
0002290,262144,196608,65536
0002291,262144,196608,65536
0002292,262144,196608,65536
0002293,262144,196608,65536
0002294,262144,196608,65536
0002295,262144,196608,65536
0002296,262144,196608,65536
0002297,262144,196608,65536
0002298,262144,196608,65536
0002299,262144,196608,65536
0002300,262144,196608,65536
0002301,262144,196608,65536
0002302,262144,196608,65536
0002303,262144,196608,65536
0002304,262144,196608,65536
0002305,262144,196608,65536
0002306,262144,196608,65536
0002307,262144,196608,65536
0002308,262144,196608,65536
0002309,262144,196608,65536
0002310,262144,196608,65536
0002311,262144,196608,65536
0002312,262144,196608,65536
0002313,262144,196608,65536
0002314,262144,196608,65536
0002315,262144,196608,65536
0002316,262144,196608,65536
0002317,262144,196608,65536
0002318,262144,196608,65536
0002319,262144,196608,65536
0002320,262144,196608,65536
0002321,262144,196608,65536
0002322,262144,196608,65536
0002323,262144,196608,65536
0002324,262144,196608,65536
0002325,262144,196608,65536
0002326,262144,196608,65536
0002327,262144,196608,65536
0002328,262144,196608,65536
0002329,262144,196608,65536
0002330,262144,196608,65536
0002331,262144,196608,65536
0002332,262144,196608,65536
0002333,262144,196608,65536
0002334,262144,196608,65536
0002335,262144,196608,65536
0002336,262144,196608,65536
0002337,262144,196608,65536
0002338,262144,196608,65536
0002339,262144,196608,65536
0002340,262144,196608,65536
0002341,262144,196608,65536
0002342,262144,196608,65536
0002343,262144,196608,65536
0002344,262144,196608,65536
0002345,262144,196608,65536
0002346,262144,196608,65536
0002347,262144,196608,65536
0002348,262144,196608,65536
0002349,262144,196608,65536
0002350,262144,196608,65536
0002351,262144,196608,65536
0002352,262144,196608,65536
0002353,262144,196608,65536
0002354,262144,196608,65536
0002355,262144,196608,65536
0002356,262144,196608,65536
0002357,262144,196608,65536
0002358,262144,196608,65536
0002359,262144,196608,65536
0002360,262144,196608,65536
0002361,262144,196608,65536
0002362,262144,196608,65536
0002363,262144,196608,65536
0002364,262144,196608,65536
0002365,262144,196608,65536
0002366,262144,196608,65536
0002367,262144,196608,65536
0002368,262144,196608,65536
0002369,262144,196608,65536
0002370,262144,196608,65536
0002371,262144,196608,65536
0002372,262144,196608,65536
0002373,262144,196608,65536
0002374,262144,196608,65536
0002375,262144,196608,65536
0002376,262144,196608,65536
0002377,262144,196608,65536
0002378,262144,196608,65536
0002379,262144,196608,65536
0002380,262144,196608,65536
0002381,262144,196608,65536
0002382,262144,196608,65536
0002383,262144,196608,65536
0002384,262144,196608,65536
0002385,262144,196608,65536
0002386,262144,196608,65536
0002387,262144,196608,65536
0002388,262144,196608,65536
0002389,262144,196608,65536
0002390,262144,196608,65536
0002391,262144,196608,65536
0002392,262144,196608,65536
0002393,262144,196608,65536
0002394,262144,196608,65536
0002395,262144,196608,65536
0002396,262144,196608,65536
0002397,262144,196608,65536
0002398,262144,196608,65536
0002399,262144,196608,65536
0002400,262144,196608,65536
0002401,262144,196608,65536
0002402,262144,196608,65536
0002403,262144,196608,65536
0002404,262144,196608,65536
0002405,262144,196608,65536
0002406,262144,196608,65536
0002407,262144,196608,65536
0002408,262144,196608,65536
0002409,262144,196608,65536
0002410,262144,196608,65536
0002411,262144,196608,65536
0002412,262144,196608,65536
0002413,262144,196608,65536
0002414,262144,196608,65536
0002415,262144,196608,65536
0002416,262144,196608,65536
0002417,262144,196608,65536
0002418,262144,196608,65536
0002419,262144,196608,65536
0002420,262144,196608,65536
0002421,262144,196608,65536
0002422,262144,196608,65536
0002423,262144,196608,65536
0002424,262144,196608,65536
0002425,262144,196608,65536
0002426,262144,196608,65536
0002427,262144,196608,65536
0002428,262144,196608,65536
0002429,262144,196608,65536
0002430,262144,196608,65536
0002431,262144,196608,65536
0002432,262144,196608,65536
0002433,262144,196608,65536
0002434,262144,196608,65536
0002435,262144,196608,65536
0002436,262144,196608,65536
0002437,262144,196608,65536
0002438,262144,196608,65536
0002439,262144,196608,65536
0002440,262144,196608,65536
0002441,262144,196608,65536
0002442,262144,196608,65536
0002443,262144,196608,65536
0002444,262144,196608,65536
0002445,262144,196608,65536
0002446,262144,196608,65536
0002447,262144,196608,65536
0002448,262144,196608,65536
0002449,262144,196608,65536
0002450,262144,196608,65536
0002451,262144,196608,65536
0002452,262144,196608,65536
0002453,262144,196608,65536
0002454,262144,196608,65536
0002455,262144,196608,65536
0002456,262144,196608,65536
0002457,262144,196608,65536
0002458,262144,196608,65536
0002459,262144,196608,65536
0002460,262144,196608,65536
0002461,262144,196608,65536
0002462,262144,196608,65536
0002463,262144,196608,65536
0002464,262144,196608,65536
0002465,262144,196608,65536
0002466,262144,196608,65536
0002467,262144,196608,65536
0002468,262144,196608,65536
0002469,262144,196608,65536
0002470,262144,196608,65536
0002471,262144,196608,65536
0002472,262144,196608,65536
0002473,262144,196608,65536
0002474,262144,196608,65536
0002475,262144,196608,65536
0002476,262144,196608,65536
0002477,262144,196608,65536
0002478,262144,196608,65536
0002479,262144,196608,65536
0002480,262144,196608,65536
0002481,262144,196608,65536
0002482,262144,196608,65536
0002483,262144,196608,65536
0002484,262144,196608,65536
0002485,262144,196608,65536
0002486,262144,196608,65536
0002487,262144,196608,65536
0002488,262144,196608,65536
0002489,262144,196608,65536
0002490,262144,196608,65536
0002491,262144,196608,65536
0002492,262144,196608,65536
0002493,262144,196608,65536
0002494,262144,196608,65536
0002495,262144,196608,65536
0002496,262144,196608,65536
0002497,262144,196608,65536
0002498,262144,196608,65536
0002499,262144,196608,65536
0002500,262144,196608,65536
0002501,262144,196608,65536
0002502,262144,196608,65536
0002503,262144,196608,65536
0002504,262144,196608,65536
0002505,262144,196608,65536
0002506,262144,196608,65536
0002507,262144,196608,65536
0002508,262144,196608,65536
0002509,262144,196608,65536
0002510,262144,196608,65536
0002511,262144,196608,65536
0002512,262144,196608,65536
0002513,262144,196608,65536
0002514,262144,196608,65536
0002515,262144,196608,65536
0002516,262144,196608,65536
0002517,262144,196608,65536
0002518,262144,196608,65536
0002519,262144,196608,65536
0002520,262144,196608,65536
0002521,262144,196608,65536
0002522,262144,196608,65536
0002523,262144,196608,65536
0002524,262144,196608,65536
0002525,262144,196608,65536
0002526,262144,196608,65536
0002527,262144,196608,65536
0002528,262144,196608,65536
0002529,262144,196608,65536
0002530,262144,196608,65536
0002531,262144,196608,65536
0002532,262144,196608,65536
0002533,262144,196608,65536
0002534,262144,196608,65536
0002535,262144,196608,65536
0002536,262144,196608,65536
0002537,262144,196608,65536
0002538,262144,196608,65536
0002539,262144,196608,65536
0002540,262144,196608,65536
0002541,262144,196608,65536
0002542,262144,196608,65536
0002543,262144,196608,65536
0002544,262144,196608,65536
0002545,262144,196608,65536
0002546,262144,196608,65536
0002547,262144,196608,65536
0002548,262144,196608,65536
0002549,262144,196608,65536
0002550,262144,196608,65536
0002551,262144,196608,65536
0002552,262144,196608,65536
0002553,262144,196608,65536
0002554,262144,196608,65536
0002555,262144,196608,65536
0002556,262144,196608,65536
0002557,262144,196608,65536
0002558,262144,196608,65536
0002559,262144,196608,65536
0002560,262144,196608,65536
0002561,262144,196608,65536
0002562,262144,196608,65536
0002563,262144,196608,65536
0002564,262144,196608,65536
0002565,262144,196608,65536
0002566,262144,196608,65536
0002567,262144,196608,65536
0002568,262144,196608,65536
0002569,262144,196608,65536
0002570,262144,196608,65536
0002571,262144,196608,65536
0002572,262144,196608,65536
0002573,262144,196608,65536
0002574,262144,196608,65536
0002575,262144,196608,65536
0002576,262144,196608,65536
0002577,262144,196608,65536
0002578,262144,196608,65536
0002579,262144,196608,65536
0002580,262144,196608,65536
0002581,262144,196608,65536
0002582,262144,196608,65536
0002583,262144,196608,65536
0002584,262144,196608,65536
0002585,262144,196608,65536
0002586,262144,196608,65536
0002587,262144,196608,65536
0002588,262144,196608,65536
0002589,262144,196608,65536
0002590,262144,196608,65536
0002591,262144,196608,65536
0002592,262144,196608,65536
0002593,262144,196608,65536
0002594,262144,196608,65536
0002595,262144,196608,65536
0002596,262144,196608,65536
0002597,262144,196608,65536
0002598,262144,196608,65536
0002599,262144,196608,65536
0002600,262144,196608,65536
0002601,262144,196608,65536
0002602,262144,196608,65536
0002603,262144,196608,65536
0002604,262144,196608,65536
0002605,262144,196608,65536
0002606,262144,196608,65536
0002607,262144,196608,65536
0002608,262144,196608,65536
0002609,262144,196608,65536
0002610,262144,196608,65536
0002611,262144,196608,65536
0002612,262144,196608,65536
0002613,262144,196608,65536
0002614,262144,196608,65536
0002615,262144,196608,65536
0002616,262144,196608,65536
0002617,262144,196608,65536
0002618,262144,196608,65536
0002619,262144,196608,65536
0002620,262144,196608,65536
0002621,262144,196608,65536
0002622,262144,196608,65536
0002623,262144,196608,65536
0002624,262144,196608,65536
0002625,262144,196608,65536
0002626,262144,196608,65536
0002627,262144,196608,65536
0002628,262144,196608,65536
0002629,262144,196608,65536
0002630,262144,196608,65536
0002631,262144,196608,65536
0002632,262144,196608,65536
0002633,262144,196608,65536
0002634,262144,196608,65536
0002635,262144,196608,65536
0002636,262144,196608,65536
0002637,262144,196608,65536
0002638,262144,196608,65536
0002639,262144,196608,65536
0002640,262144,196608,65536
0002641,262144,196608,65536
0002642,262144,196608,65536
0002643,262144,196608,65536
0002644,262144,196608,65536
0002645,262144,196608,65536
0002646,262144,196608,65536
0002647,262144,196608,65536
0002648,262144,196608,65536
0002649,262144,196608,65536
0002650,262144,196608,65536
0002651,262144,196608,65536
0002652,262144,196608,65536
0002653,262144,196608,65536
0002654,262144,196608,65536
0002655,262144,196608,65536
0002656,262144,196608,65536
0002657,262144,196608,65536
0002658,262144,196608,65536
0002659,262144,196608,65536
0002660,262144,196608,65536
0002661,262144,196608,65536
0002662,262144,196608,65536
0002663,262144,196608,65536
0002664,262144,196608,65536
0002665,262144,196608,65536
0002666,262144,196608,65536
0002667,262144,196608,65536
0002668,262144,196608,65536
0002669,262144,196608,65536
0002670,262144,196608,65536
0002671,262144,196608,65536
0002672,262144,196608,65536
0002673,262144,196608,65536
0002674,262144,196608,65536
0002675,262144,196608,65536
0002676,262144,196608,65536
0002677,262144,196608,65536
0002678,262144,196608,65536
0002679,262144,196608,65536
0002680,262144,196608,65536
0002681,262144,196608,65536
0002682,262144,196608,65536
0002683,262144,196608,65536
0002684,262144,196608,65536
0002685,262144,196608,65536
0002686,262144,196608,65536
0002687,262144,196608,65536
0002688,262144,196608,65536
0002689,262144,196608,65536
0002690,262144,196608,65536
0002691,262144,196608,65536
0002692,262144,196608,65536
0002693,262144,196608,65536
0002694,262144,196608,65536
0002695,262144,196608,65536
0002696,262144,196608,65536
0002697,262144,196608,65536
0002698,262144,196608,65536
0002699,262144,196608,65536
0002700,262144,196608,65536
0002701,262144,196608,65536
0002702,262144,196608,65536
0002703,262144,196608,65536
0002704,262144,196608,65536
0002705,262144,196608,65536
0002706,262144,196608,65536
0002707,262144,196608,65536
0002708,262144,196608,65536
0002709,262144,196608,65536
0002710,262144,196608,65536
0002711,262144,196608,65536
0002712,262144,196608,65536
0002713,262144,196608,65536
0002714,262144,196608,65536
0002715,262144,196608,65536
0002716,262144,196608,65536
0002717,262144,196608,65536
0002718,262144,196608,65536
0002719,262144,196608,65536
0002720,262144,196608,65536
0002721,262144,196608,65536
0002722,262144,196608,65536
0002723,262144,196608,65536
0002724,262144,196608,65536
0002725,262144,196608,65536
0002726,262144,196608,65536
0002727,262144,196608,65536
0002728,262144,196608,65536
0002729,262144,196608,65536
0002730,262144,196608,65536
0002731,262144,196608,65536
0002732,262144,196608,65536
0002733,262144,196608,65536
0002734,262144,196608,65536
0002735,262144,196608,65536
0002736,262144,196608,65536
0002737,262144,196608,65536
0002738,262144,196608,65536
0002739,262144,196608,65536
0002740,262144,196608,65536
0002741,262144,196608,65536
0002742,262144,196608,65536
0002743,262144,196608,65536
0002744,262144,196608,65536
0002745,262144,196608,65536
0002746,262144,196608,65536
0002747,262144,196608,65536
0002748,262144,196608,65536
0002749,262144,196608,65536
0002750,262144,196608,65536
0002751,262144,196608,65536
0002752,262144,196608,65536
0002753,262144,196608,65536
0002754,262144,196608,65536
0002755,262144,196608,65536
0002756,262144,196608,65536
0002757,262144,196608,65536
0002758,262144,196608,65536
0002759,262144,196608,65536
0002760,262144,196608,65536
0002761,262144,196608,65536
0002762,262144,196608,65536
0002763,262144,196608,65536
0002764,262144,196608,65536
0002765,262144,196608,65536
0002766,262144,196608,65536
0002767,262144,196608,65536
0002768,262144,196608,65536
0002769,262144,196608,65536
0002770,262144,196608,65536
0002771,262144,196608,65536
0002772,262144,196608,65536
0002773,262144,196608,65536
0002774,262144,196608,65536
0002775,262144,196608,65536
0002776,262144,196608,65536
0002777,262144,196608,65536
0002778,262144,196608,65536
0002779,262144,196608,65536
0002780,262144,196608,65536
0002781,262144,196608,65536
0002782,262144,196608,65536
0002783,262144,196608,65536
0002784,262144,196608,65536
0002785,262144,196608,65536
0002786,262144,196608,65536
0002787,262144,196608,65536
0002788,262144,196608,65536
0002789,262144,196608,65536
0002790,262144,196608,65536
0002791,262144,196608,65536
0002792,262144,196608,65536
0002793,262144,196608,65536
0002794,262144,196608,65536
0002795,262144,196608,65536
0002796,262144,196608,65536
0002797,262144,196608,65536
0002798,262144,196608,65536
0002799,262144,196608,65536
0002800,262144,196608,65536
0002801,262144,196608,65536
0002802,262144,196608,65536
0002803,262144,196608,65536
0002804,262144,196608,65536
0002805,262144,196608,65536
0002806,262144,196608,65536
0002807,262144,196608,65536
0002808,262144,196608,65536
0002809,262144,196608,65536
0002810,262144,196608,65536
0002811,262144,196608,65536
0002812,262144,196608,65536
0002813,262144,196608,65536
0002814,262144,196608,65536
0002815,262144,196608,65536
0002816,262144,196608,65536
0002817,262144,196608,65536
0002818,262144,196608,65536
0002819,262144,196608,65536
0002820,262144,196608,65536
0002821,262144,196608,65536
0002822,262144,196608,65536
0002823,262144,196608,65536
0002824,262144,196608,65536
0002825,262144,196608,65536
0002826,262144,196608,65536
0002827,262144,196608,65536
0002828,262144,196608,65536
0002829,262144,196608,65536
0002830,262144,196608,65536
0002831,262144,196608,65536
0002832,262144,196608,65536
0002833,262144,196608,65536
0002834,262144,196608,65536
0002835,262144,196608,65536
0002836,262144,196608,65536
0002837,262144,196608,65536
0002838,262144,196608,65536
0002839,262144,196608,65536
0002840,262144,196608,65536
0002841,262144,196608,65536
0002842,262144,196608,65536
0002843,262144,196608,65536
0002844,262144,196608,65536
0002845,262144,196608,65536
0002846,262144,196608,65536
0002847,262144,196608,65536
0002848,262144,196608,65536
0002849,262144,196608,65536
0002850,262144,196608,65536
0002851,262144,196608,65536
0002852,262144,196608,65536
0002853,262144,196608,65536
0002854,262144,196608,65536
0002855,262144,196608,65536
0002856,262144,196608,65536
0002857,262144,196608,65536
0002858,262144,196608,65536
0002859,262144,196608,65536
0002860,262144,196608,65536
0002861,262144,196608,65536
0002862,262144,196608,65536
0002863,262144,196608,65536
0002864,262144,196608,65536
0002865,262144,196608,65536
0002866,262144,196608,65536
0002867,262144,196608,65536
0002868,262144,196608,65536
0002869,262144,196608,65536
0002870,262144,196608,65536
0002871,262144,196608,65536
0002872,262144,196608,65536
0002873,262144,196608,65536
0002874,262144,196608,65536
0002875,262144,196608,65536
0002876,262144,196608,65536
0002877,262144,196608,65536
0002878,262144,196608,65536
0002879,262144,196608,65536
0002880,262144,196608,65536
0002881,262144,196608,65536
0002882,262144,196608,65536
0002883,262144,196608,65536
0002884,262144,196608,65536
0002885,262144,196608,65536
0002886,262144,196608,65536
0002887,262144,196608,65536
0002888,262144,196608,65536
0002889,262144,196608,65536
0002890,262144,196608,65536
0002891,262144,196608,65536
0002892,262144,196608,65536
0002893,262144,196608,65536
0002894,262144,196608,65536
0002895,262144,196608,65536
0002896,262144,196608,65536
0002897,262144,196608,65536
0002898,262144,196608,65536
0002899,262144,196608,65536
0002900,262144,196608,65536
0002901,262144,196608,65536
0002902,262144,196608,65536
0002903,262144,196608,65536
0002904,262144,196608,65536
0002905,262144,196608,65536
0002906,262144,196608,65536
0002907,262144,196608,65536
0002908,262144,196608,65536
0002909,262144,196608,65536
0002910,262144,196608,65536
0002911,262144,196608,65536
0002912,262144,196608,65536
0002913,262144,196608,65536
0002914,262144,196608,65536
0002915,262144,196608,65536
0002916,262144,196608,65536
0002917,262144,196608,65536
0002918,262144,196608,65536
0002919,262144,196608,65536
0002920,262144,196608,65536
0002921,262144,196608,65536
0002922,262144,196608,65536
0002923,262144,196608,65536
0002924,262144,196608,65536
0002925,262144,196608,65536
0002926,262144,196608,65536
0002927,262144,196608,65536
0002928,262144,196608,65536
0002929,262144,196608,65536
0002930,262144,196608,65536
0002931,262144,196608,65536
0002932,262144,196608,65536
0002933,262144,196608,65536
0002934,262144,196608,65536
0002935,262144,196608,65536
0002936,262144,196608,65536
0002937,262144,196608,65536
0002938,262144,196608,65536
0002939,262144,196608,65536
0002940,262144,196608,65536
0002941,262144,196608,65536
0002942,262144,196608,65536
0002943,262144,196608,65536
0002944,262144,196608,65536
0002945,262144,196608,65536
0002946,262144,196608,65536
0002947,262144,196608,65536
0002948,262144,196608,65536
0002949,262144,196608,65536
0002950,262144,196608,65536
0002951,262144,196608,65536
0002952,262144,196608,65536
0002953,262144,196608,65536
0002954,262144,196608,65536
0002955,262144,196608,65536
0002956,262144,196608,65536
0002957,262144,196608,65536
0002958,262144,196608,65536
0002959,262144,196608,65536
0002960,262144,196608,65536
0002961,262144,196608,65536
0002962,262144,196608,65536
0002963,262144,196608,65536
0002964,262144,196608,65536
0002965,262144,196608,65536
0002966,262144,196608,65536
0002967,262144,196608,65536
0002968,262144,196608,65536
0002969,262144,196608,65536
0002970,262144,196608,65536
0002971,262144,196608,65536
0002972,262144,196608,65536
0002973,262144,196608,65536
0002974,262144,196608,65536
0002975,262144,196608,65536
0002976,262144,196608,65536
0002977,262144,196608,65536
0002978,262144,196608,65536
0002979,262144,196608,65536
0002980,262144,196608,65536
0002981,262144,196608,65536
0002982,262144,196608,65536
0002983,262144,196608,65536
0002984,262144,196608,65536
0002985,262144,196608,65536
0002986,262144,196608,65536
0002987,262144,196608,65536
0002988,262144,196608,65536
0002989,262144,196608,65536
0002990,262144,196608,65536
0002991,262144,196608,65536
0002992,262144,196608,65536
0002993,262144,196608,65536
0002994,262144,196608,65536
0002995,262144,196608,65536
0002996,262144,196608,65536
0002997,262144,196608,65536
0002998,262144,196608,65536
0002999,262144,196608,65536
0003000,262144,196608,65536
0003001,262144,196608,65536
0003002,262144,196608,65536
0003003,262144,196608,65536
0003004,262144,196608,65536
0003005,262144,196608,65536
0003006,262144,196608,65536
0003007,262144,196608,65536
0003008,262144,196608,65536
0003009,262144,196608,65536
0003010,262144,196608,65536
0003011,262144,196608,65536
0003012,262144,196608,65536
0003013,262144,196608,65536
0003014,262144,196608,65536
0003015,262144,196608,65536
0003016,262144,196608,65536
0003017,262144,196608,65536
0003018,262144,196608,65536
0003019,262144,196608,65536
0003020,262144,196608,65536
0003021,262144,196608,65536
0003022,262144,196608,65536
0003023,262144,196608,65536
0003024,262144,196608,65536
0003025,262144,196608,65536
0003026,262144,196608,65536
0003027,262144,196608,65536
0003028,262144,196608,65536
0003029,262144,196608,65536
0003030,262144,196608,65536
0003031,262144,196608,65536
0003032,262144,196608,65536
0003033,262144,196608,65536
0003034,262144,196608,65536
0003035,262144,196608,65536
0003036,262144,196608,65536
0003037,262144,196608,65536
0003038,262144,196608,65536
0003039,262144,196608,65536
0003040,262144,196608,65536
0003041,262144,196608,65536
0003042,262144,196608,65536
0003043,262144,196608,65536
0003044,262144,196608,65536
0003045,262144,196608,65536
0003046,262144,196608,65536
0003047,262144,196608,65536
0003048,262144,196608,65536
0003049,262144,196608,65536
0003050,262144,196608,65536
0003051,262144,196608,65536
0003052,262144,196608,65536
0003053,262144,196608,65536
0003054,262144,196608,65536
0003055,262144,196608,65536
0003056,262144,196608,65536
0003057,262144,196608,65536
0003058,262144,196608,65536
0003059,262144,196608,65536
0003060,262144,196608,65536
0003061,262144,196608,65536
0003062,262144,196608,65536
0003063,262144,196608,65536
0003064,262144,196608,65536
0003065,262144,196608,65536
0003066,262144,196608,65536
0003067,262144,196608,65536
0003068,262144,196608,65536
0003069,262144,196608,65536
0003070,262144,196608,65536
0003071,262144,196608,65536
0003072,262144,196608,65536
0003073,262144,196608,65536
0003074,262144,196608,65536
0003075,262144,196608,65536
0003076,262144,196608,65536
0003077,262144,196608,65536
0003078,262144,196608,65536
0003079,262144,196608,65536
0003080,262144,196608,65536
0003081,262144,196608,65536
0003082,262144,196608,65536
0003083,262144,196608,65536
0003084,262144,196608,65536
0003085,262144,196608,65536
0003086,262144,196608,65536
0003087,262144,196608,65536
0003088,262144,196608,65536
0003089,262144,196608,65536
0003090,262144,196608,65536
0003091,262144,196608,65536
0003092,262144,196608,65536
0003093,262144,196608,65536
0003094,262144,196608,65536
0003095,262144,196608,65536
0003096,262144,196608,65536
0003097,262144,196608,65536
0003098,262144,196608,65536
0003099,262144,196608,65536
0003100,262144,196608,65536
0003101,262144,196608,65536
0003102,262144,196608,65536
0003103,262144,196608,65536
0003104,262144,196608,65536
0003105,262144,196608,65536
0003106,262144,196608,65536
0003107,262144,196608,65536
0003108,262144,196608,65536
0003109,262144,196608,65536
0003110,262144,196608,65536
0003111,262144,196608,65536
0003112,262144,196608,65536
0003113,262144,196608,65536
0003114,262144,196608,65536
0003115,262144,196608,65536
0003116,262144,196608,65536
0003117,262144,196608,65536
0003118,262144,196608,65536
0003119,262144,196608,65536
0003120,262144,196608,65536
0003121,262144,196608,65536
0003122,262144,196608,65536
0003123,262144,196608,65536
0003124,262144,196608,65536
0003125,262144,196608,65536
0003126,262144,196608,65536
0003127,262144,196608,65536
0003128,262144,196608,65536
0003129,262144,196608,65536
0003130,262144,196608,65536
0003131,262144,196608,65536
0003132,262144,196608,65536
0003133,262144,196608,65536
0003134,262144,196608,65536
0003135,262144,196608,65536
0003136,262144,196608,65536
0003137,262144,196608,65536
0003138,262144,196608,65536
0003139,262144,196608,65536
0003140,262144,196608,65536
0003141,262144,196608,65536
0003142,262144,196608,65536
0003143,262144,196608,65536
0003144,262144,196608,65536
0003145,262144,196608,65536
0003146,262144,196608,65536
0003147,262144,196608,65536
0003148,262144,196608,65536
0003149,262144,196608,65536
0003150,262144,196608,65536
0003151,262144,196608,65536
0003152,262144,196608,65536
0003153,262144,196608,65536
0003154,262144,196608,65536
0003155,262144,196608,65536
0003156,262144,196608,65536
0003157,262144,196608,65536
0003158,262144,196608,65536
0003159,262144,196608,65536
0003160,262144,196608,65536
0003161,262144,196608,65536
0003162,262144,196608,65536
0003163,262144,196608,65536
0003164,262144,196608,65536
0003165,262144,196608,65536
0003166,262144,196608,65536
0003167,262144,196608,65536
0003168,262144,196608,65536
0003169,262144,196608,65536
0003170,262144,196608,65536
0003171,262144,196608,65536
0003172,262144,196608,65536
0003173,262144,196608,65536
0003174,262144,196608,65536
0003175,262144,196608,65536
0003176,262144,196608,65536
0003177,262144,196608,65536
0003178,262144,196608,65536
0003179,262144,196608,65536
0003180,262144,196608,65536
0003181,262144,196608,65536
0003182,262144,196608,65536
0003183,262144,196608,65536
0003184,262144,196608,65536
0003185,262144,196608,65536
0003186,262144,196608,65536
0003187,262144,196608,65536
0003188,262144,196608,65536
0003189,262144,196608,65536
0003190,262144,196608,65536
0003191,262144,196608,65536
0003192,262144,196608,65536
0003193,262144,196608,65536
0003194,262144,196608,65536
0003195,262144,196608,65536
0003196,262144,196608,65536
0003197,262144,196608,65536
0003198,262144,196608,65536
0003199,262144,196608,65536
0003200,262144,196608,65536
0003201,262144,196608,65536
0003202,262144,196608,65536
0003203,262144,196608,65536
0003204,262144,196608,65536
0003205,262144,196608,65536
0003206,262144,196608,65536
0003207,262144,196608,65536
0003208,262144,196608,65536
0003209,262144,196608,65536
0003210,262144,196608,65536
0003211,262144,196608,65536
0003212,262144,196608,65536
0003213,262144,196608,65536
0003214,262144,196608,65536
0003215,262144,196608,65536
0003216,262144,196608,65536
0003217,262144,196608,65536
0003218,262144,196608,65536
0003219,262144,196608,65536
0003220,262144,196608,65536
0003221,262144,196608,65536
0003222,262144,196608,65536
0003223,262144,196608,65536
0003224,262144,196608,65536
0003225,262144,196608,65536
0003226,262144,196608,65536
0003227,262144,196608,65536
0003228,262144,196608,65536
0003229,262144,196608,65536
0003230,262144,196608,65536
0003231,262144,196608,65536
0003232,262144,196608,65536
0003233,262144,196608,65536
0003234,262144,196608,65536
0003235,262144,196608,65536
0003236,262144,196608,65536
0003237,262144,196608,65536
0003238,262144,196608,65536
0003239,262144,196608,65536
0003240,262144,196608,65536
0003241,262144,196608,65536
0003242,262144,196608,65536
0003243,262144,196608,65536
0003244,262144,196608,65536
0003245,262144,196608,65536
0003246,262144,196608,65536
0003247,262144,196608,65536
0003248,262144,196608,65536
0003249,262144,196608,65536
0003250,262144,196608,65536
0003251,262144,196608,65536
0003252,262144,196608,65536
0003253,262144,196608,65536
0003254,262144,196608,65536
0003255,262144,196608,65536
0003256,262144,196608,65536
0003257,262144,196608,65536
0003258,262144,196608,65536
0003259,262144,196608,65536
0003260,262144,196608,65536
0003261,262144,196608,65536
0003262,262144,196608,65536
0003263,262144,196608,65536
0003264,262144,196608,65536
0003265,262144,196608,65536
0003266,262144,196608,65536
0003267,262144,196608,65536
0003268,262144,196608,65536
0003269,262144,196608,65536
0003270,262144,196608,65536
0003271,262144,196608,65536
0003272,262144,196608,65536
0003273,262144,196608,65536
0003274,262144,196608,65536
0003275,262144,196608,65536
0003276,262144,196608,65536
0003277,262144,196608,65536
0003278,262144,196608,65536
0003279,262144,196608,65536
0003280,262144,196608,65536
0003281,262144,196608,65536
0003282,262144,196608,65536
0003283,262144,196608,65536
0003284,262144,196608,65536
0003285,262144,196608,65536
0003286,262144,196608,65536
0003287,262144,196608,65536
0003288,262144,196608,65536
0003289,262144,196608,65536
0003290,262144,196608,65536
0003291,262144,196608,65536
0003292,262144,196608,65536
0003293,262144,196608,65536
0003294,262144,196608,65536
0003295,262144,196608,65536
0003296,262144,196608,65536
0003297,262144,196608,65536
0003298,262144,196608,65536
0003299,262144,196608,65536
0003300,262144,196608,65536
0003301,262144,196608,65536
0003302,262144,196608,65536
0003303,262144,196608,65536
0003304,262144,196608,65536
0003305,262144,196608,65536
0003306,262144,196608,65536
0003307,262144,196608,65536
0003308,262144,196608,65536
0003309,262144,196608,65536
0003310,262144,196608,65536
0003311,262144,196608,65536
0003312,262144,196608,65536
0003313,262144,196608,65536
0003314,262144,196608,65536
0003315,262144,196608,65536
0003316,262144,196608,65536
0003317,262144,196608,65536
0003318,262144,196608,65536
0003319,262144,196608,65536
0003320,262144,196608,65536
0003321,262144,196608,65536
0003322,262144,196608,65536
0003323,262144,196608,65536
0003324,262144,196608,65536
0003325,262144,196608,65536
0003326,262144,196608,65536
0003327,262144,196608,65536
0003328,262144,196608,65536
0003329,262144,196608,65536
0003330,262144,196608,65536
0003331,262144,196608,65536
0003332,262144,196608,65536
0003333,262144,196608,65536
0003334,262144,196608,65536
0003335,262144,196608,65536
0003336,262144,196608,65536
0003337,262144,196608,65536
0003338,262144,196608,65536
0003339,262144,196608,65536
0003340,262144,196608,65536
0003341,262144,196608,65536
0003342,262144,196608,65536
0003343,262144,196608,65536
0003344,262144,196608,65536
0003345,262144,196608,65536
0003346,262144,196608,65536
0003347,262144,196608,65536
0003348,262144,196608,65536
0003349,262144,196608,65536
0003350,262144,196608,65536
0003351,262144,196608,65536
0003352,262144,196608,65536
0003353,262144,196608,65536
0003354,262144,196608,65536
0003355,262144,196608,65536
0003356,262144,196608,65536
0003357,262144,196608,65536
0003358,262144,196608,65536
0003359,262144,196608,65536
0003360,262144,196608,65536
0003361,262144,196608,65536
0003362,262144,196608,65536
0003363,262144,196608,65536
0003364,262144,196608,65536
0003365,262144,196608,65536
0003366,262144,196608,65536
0003367,262144,196608,65536
0003368,262144,196608,65536
0003369,262144,196608,65536
0003370,262144,196608,65536
0003371,262144,196608,65536
0003372,262144,196608,65536
0003373,262144,196608,65536
0003374,262144,196608,65536
0003375,262144,196608,65536
0003376,262144,196608,65536
0003377,262144,196608,65536
0003378,262144,196608,65536
0003379,262144,196608,65536
0003380,262144,196608,65536
0003381,262144,196608,65536
0003382,262144,196608,65536
0003383,262144,196608,65536
0003384,262144,196608,65536
0003385,262144,196608,65536
0003386,262144,196608,65536
0003387,262144,196608,65536
0003388,262144,196608,65536
0003389,262144,196608,65536
0003390,262144,196608,65536
0003391,262144,196608,65536
0003392,262144,196608,65536
0003393,262144,196608,65536
0003394,262144,196608,65536
0003395,262144,196608,65536
0003396,262144,196608,65536
0003397,262144,196608,65536
0003398,262144,196608,65536
0003399,262144,196608,65536
0003400,262144,196608,65536
0003401,262144,196608,65536
0003402,262144,196608,65536
0003403,262144,196608,65536
0003404,262144,196608,65536
0003405,262144,196608,65536
0003406,262144,196608,65536
0003407,262144,196608,65536
0003408,262144,196608,65536
0003409,262144,196608,65536
0003410,262144,196608,65536
0003411,262144,196608,65536
0003412,262144,196608,65536
0003413,262144,196608,65536
0003414,262144,196608,65536
0003415,262144,196608,65536
0003416,262144,196608,65536
0003417,262144,196608,65536
0003418,262144,196608,65536
0003419,262144,196608,65536
0003420,262144,196608,65536
0003421,262144,196608,65536
0003422,262144,196608,65536
0003423,262144,196608,65536
0003424,262144,196608,65536
0003425,262144,196608,65536
0003426,262144,196608,65536
0003427,262144,196608,65536
0003428,262144,196608,65536
0003429,262144,196608,65536
0003430,262144,196608,65536
0003431,262144,196608,65536
0003432,262144,196608,65536
0003433,262144,196608,65536
0003434,262144,196608,65536
0003435,262144,196608,65536
0003436,262144,196608,65536
0003437,262144,196608,65536
0003438,262144,196608,65536
0003439,262144,196608,65536
0003440,262144,196608,65536
0003441,262144,196608,65536
0003442,262144,196608,65536
0003443,262144,196608,65536
0003444,262144,196608,65536
0003445,262144,196608,65536
0003446,262144,196608,65536
0003447,262144,196608,65536
0003448,262144,196608,65536
0003449,262144,196608,65536
0003450,262144,196608,65536
0003451,262144,196608,65536
0003452,262144,196608,65536
0003453,262144,196608,65536
0003454,262144,196608,65536
0003455,262144,196608,65536
0003456,262144,196608,65536
0003457,262144,196608,65536
0003458,262144,196608,65536
0003459,262144,196608,65536
0003460,262144,196608,65536
0003461,262144,196608,65536
0003462,262144,196608,65536
0003463,262144,196608,65536
0003464,262144,196608,65536
0003465,262144,196608,65536
0003466,262144,196608,65536
0003467,262144,196608,65536
0003468,262144,196608,65536
0003469,262144,196608,65536
0003470,262144,196608,65536
0003471,262144,196608,65536
0003472,262144,196608,65536
0003473,262144,196608,65536
0003474,262144,196608,65536
0003475,262144,196608,65536
0003476,262144,196608,65536
0003477,262144,196608,65536
0003478,262144,196608,65536
0003479,262144,196608,65536
0003480,262144,196608,65536
0003481,262144,196608,65536
0003482,262144,196608,65536
0003483,262144,196608,65536
0003484,262144,196608,65536
0003485,262144,196608,65536
0003486,262144,196608,65536
0003487,262144,196608,65536
0003488,262144,196608,65536
0003489,262144,196608,65536
0003490,262144,196608,65536
0003491,262144,196608,65536
0003492,262144,196608,65536
0003493,262144,196608,65536
0003494,262144,196608,65536
0003495,262144,196608,65536
0003496,262144,196608,65536
0003497,262144,196608,65536
0003498,262144,196608,65536
0003499,262144,196608,65536
0003500,262144,196608,65536
0003501,262144,196608,65536
0003502,262144,196608,65536
0003503,262144,196608,65536
0003504,262144,196608,65536
0003505,262144,196608,65536
0003506,262144,196608,65536
0003507,262144,196608,65536
0003508,262144,196608,65536
0003509,262144,196608,65536
0003510,262144,196608,65536
0003511,262144,196608,65536
0003512,262144,196608,65536
0003513,262144,196608,65536
0003514,262144,196608,65536
0003515,262144,196608,65536
0003516,262144,196608,65536
0003517,262144,196608,65536
0003518,262144,196608,65536
0003519,262144,196608,65536
0003520,262144,196608,65536
0003521,262144,196608,65536
0003522,262144,196608,65536
0003523,262144,196608,65536
0003524,262144,196608,65536
0003525,262144,196608,65536
0003526,262144,196608,65536
0003527,262144,196608,65536
0003528,262144,196608,65536
0003529,262144,196608,65536
0003530,262144,196608,65536
0003531,262144,196608,65536
0003532,262144,196608,65536
0003533,262144,196608,65536
0003534,262144,196608,65536
0003535,262144,196608,65536
0003536,262144,196608,65536
0003537,262144,196608,65536
0003538,262144,196608,65536
0003539,262144,196608,65536
0003540,262144,196608,65536
0003541,262144,196608,65536
0003542,262144,196608,65536
0003543,262144,196608,65536
0003544,262144,196608,65536
0003545,262144,196608,65536
0003546,262144,196608,65536
0003547,262144,196608,65536
0003548,262144,196608,65536
0003549,262144,196608,65536
0003550,262144,196608,65536
0003551,262144,196608,65536
0003552,262144,196608,65536
0003553,262144,196608,65536
0003554,262144,196608,65536
0003555,262144,196608,65536
0003556,262144,196608,65536
0003557,262144,196608,65536
0003558,262144,196608,65536
0003559,262144,196608,65536
0003560,262144,196608,65536
0003561,262144,196608,65536
0003562,262144,196608,65536
0003563,262144,196608,65536
0003564,262144,196608,65536
0003565,262144,196608,65536
0003566,262144,196608,65536
0003567,262144,196608,65536
0003568,262144,196608,65536
0003569,262144,196608,65536
0003570,262144,196608,65536
0003571,262144,196608,65536
0003572,262144,196608,65536
0003573,262144,196608,65536
0003574,262144,196608,65536
0003575,262144,196608,65536
0003576,262144,196608,65536
0003577,262144,196608,65536
0003578,262144,196608,65536
0003579,262144,196608,65536
0003580,262144,196608,65536
0003581,262144,196608,65536
0003582,262144,196608,65536
0003583,262144,196608,65536
0003584,262144,196608,65536
0003585,262144,196608,65536
0003586,262144,196608,65536
0003587,262144,196608,65536
0003588,262144,196608,65536
0003589,262144,196608,65536
0003590,262144,196608,65536
0003591,262144,196608,65536
0003592,262144,196608,65536
0003593,262144,196608,65536
0003594,262144,196608,65536
0003595,262144,196608,65536
0003596,262144,196608,65536
0003597,262144,196608,65536
0003598,262144,196608,65536
0003599,262144,196608,65536
0003600,262144,196608,65536
0003601,262144,196608,65536
0003602,262144,196608,65536
0003603,262144,196608,65536
0003604,262144,196608,65536
0003605,262144,196608,65536
0003606,262144,196608,65536
0003607,262144,196608,65536
0003608,262144,196608,65536
0003609,262144,196608,65536
0003610,262144,196608,65536
0003611,262144,196608,65536
0003612,262144,196608,65536
0003613,262144,196608,65536
0003614,262144,196608,65536
0003615,262144,196608,65536
0003616,262144,196608,65536
0003617,262144,196608,65536
0003618,262144,196608,65536
0003619,262144,196608,65536
0003620,262144,196608,65536
0003621,262144,196608,65536
0003622,262144,196608,65536
0003623,262144,196608,65536
0003624,262144,196608,65536
0003625,262144,196608,65536
0003626,262144,196608,65536
0003627,262144,196608,65536
0003628,262144,196608,65536
0003629,262144,196608,65536
0003630,262144,196608,65536
0003631,262144,196608,65536
0003632,262144,196608,65536
0003633,262144,196608,65536
0003634,262144,196608,65536
0003635,262144,196608,65536
0003636,262144,196608,65536
0003637,262144,196608,65536
0003638,262144,196608,65536
0003639,262144,196608,65536
0003640,262144,196608,65536
0003641,262144,196608,65536
0003642,262144,196608,65536
0003643,262144,196608,65536
0003644,262144,196608,65536
0003645,262144,196608,65536
0003646,262144,196608,65536
0003647,262144,196608,65536
0003648,262144,196608,65536
0003649,262144,196608,65536
0003650,262144,196608,65536
0003651,262144,196608,65536
0003652,262144,196608,65536
0003653,262144,196608,65536
0003654,262144,196608,65536
0003655,262144,196608,65536
0003656,262144,196608,65536
0003657,262144,196608,65536
0003658,262144,196608,65536
0003659,262144,196608,65536
0003660,262144,196608,65536
0003661,262144,196608,65536
0003662,262144,196608,65536
0003663,262144,196608,65536
0003664,262144,196608,65536
0003665,262144,196608,65536
0003666,262144,196608,65536
0003667,262144,196608,65536
0003668,262144,196608,65536
0003669,262144,196608,65536
0003670,262144,196608,65536
0003671,262144,196608,65536
0003672,262144,196608,65536
0003673,262144,196608,65536
0003674,262144,196608,65536
0003675,262144,196608,65536
0003676,262144,196608,65536
0003677,262144,196608,65536
0003678,262144,196608,65536
0003679,262144,196608,65536
0003680,262144,196608,65536
0003681,262144,196608,65536
0003682,262144,196608,65536
0003683,262144,196608,65536
0003684,262144,196608,65536
0003685,262144,196608,65536
0003686,262144,196608,65536
0003687,262144,196608,65536
0003688,262144,196608,65536
0003689,262144,196608,65536
0003690,262144,196608,65536
0003691,262144,196608,65536
0003692,262144,196608,65536
0003693,262144,196608,65536
0003694,262144,196608,65536
0003695,262144,196608,65536
0003696,262144,196608,65536
0003697,262144,196608,65536
0003698,262144,196608,65536
0003699,262144,196608,65536
0003700,262144,196608,65536
0003701,262144,196608,65536
0003702,262144,196608,65536
0003703,262144,196608,65536
0003704,262144,196608,65536
0003705,262144,196608,65536
0003706,262144,196608,65536
0003707,262144,196608,65536
0003708,262144,196608,65536
0003709,262144,196608,65536
0003710,262144,196608,65536
0003711,262144,196608,65536
0003712,262144,196608,65536
0003713,262144,196608,65536
0003714,262144,196608,65536
0003715,262144,196608,65536
0003716,262144,196608,65536
0003717,262144,196608,65536
0003718,262144,196608,65536
0003719,262144,196608,65536
0003720,262144,196608,65536
0003721,262144,196608,65536
0003722,262144,196608,65536
0003723,262144,196608,65536
0003724,262144,196608,65536
0003725,262144,196608,65536
0003726,262144,196608,65536
0003727,262144,196608,65536
0003728,262144,196608,65536
0003729,262144,196608,65536
0003730,262144,196608,65536
0003731,262144,196608,65536
0003732,262144,196608,65536
0003733,262144,196608,65536
0003734,262144,196608,65536
0003735,262144,196608,65536
0003736,262144,196608,65536
0003737,262144,196608,65536
0003738,262144,196608,65536
0003739,262144,196608,65536
0003740,262144,196608,65536
0003741,262144,196608,65536
0003742,262144,196608,65536
0003743,262144,196608,65536
0003744,262144,196608,65536
0003745,262144,196608,65536
0003746,262144,196608,65536
0003747,262144,196608,65536
0003748,262144,196608,65536
0003749,262144,196608,65536
0003750,262144,196608,65536
0003751,262144,196608,65536
0003752,262144,196608,65536
0003753,262144,196608,65536
0003754,262144,196608,65536
0003755,262144,196608,65536
0003756,262144,196608,65536
0003757,262144,196608,65536
0003758,262144,196608,65536
0003759,262144,196608,65536
0003760,262144,196608,65536
0003761,262144,196608,65536
0003762,262144,196608,65536
0003763,262144,196608,65536
0003764,262144,196608,65536
0003765,262144,196608,65536
0003766,262144,196608,65536
0003767,262144,196608,65536
0003768,262144,196608,65536
0003769,262144,196608,65536
0003770,262144,196608,65536
0003771,262144,196608,65536
0003772,262144,196608,65536
0003773,262144,196608,65536
0003774,262144,196608,65536
0003775,262144,196608,65536
0003776,262144,196608,65536
0003777,262144,196608,65536
0003778,262144,196608,65536
0003779,262144,196608,65536
0003780,262144,196608,65536
0003781,262144,196608,65536
0003782,262144,196608,65536
0003783,262144,196608,65536
0003784,262144,196608,65536
0003785,262144,196608,65536
0003786,262144,196608,65536
0003787,262144,196608,65536
0003788,262144,196608,65536
0003789,262144,196608,65536
0003790,262144,196608,65536
0003791,262144,196608,65536
0003792,262144,196608,65536
0003793,262144,196608,65536
0003794,262144,196608,65536
0003795,262144,196608,65536
0003796,262144,196608,65536
0003797,262144,196608,65536
0003798,262144,196608,65536
0003799,262144,196608,65536
0003800,262144,196608,65536
0003801,262144,196608,65536
0003802,262144,196608,65536
0003803,262144,196608,65536
0003804,262144,196608,65536
0003805,262144,196608,65536
0003806,262144,196608,65536
0003807,262144,196608,65536
0003808,262144,196608,65536
0003809,262144,196608,65536
0003810,262144,196608,65536
0003811,262144,196608,65536
0003812,262144,196608,65536
0003813,262144,196608,65536
0003814,262144,196608,65536
0003815,262144,196608,65536
0003816,262144,196608,65536
0003817,262144,196608,65536
0003818,262144,196608,65536
0003819,262144,196608,65536
0003820,262144,196608,65536
0003821,262144,196608,65536
0003822,262144,196608,65536
0003823,262144,196608,65536
0003824,262144,196608,65536
0003825,262144,196608,65536
0003826,262144,196608,65536
0003827,262144,196608,65536
0003828,262144,196608,65536
0003829,262144,196608,65536
0003830,262144,196608,65536
0003831,262144,196608,65536
0003832,262144,196608,65536
0003833,262144,196608,65536
0003834,262144,196608,65536
0003835,262144,196608,65536
0003836,262144,196608,65536
0003837,262144,196608,65536
0003838,262144,196608,65536
0003839,262144,196608,65536
0003840,262144,196608,65536
0003841,262144,196608,65536
0003842,262144,196608,65536
0003843,262144,196608,65536
0003844,262144,196608,65536
0003845,262144,196608,65536
0003846,262144,196608,65536
0003847,262144,196608,65536
0003848,262144,196608,65536
0003849,262144,196608,65536
0003850,262144,196608,65536
0003851,262144,196608,65536
0003852,262144,196608,65536
0003853,262144,196608,65536
0003854,262144,196608,65536
0003855,262144,196608,65536
0003856,262144,196608,65536
0003857,262144,196608,65536
0003858,262144,196608,65536
0003859,262144,196608,65536
0003860,262144,196608,65536
0003861,262144,196608,65536
0003862,262144,196608,65536
0003863,262144,196608,65536
0003864,262144,196608,65536
0003865,262144,196608,65536
0003866,262144,196608,65536
0003867,262144,196608,65536
0003868,262144,196608,65536
0003869,262144,196608,65536
0003870,262144,196608,65536
0003871,262144,196608,65536
0003872,262144,196608,65536
0003873,262144,196608,65536
0003874,262144,196608,65536
0003875,262144,196608,65536
0003876,262144,196608,65536
0003877,262144,196608,65536
0003878,262144,196608,65536
0003879,262144,196608,65536
0003880,262144,196608,65536
0003881,262144,196608,65536
0003882,262144,196608,65536
0003883,262144,196608,65536
0003884,262144,196608,65536
0003885,262144,196608,65536
0003886,262144,196608,65536
0003887,262144,196608,65536
0003888,262144,196608,65536
0003889,262144,196608,65536
0003890,262144,196608,65536
0003891,262144,196608,65536
0003892,262144,196608,65536
0003893,262144,196608,65536
0003894,262144,196608,65536
0003895,262144,196608,65536
0003896,262144,196608,65536
0003897,262144,196608,65536
0003898,262144,196608,65536
0003899,262144,196608,65536
0003900,262144,196608,65536
0003901,262144,196608,65536
0003902,262144,196608,65536
0003903,262144,196608,65536
0003904,262144,196608,65536
0003905,262144,196608,65536
0003906,262144,196608,65536
0003907,262144,196608,65536
0003908,262144,196608,65536
0003909,262144,196608,65536
0003910,262144,196608,65536
0003911,262144,196608,65536
0003912,262144,196608,65536
0003913,262144,196608,65536
0003914,262144,196608,65536
0003915,262144,196608,65536
0003916,262144,196608,65536
0003917,262144,196608,65536
0003918,262144,196608,65536
0003919,262144,196608,65536
0003920,262144,196608,65536
0003921,262144,196608,65536
0003922,262144,196608,65536
0003923,262144,196608,65536
0003924,262144,196608,65536
0003925,262144,196608,65536
0003926,262144,196608,65536
0003927,262144,196608,65536
0003928,262144,196608,65536
0003929,262144,196608,65536
0003930,262144,196608,65536
0003931,262144,196608,65536
0003932,262144,196608,65536
0003933,262144,196608,65536
0003934,262144,196608,65536
0003935,262144,196608,65536
0003936,262144,196608,65536
0003937,262144,196608,65536
0003938,262144,196608,65536
0003939,262144,196608,65536
0003940,262144,196608,65536
0003941,262144,196608,65536
0003942,262144,196608,65536
0003943,262144,196608,65536
0003944,262144,196608,65536
0003945,262144,196608,65536
0003946,262144,196608,65536
0003947,262144,196608,65536
0003948,262144,196608,65536
0003949,262144,196608,65536
0003950,262144,196608,65536
0003951,262144,196608,65536
0003952,262144,196608,65536
0003953,262144,196608,65536
0003954,262144,196608,65536
0003955,262144,196608,65536
0003956,262144,196608,65536
0003957,262144,196608,65536
0003958,262144,196608,65536
0003959,262144,196608,65536
0003960,262144,196608,65536
0003961,262144,196608,65536
0003962,262144,196608,65536
0003963,262144,196608,65536
0003964,262144,196608,65536
0003965,262144,196608,65536
0003966,262144,196608,65536
0003967,262144,196608,65536
0003968,262144,196608,65536
0003969,262144,196608,65536
0003970,262144,196608,65536
0003971,262144,196608,65536
0003972,262144,196608,65536
0003973,262144,196608,65536
0003974,262144,196608,65536
0003975,262144,196608,65536
0003976,262144,196608,65536
0003977,262144,196608,65536
0003978,262144,196608,65536
0003979,262144,196608,65536
0003980,262144,196608,65536
0003981,262144,196608,65536
0003982,262144,196608,65536
0003983,262144,196608,65536
0003984,262144,196608,65536
0003985,262144,196608,65536
0003986,262144,196608,65536
0003987,262144,196608,65536
0003988,262144,196608,65536
0003989,262144,196608,65536
0003990,262144,196608,65536
0003991,262144,196608,65536
0003992,262144,196608,65536
0003993,262144,196608,65536
0003994,262144,196608,65536
0003995,262144,196608,65536
0003996,262144,196608,65536
0003997,262144,196608,65536
0003998,262144,196608,65536
0003999,262144,196608,65536
0004000,262144,196608,65536
0004001,262144,196608,65536
0004002,262144,196608,65536
0004003,262144,196608,65536
0004004,262144,196608,65536
0004005,262144,196608,65536
0004006,262144,196608,65536
0004007,262144,196608,65536
0004008,262144,196608,65536
0004009,262144,196608,65536
0004010,262144,196608,65536
0004011,262144,196608,65536
0004012,262144,196608,65536
0004013,262144,196608,65536
0004014,262144,196608,65536
0004015,262144,196608,65536
0004016,262144,196608,65536
0004017,262144,196608,65536
0004018,262144,196608,65536
0004019,262144,196608,65536
0004020,262144,196608,65536
0004021,262144,196608,65536
0004022,262144,196608,65536
0004023,262144,196608,65536
0004024,262144,196608,65536
0004025,262144,196608,65536
0004026,262144,196608,65536
0004027,262144,196608,65536
0004028,262144,196608,65536
0004029,262144,196608,65536
0004030,262144,196608,65536
0004031,262144,196608,65536
0004032,262144,196608,65536
0004033,262144,196608,65536
0004034,262144,196608,65536
0004035,262144,196608,65536
0004036,262144,196608,65536
0004037,262144,196608,65536
0004038,262144,196608,65536
0004039,262144,196608,65536
0004040,262144,196608,65536
0004041,262144,196608,65536
0004042,262144,196608,65536
0004043,262144,196608,65536
0004044,262144,196608,65536
0004045,262144,196608,65536
0004046,262144,196608,65536
0004047,262144,196608,65536
0004048,262144,196608,65536
0004049,262144,196608,65536
0004050,262144,196608,65536
0004051,262144,196608,65536
0004052,262144,196608,65536
0004053,262144,196608,65536
0004054,262144,196608,65536
0004055,262144,196608,65536
0004056,262144,196608,65536
0004057,262144,196608,65536
0004058,262144,196608,65536
0004059,262144,196608,65536
0004060,262144,196608,65536
0004061,262144,196608,65536
0004062,262144,196608,65536
0004063,262144,196608,65536
0004064,262144,196608,65536
0004065,262144,196608,65536
0004066,262144,196608,65536
0004067,262144,196608,65536
0004068,262144,196608,65536
0004069,262144,196608,65536
0004070,262144,196608,65536
0004071,262144,196608,65536
0004072,262144,196608,65536
0004073,262144,196608,65536
0004074,262144,196608,65536
0004075,262144,196608,65536
0004076,262144,196608,65536
0004077,262144,196608,65536
0004078,262144,196608,65536
0004079,262144,196608,65536
0004080,262144,196608,65536
0004081,262144,196608,65536
0004082,262144,196608,65536
0004083,262144,196608,65536
0004084,262144,196608,65536
0004085,262144,196608,65536
0004086,262144,196608,65536
0004087,262144,196608,65536
0004088,262144,196608,65536
0004089,262144,196608,65536
0004090,262144,196608,65536
0004091,262144,196608,65536
0004092,262144,196608,65536
0004093,262144,196608,65536
0004094,262144,196608,65536
0004095,262144,196608,65536
0004096,262144,196608,65536
0004097,262144,196608,65536
0004098,262144,196608,65536
0004099,262144,196608,65536
0004100,262144,196608,65536
0004101,262144,196608,65536
0004102,262144,196608,65536
0004103,262144,196608,65536
0004104,262144,196608,65536
0004105,262144,196608,65536
0004106,262144,196608,65536
0004107,262144,196608,65536
0004108,262144,196608,65536
0004109,262144,196608,65536
0004110,262144,196608,65536
0004111,262144,196608,65536
0004112,262144,196608,65536
0004113,262144,196608,65536
0004114,262144,196608,65536
0004115,262144,196608,65536
0004116,262144,196608,65536
0004117,262144,196608,65536
0004118,262144,196608,65536
0004119,262144,196608,65536
0004120,262144,196608,65536
0004121,262144,196608,65536
0004122,262144,196608,65536
0004123,262144,196608,65536
0004124,262144,196608,65536
0004125,262144,196608,65536
0004126,262144,196608,65536
0004127,262144,196608,65536
0004128,262144,196608,65536
0004129,262144,196608,65536
0004130,262144,196608,65536
0004131,262144,196608,65536
0004132,262144,196608,65536
0004133,262144,196608,65536
0004134,262144,196608,65536
0004135,262144,196608,65536
0004136,262144,196608,65536
0004137,262144,196608,65536
0004138,262144,196608,65536
0004139,262144,196608,65536
0004140,262144,196608,65536
0004141,262144,196608,65536
0004142,262144,196608,65536
0004143,262144,196608,65536
0004144,262144,196608,65536
0004145,262144,196608,65536
0004146,262144,196608,65536
0004147,262144,196608,65536
0004148,262144,196608,65536
0004149,262144,196608,65536
0004150,262144,196608,65536
0004151,262144,196608,65536
0004152,262144,196608,65536
0004153,262144,196608,65536
0004154,262144,196608,65536
0004155,262144,196608,65536
0004156,262144,196608,65536
0004157,262144,196608,65536
0004158,262144,196608,65536
0004159,262144,196608,65536
0004160,262144,196608,65536
0004161,262144,196608,65536
0004162,262144,196608,65536
0004163,262144,196608,65536
0004164,262144,196608,65536
0004165,262144,196608,65536
0004166,262144,196608,65536
0004167,262144,196608,65536
0004168,262144,196608,65536
0004169,262144,196608,65536
0004170,262144,196608,65536
0004171,262144,196608,65536
0004172,262144,196608,65536
0004173,262144,196608,65536
0004174,262144,196608,65536
0004175,262144,196608,65536
0004176,262144,196608,65536
0004177,262144,196608,65536
0004178,262144,196608,65536
0004179,262144,196608,65536
0004180,262144,196608,65536
0004181,262144,196608,65536
0004182,262144,196608,65536
0004183,262144,196608,65536
0004184,262144,196608,65536
0004185,262144,196608,65536
0004186,262144,196608,65536
0004187,262144,196608,65536
0004188,262144,196608,65536
0004189,262144,196608,65536
0004190,262144,196608,65536
0004191,262144,196608,65536
0004192,262144,196608,65536
0004193,262144,196608,65536
0004194,262144,196608,65536
0004195,262144,196608,65536
0004196,262144,196608,65536
0004197,262144,196608,65536
0004198,262144,196608,65536
0004199,262144,196608,65536
0004200,262144,196608,65536
0004201,262144,196608,65536
0004202,262144,196608,65536
0004203,262144,196608,65536
0004204,262144,196608,65536
0004205,262144,196608,65536
0004206,262144,196608,65536
0004207,262144,196608,65536
0004208,262144,196608,65536
0004209,262144,196608,65536
0004210,262144,196608,65536
0004211,262144,196608,65536
0004212,262144,196608,65536
0004213,262144,196608,65536
0004214,262144,196608,65536
0004215,262144,196608,65536
0004216,262144,196608,65536
0004217,262144,196608,65536
0004218,262144,196608,65536
0004219,262144,196608,65536
0004220,262144,196608,65536
0004221,262144,196608,65536
0004222,262144,196608,65536
0004223,262144,196608,65536
0004224,262144,196608,65536
0004225,262144,196608,65536
0004226,262144,196608,65536
0004227,262144,196608,65536
0004228,262144,196608,65536
0004229,262144,196608,65536
0004230,262144,196608,65536
0004231,262144,196608,65536
0004232,262144,196608,65536
0004233,262144,196608,65536
0004234,262144,196608,65536
0004235,262144,196608,65536
0004236,262144,196608,65536
0004237,262144,196608,65536
0004238,262144,196608,65536
0004239,262144,196608,65536
0004240,262144,196608,65536
0004241,262144,196608,65536
0004242,262144,196608,65536
0004243,262144,196608,65536
0004244,262144,196608,65536
0004245,262144,196608,65536
0004246,262144,196608,65536
0004247,262144,196608,65536
0004248,262144,196608,65536
0004249,262144,196608,65536
0004250,262144,196608,65536
0004251,262144,196608,65536
0004252,262144,196608,65536
0004253,262144,196608,65536
0004254,262144,196608,65536
0004255,262144,196608,65536
0004256,262144,196608,65536
0004257,262144,196608,65536
0004258,262144,196608,65536
0004259,262144,196608,65536
0004260,262144,196608,65536
0004261,262144,196608,65536
0004262,262144,196608,65536
0004263,262144,196608,65536
0004264,262144,196608,65536
0004265,262144,196608,65536
0004266,262144,196608,65536
0004267,262144,196608,65536
0004268,262144,196608,65536
0004269,262144,196608,65536
0004270,262144,196608,65536
0004271,262144,196608,65536
0004272,262144,196608,65536
0004273,262144,196608,65536
0004274,262144,196608,65536
0004275,262144,196608,65536
0004276,262144,196608,65536
0004277,262144,196608,65536
0004278,262144,196608,65536
0004279,262144,196608,65536
0004280,262144,196608,65536
0004281,262144,196608,65536
0004282,262144,196608,65536
0004283,262144,196608,65536
0004284,262144,196608,65536
0004285,262144,196608,65536
0004286,262144,196608,65536
0004287,262144,196608,65536
0004288,262144,196608,65536
0004289,262144,196608,65536
0004290,262144,196608,65536
0004291,262144,196608,65536
0004292,262144,196608,65536
0004293,262144,196608,65536
0004294,262144,196608,65536
0004295,262144,196608,65536
0004296,262144,196608,65536
0004297,262144,196608,65536
0004298,262144,196608,65536
0004299,262144,196608,65536
0004300,262144,196608,65536
0004301,262144,196608,65536
0004302,262144,196608,65536
0004303,262144,196608,65536
0004304,262144,196608,65536
0004305,262144,196608,65536
0004306,262144,196608,65536
0004307,262144,196608,65536
0004308,262144,196608,65536
0004309,262144,196608,65536
0004310,262144,196608,65536
0004311,262144,196608,65536
0004312,262144,196608,65536
0004313,262144,196608,65536
0004314,262144,196608,65536
0004315,262144,196608,65536
0004316,262144,196608,65536
0004317,262144,196608,65536
0004318,262144,196608,65536
0004319,262144,196608,65536
0004320,262144,196608,65536
0004321,262144,196608,65536
0004322,262144,196608,65536
0004323,262144,196608,65536
0004324,262144,196608,65536
0004325,262144,196608,65536
0004326,262144,196608,65536
0004327,262144,196608,65536
0004328,262144,196608,65536
0004329,262144,196608,65536
0004330,262144,196608,65536
0004331,262144,196608,65536
0004332,262144,196608,65536
0004333,262144,196608,65536
0004334,262144,196608,65536
0004335,262144,196608,65536
0004336,262144,196608,65536
0004337,262144,196608,65536
0004338,262144,196608,65536
0004339,262144,196608,65536
0004340,262144,196608,65536
0004341,262144,196608,65536
0004342,262144,196608,65536
0004343,262144,196608,65536
0004344,262144,196608,65536
0004345,262144,196608,65536
0004346,262144,196608,65536
0004347,262144,196608,65536
0004348,262144,196608,65536
0004349,262144,196608,65536
0004350,262144,196608,65536
0004351,262144,196608,65536
0004352,262144,196608,65536
0004353,262144,196608,65536
0004354,262144,196608,65536
0004355,262144,196608,65536
0004356,262144,196608,65536
0004357,262144,196608,65536
0004358,262144,196608,65536
0004359,262144,196608,65536
0004360,262144,196608,65536
0004361,262144,196608,65536
0004362,262144,196608,65536
0004363,262144,196608,65536
0004364,262144,196608,65536
0004365,262144,196608,65536
0004366,262144,196608,65536
0004367,262144,196608,65536
0004368,262144,196608,65536
0004369,262144,196608,65536
0004370,262144,196608,65536
0004371,262144,196608,65536
0004372,262144,196608,65536
0004373,262144,196608,65536
0004374,262144,196608,65536
0004375,262144,196608,65536
0004376,262144,196608,65536
0004377,262144,196608,65536
0004378,262144,196608,65536
0004379,262144,196608,65536
0004380,262144,196608,65536
0004381,262144,196608,65536
0004382,262144,196608,65536
0004383,262144,196608,65536
0004384,262144,196608,65536
0004385,262144,196608,65536
0004386,262144,196608,65536
0004387,262144,196608,65536
0004388,262144,196608,65536
0004389,262144,196608,65536
0004390,262144,196608,65536
0004391,262144,196608,65536
0004392,262144,196608,65536
0004393,262144,196608,65536
0004394,262144,196608,65536
0004395,262144,196608,65536
0004396,262144,196608,65536
0004397,262144,196608,65536
0004398,262144,196608,65536
0004399,262144,196608,65536
0004400,262144,196608,65536
0004401,262144,196608,65536
0004402,262144,196608,65536
0004403,262144,196608,65536
0004404,262144,196608,65536
0004405,262144,196608,65536
0004406,262144,196608,65536
0004407,262144,196608,65536
0004408,262144,196608,65536
0004409,262144,196608,65536
0004410,262144,196608,65536
0004411,262144,196608,65536
0004412,262144,196608,65536
0004413,262144,196608,65536
0004414,262144,196608,65536
0004415,262144,196608,65536
0004416,262144,196608,65536
0004417,262144,196608,65536
0004418,262144,196608,65536
0004419,262144,196608,65536
0004420,262144,196608,65536
0004421,262144,196608,65536
0004422,262144,196608,65536
0004423,262144,196608,65536
0004424,262144,196608,65536
0004425,262144,196608,65536
0004426,262144,196608,65536
0004427,262144,196608,65536
0004428,262144,196608,65536
0004429,262144,196608,65536
0004430,262144,196608,65536
0004431,262144,196608,65536
0004432,262144,196608,65536
0004433,262144,196608,65536
0004434,262144,196608,65536
0004435,262144,196608,65536
0004436,262144,196608,65536
0004437,262144,196608,65536
0004438,262144,196608,65536
0004439,262144,196608,65536
0004440,262144,196608,65536
0004441,262144,196608,65536
0004442,262144,196608,65536
0004443,262144,196608,65536
0004444,262144,196608,65536
0004445,262144,196608,65536
0004446,262144,196608,65536
0004447,262144,196608,65536
0004448,262144,196608,65536
0004449,262144,196608,65536
0004450,262144,196608,65536
0004451,262144,196608,65536
0004452,262144,196608,65536
0004453,262144,196608,65536
0004454,262144,196608,65536
0004455,262144,196608,65536
0004456,262144,196608,65536
0004457,262144,196608,65536
0004458,262144,196608,65536
0004459,262144,196608,65536
0004460,262144,196608,65536
0004461,262144,196608,65536
0004462,262144,196608,65536
0004463,262144,196608,65536
0004464,262144,196608,65536
0004465,262144,196608,65536
0004466,262144,196608,65536
0004467,262144,196608,65536
0004468,262144,196608,65536
0004469,262144,196608,65536
0004470,262144,196608,65536
0004471,262144,196608,65536
0004472,262144,196608,65536
0004473,262144,196608,65536
0004474,262144,196608,65536
0004475,262144,196608,65536
0004476,262144,196608,65536
0004477,262144,196608,65536
0004478,262144,196608,65536
0004479,262144,196608,65536
0004480,262144,196608,65536
0004481,262144,196608,65536
0004482,262144,196608,65536
0004483,262144,196608,65536
0004484,262144,196608,65536
0004485,262144,196608,65536
0004486,262144,196608,65536
0004487,262144,196608,65536
0004488,262144,196608,65536
0004489,262144,196608,65536
0004490,262144,196608,65536
0004491,262144,196608,65536
0004492,262144,196608,65536
0004493,262144,196608,65536
0004494,262144,196608,65536
0004495,262144,196608,65536
0004496,262144,196608,65536
0004497,262144,196608,65536
0004498,262144,196608,65536
0004499,262144,196608,65536
0004500,262144,196608,65536
0004501,262144,196608,65536
0004502,262144,196608,65536
0004503,262144,196608,65536
0004504,262144,196608,65536
0004505,262144,196608,65536
0004506,262144,196608,65536
0004507,262144,196608,65536
0004508,262144,196608,65536
0004509,262144,196608,65536
0004510,262144,196608,65536
0004511,262144,196608,65536
0004512,262144,196608,65536
0004513,262144,196608,65536
0004514,262144,196608,65536
0004515,262144,196608,65536
0004516,262144,196608,65536
0004517,262144,196608,65536
0004518,262144,196608,65536
0004519,262144,196608,65536
0004520,262144,196608,65536
0004521,262144,196608,65536
0004522,262144,196608,65536
0004523,262144,196608,65536
0004524,262144,196608,65536
0004525,262144,196608,65536
0004526,262144,196608,65536
0004527,262144,196608,65536
0004528,262144,196608,65536
0004529,262144,196608,65536
0004530,262144,196608,65536
0004531,262144,196608,65536
0004532,262144,196608,65536
0004533,262144,196608,65536
0004534,262144,196608,65536
0004535,262144,196608,65536
0004536,262144,196608,65536
0004537,262144,196608,65536
0004538,262144,196608,65536
0004539,262144,196608,65536
0004540,262144,196608,65536
0004541,262144,196608,65536
0004542,262144,196608,65536
0004543,262144,196608,65536
0004544,262144,196608,65536
0004545,262144,196608,65536
0004546,262144,196608,65536
0004547,262144,196608,65536
0004548,262144,196608,65536
0004549,262144,196608,65536
0004550,262144,196608,65536
0004551,262144,196608,65536
0004552,262144,196608,65536
0004553,262144,196608,65536
0004554,262144,196608,65536
0004555,262144,196608,65536
0004556,262144,196608,65536
0004557,262144,196608,65536
0004558,262144,196608,65536
0004559,262144,196608,65536
0004560,262144,196608,65536
0004561,262144,196608,65536
0004562,262144,196608,65536
0004563,262144,196608,65536
0004564,262144,196608,65536
0004565,262144,196608,65536
0004566,262144,196608,65536
0004567,262144,196608,65536
0004568,262144,196608,65536
0004569,262144,196608,65536
0004570,262144,196608,65536
0004571,262144,196608,65536
0004572,262144,196608,65536
0004573,262144,196608,65536
0004574,262144,196608,65536
0004575,262144,196608,65536
0004576,262144,196608,65536
0004577,262144,196608,65536
0004578,262144,196608,65536
0004579,262144,196608,65536
0004580,262144,196608,65536
0004581,262144,196608,65536
0004582,262144,196608,65536
0004583,262144,196608,65536
0004584,262144,196608,65536
0004585,262144,196608,65536
0004586,262144,196608,65536
0004587,262144,196608,65536
0004588,262144,196608,65536
0004589,262144,196608,65536
0004590,262144,196608,65536
0004591,262144,196608,65536
0004592,262144,196608,65536
0004593,262144,196608,65536
0004594,262144,196608,65536
0004595,262144,196608,65536
0004596,262144,196608,65536
0004597,262144,196608,65536
0004598,262144,196608,65536
0004599,262144,196608,65536
0004600,262144,196608,65536
0004601,262144,196608,65536
0004602,262144,196608,65536
0004603,262144,196608,65536
0004604,262144,196608,65536
0004605,262144,196608,65536
0004606,262144,196608,65536
0004607,262144,196608,65536
0004608,262144,196608,65536
0004609,262144,196608,65536
0004610,262144,196608,65536
0004611,262144,196608,65536
0004612,262144,196608,65536
0004613,262144,196608,65536
0004614,262144,196608,65536
0004615,262144,196608,65536
0004616,262144,196608,65536
0004617,262144,196608,65536
0004618,262144,196608,65536
0004619,262144,196608,65536
0004620,262144,196608,65536
0004621,262144,196608,65536
0004622,262144,196608,65536
0004623,262144,196608,65536
0004624,262144,196608,65536
0004625,262144,196608,65536
0004626,262144,196608,65536
0004627,262144,196608,65536
0004628,262144,196608,65536
0004629,262144,196608,65536
0004630,262144,196608,65536
0004631,262144,196608,65536
0004632,262144,196608,65536
0004633,262144,196608,65536
0004634,262144,196608,65536
0004635,262144,196608,65536
0004636,262144,196608,65536
0004637,262144,196608,65536
0004638,262144,196608,65536
0004639,262144,196608,65536
0004640,262144,196608,65536
0004641,262144,196608,65536
0004642,262144,196608,65536
0004643,262144,196608,65536
0004644,262144,196608,65536
0004645,262144,196608,65536
0004646,262144,196608,65536
0004647,262144,196608,65536
0004648,262144,196608,65536
0004649,262144,196608,65536
0004650,262144,196608,65536
0004651,262144,196608,65536
0004652,262144,196608,65536
0004653,262144,196608,65536
0004654,262144,196608,65536
0004655,262144,196608,65536
0004656,262144,196608,65536
0004657,262144,196608,65536
0004658,262144,196608,65536
0004659,262144,196608,65536
0004660,262144,196608,65536
0004661,262144,196608,65536
0004662,262144,196608,65536
0004663,262144,196608,65536
0004664,262144,196608,65536
0004665,262144,196608,65536
0004666,262144,196608,65536
0004667,262144,196608,65536
0004668,262144,196608,65536
0004669,262144,196608,65536
0004670,262144,196608,65536
0004671,262144,196608,65536
0004672,262144,196608,65536
0004673,262144,196608,65536
0004674,262144,196608,65536
0004675,262144,196608,65536
0004676,262144,196608,65536
0004677,262144,196608,65536
0004678,262144,196608,65536
0004679,262144,196608,65536
0004680,262144,196608,65536
0004681,262144,196608,65536
0004682,262144,196608,65536
0004683,262144,196608,65536
0004684,262144,196608,65536
0004685,262144,196608,65536
0004686,262144,196608,65536
0004687,262144,196608,65536
0004688,262144,196608,65536
0004689,262144,196608,65536
0004690,262144,196608,65536
0004691,262144,196608,65536
0004692,262144,196608,65536
0004693,262144,196608,65536
0004694,262144,196608,65536
0004695,262144,196608,65536
0004696,262144,196608,65536
0004697,262144,196608,65536
0004698,262144,196608,65536
0004699,262144,196608,65536
0004700,262144,196608,65536
0004701,262144,196608,65536
0004702,262144,196608,65536
0004703,262144,196608,65536
0004704,262144,196608,65536
0004705,262144,196608,65536
0004706,262144,196608,65536
0004707,262144,196608,65536
0004708,262144,196608,65536
0004709,262144,196608,65536
0004710,262144,196608,65536
0004711,262144,196608,65536
0004712,262144,196608,65536
0004713,262144,196608,65536
0004714,262144,196608,65536
0004715,262144,196608,65536
0004716,262144,196608,65536
0004717,262144,196608,65536
0004718,262144,196608,65536
0004719,262144,196608,65536
0004720,262144,196608,65536
0004721,262144,196608,65536
0004722,262144,196608,65536
0004723,262144,196608,65536
0004724,262144,196608,65536
0004725,262144,196608,65536
0004726,262144,196608,65536
0004727,262144,196608,65536
0004728,262144,196608,65536
0004729,262144,196608,65536
0004730,262144,196608,65536
0004731,262144,196608,65536
0004732,262144,196608,65536
0004733,262144,196608,65536
0004734,262144,196608,65536
0004735,262144,196608,65536
0004736,262144,196608,65536
0004737,262144,196608,65536
0004738,262144,196608,65536
0004739,262144,196608,65536
0004740,262144,196608,65536
0004741,262144,196608,65536
0004742,262144,196608,65536
0004743,262144,196608,65536
0004744,262144,196608,65536
0004745,262144,196608,65536
0004746,262144,196608,65536
0004747,262144,196608,65536
0004748,262144,196608,65536
0004749,262144,196608,65536
0004750,262144,196608,65536
0004751,262144,196608,65536
0004752,262144,196608,65536
0004753,262144,196608,65536
0004754,262144,196608,65536
0004755,262144,196608,65536
0004756,262144,196608,65536
0004757,262144,196608,65536
0004758,262144,196608,65536
0004759,262144,196608,65536
0004760,262144,196608,65536
0004761,262144,196608,65536
0004762,262144,196608,65536
0004763,262144,196608,65536
0004764,262144,196608,65536
0004765,262144,196608,65536
0004766,262144,196608,65536
0004767,262144,196608,65536
0004768,262144,196608,65536
0004769,262144,196608,65536
0004770,262144,196608,65536
0004771,262144,196608,65536
0004772,262144,196608,65536
0004773,262144,196608,65536
0004774,262144,196608,65536
0004775,262144,196608,65536
0004776,262144,196608,65536
0004777,262144,196608,65536
0004778,262144,196608,65536
0004779,262144,196608,65536
0004780,262144,196608,65536
0004781,262144,196608,65536
0004782,262144,196608,65536
0004783,262144,196608,65536
0004784,262144,196608,65536
0004785,262144,196608,65536
0004786,262144,196608,65536
0004787,262144,196608,65536
0004788,262144,196608,65536
0004789,262144,196608,65536
0004790,262144,196608,65536
0004791,262144,196608,65536
0004792,262144,196608,65536
0004793,262144,196608,65536
0004794,262144,196608,65536
0004795,262144,196608,65536
0004796,262144,196608,65536
0004797,262144,196608,65536
0004798,262144,196608,65536
0004799,262144,196608,65536
0004800,262144,196608,65536
0004801,262144,196608,65536
0004802,262144,196608,65536
0004803,262144,196608,65536
0004804,262144,196608,65536
0004805,262144,196608,65536
0004806,262144,196608,65536
0004807,262144,196608,65536
0004808,262144,196608,65536
0004809,262144,196608,65536
0004810,262144,196608,65536
0004811,262144,196608,65536
0004812,262144,196608,65536
0004813,262144,196608,65536
0004814,262144,196608,65536
0004815,262144,196608,65536
0004816,262144,196608,65536
0004817,262144,196608,65536
0004818,262144,196608,65536
0004819,262144,196608,65536
0004820,262144,196608,65536
0004821,262144,196608,65536
0004822,262144,196608,65536
0004823,262144,196608,65536
0004824,262144,196608,65536
0004825,262144,196608,65536
0004826,262144,196608,65536
0004827,262144,196608,65536
0004828,262144,196608,65536
0004829,262144,196608,65536
0004830,262144,196608,65536
0004831,262144,196608,65536
0004832,262144,196608,65536
0004833,262144,196608,65536
0004834,262144,196608,65536
0004835,262144,196608,65536
0004836,262144,196608,65536
0004837,262144,196608,65536
0004838,262144,196608,65536
0004839,262144,196608,65536
0004840,262144,196608,65536
0004841,262144,196608,65536
0004842,262144,196608,65536
0004843,262144,196608,65536
0004844,262144,196608,65536
0004845,262144,196608,65536
0004846,262144,196608,65536
0004847,262144,196608,65536
0004848,262144,196608,65536
0004849,262144,196608,65536
0004850,262144,196608,65536
0004851,262144,196608,65536
0004852,262144,196608,65536
0004853,262144,196608,65536
0004854,262144,196608,65536
0004855,262144,196608,65536
0004856,262144,196608,65536
0004857,262144,196608,65536
0004858,262144,196608,65536
0004859,262144,196608,65536
0004860,262144,196608,65536
0004861,262144,196608,65536
0004862,262144,196608,65536
0004863,262144,196608,65536
0004864,262144,196608,65536
0004865,262144,196608,65536
0004866,262144,196608,65536
0004867,262144,196608,65536
0004868,262144,196608,65536
0004869,262144,196608,65536
0004870,262144,196608,65536
0004871,262144,196608,65536
0004872,262144,196608,65536
0004873,262144,196608,65536
0004874,262144,196608,65536
0004875,262144,196608,65536
0004876,262144,196608,65536
0004877,262144,196608,65536
0004878,262144,196608,65536
0004879,262144,196608,65536
0004880,262144,196608,65536
0004881,262144,196608,65536
0004882,262144,196608,65536
0004883,262144,196608,65536
0004884,262144,196608,65536
0004885,262144,196608,65536
0004886,262144,196608,65536
0004887,262144,196608,65536
0004888,262144,196608,65536
0004889,262144,196608,65536
0004890,262144,196608,65536
0004891,262144,196608,65536
0004892,262144,196608,65536
0004893,262144,196608,65536
0004894,262144,196608,65536
0004895,262144,196608,65536
0004896,262144,196608,65536
0004897,262144,196608,65536
0004898,262144,196608,65536
0004899,262144,196608,65536
0004900,262144,196608,65536
0004901,262144,196608,65536
0004902,262144,196608,65536
0004903,262144,196608,65536
0004904,262144,196608,65536
0004905,262144,196608,65536
0004906,262144,196608,65536
0004907,262144,196608,65536
0004908,262144,196608,65536
0004909,262144,196608,65536
0004910,262144,196608,65536
0004911,262144,196608,65536
0004912,262144,196608,65536
0004913,262144,196608,65536
0004914,262144,196608,65536
0004915,262144,196608,65536
0004916,262144,196608,65536
0004917,262144,196608,65536
0004918,262144,196608,65536
0004919,262144,196608,65536
0004920,262144,196608,65536
0004921,262144,196608,65536
0004922,262144,196608,65536
0004923,262144,196608,65536
0004924,262144,196608,65536
0004925,262144,196608,65536
0004926,262144,196608,65536
0004927,262144,196608,65536
0004928,262144,196608,65536
0004929,262144,196608,65536
0004930,262144,196608,65536
0004931,262144,196608,65536
0004932,262144,196608,65536
0004933,262144,196608,65536
0004934,262144,196608,65536
0004935,262144,196608,65536
0004936,262144,196608,65536
0004937,262144,196608,65536
0004938,262144,196608,65536
0004939,262144,196608,65536
0004940,262144,196608,65536
0004941,262144,196608,65536
0004942,262144,196608,65536
0004943,262144,196608,65536
0004944,262144,196608,65536
0004945,262144,196608,65536
0004946,262144,196608,65536
0004947,262144,196608,65536
0004948,262144,196608,65536
0004949,262144,196608,65536
0004950,262144,196608,65536
0004951,262144,196608,65536
0004952,262144,196608,65536
0004953,262144,196608,65536
0004954,262144,196608,65536
0004955,262144,196608,65536
0004956,262144,196608,65536
0004957,262144,196608,65536
0004958,262144,196608,65536
0004959,262144,196608,65536
0004960,262144,196608,65536
0004961,262144,196608,65536
0004962,262144,196608,65536
0004963,262144,196608,65536
0004964,262144,196608,65536
0004965,262144,196608,65536
0004966,262144,196608,65536
0004967,262144,196608,65536
0004968,262144,196608,65536
0004969,262144,196608,65536
0004970,262144,196608,65536
0004971,262144,196608,65536
0004972,262144,196608,65536
0004973,262144,196608,65536
0004974,262144,196608,65536
0004975,262144,196608,65536
0004976,262144,196608,65536
0004977,262144,196608,65536
0004978,262144,196608,65536
0004979,262144,196608,65536
0004980,262144,196608,65536
0004981,262144,196608,65536
0004982,262144,196608,65536
0004983,262144,196608,65536
0004984,262144,196608,65536
0004985,262144,196608,65536
0004986,262144,196608,65536
0004987,262144,196608,65536
0004988,262144,196608,65536
0004989,262144,196608,65536
0004990,262144,196608,65536
0004991,262144,196608,65536
0004992,262144,196608,65536
0004993,262144,196608,65536
0004994,262144,196608,65536
0004995,262144,196608,65536
0004996,262144,196608,65536
0004997,262144,196608,65536
0004998,262144,196608,65536
0004999,262144,196608,65536
0005000,262144,196608,65536
0005001,262144,196608,65536
0005002,262144,196608,65536
0005003,262144,196608,65536
0005004,262144,196608,65536
0005005,262144,196608,65536
0005006,262144,196608,65536
0005007,262144,196608,65536
0005008,262144,196608,65536
0005009,262144,196608,65536
0005010,262144,196608,65536
0005011,262144,196608,65536
0005012,262144,196608,65536
0005013,262144,196608,65536
0005014,262144,196608,65536
0005015,262144,196608,65536
0005016,262144,196608,65536
0005017,262144,196608,65536
0005018,262144,196608,65536
0005019,262144,196608,65536
0005020,262144,196608,65536
0005021,262144,196608,65536
0005022,262144,196608,65536
0005023,262144,196608,65536
0005024,262144,196608,65536
0005025,262144,196608,65536
0005026,262144,196608,65536
0005027,262144,196608,65536
0005028,262144,196608,65536
0005029,262144,196608,65536
0005030,262144,196608,65536
0005031,262144,196608,65536
0005032,262144,196608,65536
0005033,262144,196608,65536
0005034,262144,196608,65536
0005035,262144,196608,65536
0005036,262144,196608,65536
0005037,262144,196608,65536
0005038,262144,196608,65536
0005039,262144,196608,65536
0005040,262144,196608,65536
0005041,262144,196608,65536
0005042,262144,196608,65536
0005043,262144,196608,65536
0005044,262144,196608,65536
0005045,262144,196608,65536
0005046,262144,196608,65536
0005047,262144,196608,65536
0005048,262144,196608,65536
0005049,262144,196608,65536
0005050,262144,196608,65536
0005051,262144,196608,65536
0005052,262144,196608,65536
0005053,262144,196608,65536
0005054,262144,196608,65536
0005055,262144,196608,65536
0005056,262144,196608,65536
0005057,262144,196608,65536
0005058,262144,196608,65536
0005059,262144,196608,65536
0005060,262144,196608,65536
0005061,262144,196608,65536
0005062,262144,196608,65536
0005063,262144,196608,65536
0005064,262144,196608,65536
0005065,262144,196608,65536
0005066,262144,196608,65536
0005067,262144,196608,65536
0005068,262144,196608,65536
0005069,262144,196608,65536
0005070,262144,196608,65536
0005071,262144,196608,65536
0005072,262144,196608,65536
0005073,262144,196608,65536
0005074,262144,196608,65536
0005075,262144,196608,65536
0005076,262144,196608,65536
0005077,262144,196608,65536
0005078,262144,196608,65536
0005079,262144,196608,65536
0005080,262144,196608,65536
0005081,262144,196608,65536
0005082,262144,196608,65536
0005083,262144,196608,65536
0005084,262144,196608,65536
0005085,262144,196608,65536
0005086,262144,196608,65536
0005087,262144,196608,65536
0005088,262144,196608,65536
0005089,262144,196608,65536
0005090,262144,196608,65536
0005091,262144,196608,65536
0005092,262144,196608,65536
0005093,262144,196608,65536
0005094,262144,196608,65536
0005095,262144,196608,65536
0005096,262144,196608,65536
0005097,262144,196608,65536
0005098,262144,196608,65536
0005099,262144,196608,65536
0005100,262144,196608,65536
0005101,262144,196608,65536
0005102,262144,196608,65536
0005103,262144,196608,65536
0005104,262144,196608,65536
0005105,262144,196608,65536
0005106,262144,196608,65536
0005107,262144,196608,65536
0005108,262144,196608,65536
0005109,262144,196608,65536
0005110,262144,196608,65536
0005111,262144,196608,65536
0005112,262144,196608,65536
0005113,262144,196608,65536
0005114,262144,196608,65536
0005115,262144,196608,65536
0005116,262144,196608,65536
0005117,262144,196608,65536
0005118,262144,196608,65536
0005119,262144,196608,65536
0005120,262144,196608,65536
0005121,262144,196608,65536
0005122,262144,196608,65536
0005123,262144,196608,65536
0005124,262144,196608,65536
0005125,262144,196608,65536
0005126,262144,196608,65536
0005127,262144,196608,65536
0005128,262144,196608,65536
0005129,262144,196608,65536
0005130,262144,196608,65536
0005131,262144,196608,65536
0005132,262144,196608,65536
0005133,262144,196608,65536
0005134,262144,196608,65536
0005135,262144,196608,65536
0005136,262144,196608,65536
0005137,262144,196608,65536
0005138,262144,196608,65536
0005139,262144,196608,65536
0005140,262144,196608,65536
0005141,262144,196608,65536
0005142,262144,196608,65536
0005143,262144,196608,65536
0005144,262144,196608,65536
0005145,262144,196608,65536
0005146,262144,196608,65536
0005147,262144,196608,65536
0005148,262144,196608,65536
0005149,262144,196608,65536
0005150,262144,196608,65536
0005151,262144,196608,65536
0005152,262144,196608,65536
0005153,262144,196608,65536
0005154,262144,196608,65536
0005155,262144,196608,65536
0005156,262144,196608,65536
0005157,262144,196608,65536
0005158,262144,196608,65536
0005159,262144,196608,65536
0005160,262144,196608,65536
0005161,262144,196608,65536
0005162,262144,196608,65536
0005163,262144,196608,65536
0005164,262144,196608,65536
0005165,262144,196608,65536
0005166,262144,196608,65536
0005167,262144,196608,65536
0005168,262144,196608,65536
0005169,262144,196608,65536
0005170,262144,196608,65536
0005171,262144,196608,65536
0005172,262144,196608,65536
0005173,262144,196608,65536
0005174,262144,196608,65536
0005175,262144,196608,65536
0005176,262144,196608,65536
0005177,262144,196608,65536
0005178,262144,196608,65536
0005179,262144,196608,65536
0005180,262144,196608,65536
0005181,262144,196608,65536
0005182,262144,196608,65536
0005183,262144,196608,65536
0005184,262144,196608,65536
0005185,262144,196608,65536
0005186,262144,196608,65536
0005187,262144,196608,65536
0005188,262144,196608,65536
0005189,262144,196608,65536
0005190,262144,196608,65536
0005191,262144,196608,65536
0005192,262144,196608,65536
0005193,262144,196608,65536
0005194,262144,196608,65536
0005195,262144,196608,65536
0005196,262144,196608,65536
0005197,262144,196608,65536
0005198,262144,196608,65536
0005199,262144,196608,65536
0005200,262144,196608,65536
0005201,262144,196608,65536
0005202,262144,196608,65536
0005203,262144,196608,65536
0005204,262144,196608,65536
0005205,262144,196608,65536
0005206,262144,196608,65536
0005207,262144,196608,65536
0005208,262144,196608,65536
0005209,262144,196608,65536
0005210,262144,196608,65536
0005211,262144,196608,65536
0005212,262144,196608,65536
0005213,262144,196608,65536
0005214,262144,196608,65536
0005215,262144,196608,65536
0005216,262144,196608,65536
0005217,262144,196608,65536
0005218,262144,196608,65536
0005219,262144,196608,65536
0005220,262144,196608,65536
0005221,262144,196608,65536
0005222,262144,196608,65536
0005223,262144,196608,65536
0005224,262144,196608,65536
0005225,262144,196608,65536
0005226,262144,196608,65536
0005227,262144,196608,65536
0005228,262144,196608,65536
0005229,262144,196608,65536
0005230,262144,196608,65536
0005231,262144,196608,65536
0005232,262144,196608,65536
0005233,262144,196608,65536
0005234,262144,196608,65536
0005235,262144,196608,65536
0005236,262144,196608,65536
0005237,262144,196608,65536
0005238,262144,196608,65536
0005239,262144,196608,65536
0005240,262144,196608,65536
0005241,262144,196608,65536
0005242,262144,196608,65536
0005243,262144,196608,65536
0005244,262144,196608,65536
0005245,262144,196608,65536
0005246,262144,196608,65536
0005247,262144,196608,65536
0005248,262144,196608,65536
0005249,262144,196608,65536
0005250,262144,196608,65536
0005251,262144,196608,65536
0005252,262144,196608,65536
0005253,262144,196608,65536
0005254,262144,196608,65536
0005255,262144,196608,65536
0005256,262144,196608,65536
0005257,262144,196608,65536
0005258,262144,196608,65536
0005259,262144,196608,65536
0005260,262144,196608,65536
0005261,262144,196608,65536
0005262,262144,196608,65536
0005263,262144,196608,65536
0005264,262144,196608,65536
0005265,262144,196608,65536
0005266,262144,196608,65536
0005267,262144,196608,65536
0005268,262144,196608,65536
0005269,262144,196608,65536
0005270,262144,196608,65536
0005271,262144,196608,65536
0005272,262144,196608,65536
0005273,262144,196608,65536
0005274,262144,196608,65536
0005275,262144,196608,65536
0005276,262144,196608,65536
0005277,262144,196608,65536
0005278,262144,196608,65536
0005279,262144,196608,65536
0005280,262144,196608,65536
0005281,262144,196608,65536
0005282,262144,196608,65536
0005283,262144,196608,65536
0005284,262144,196608,65536
0005285,262144,196608,65536
0005286,262144,196608,65536
0005287,262144,196608,65536
0005288,262144,196608,65536
0005289,262144,196608,65536
0005290,262144,196608,65536
0005291,262144,196608,65536
0005292,262144,196608,65536
0005293,262144,196608,65536
0005294,262144,196608,65536
0005295,262144,196608,65536
0005296,262144,196608,65536
0005297,262144,196608,65536
0005298,262144,196608,65536
0005299,262144,196608,65536
0005300,262144,196608,65536
0005301,262144,196608,65536
0005302,262144,196608,65536
0005303,262144,196608,65536
0005304,262144,196608,65536
0005305,262144,196608,65536
0005306,262144,196608,65536
0005307,262144,196608,65536
0005308,262144,196608,65536
0005309,262144,196608,65536
0005310,262144,196608,65536
0005311,262144,196608,65536
0005312,262144,196608,65536
0005313,262144,196608,65536
0005314,262144,196608,65536
0005315,262144,196608,65536
0005316,262144,196608,65536
0005317,262144,196608,65536
0005318,262144,196608,65536
0005319,262144,196608,65536
0005320,262144,196608,65536
0005321,262144,196608,65536
0005322,262144,196608,65536
0005323,262144,196608,65536
0005324,262144,196608,65536
0005325,262144,196608,65536
0005326,262144,196608,65536
0005327,262144,196608,65536
0005328,262144,196608,65536
0005329,262144,196608,65536
0005330,262144,196608,65536
0005331,262144,196608,65536
0005332,262144,196608,65536
0005333,262144,196608,65536
0005334,262144,196608,65536
0005335,262144,196608,65536
0005336,262144,196608,65536
0005337,262144,196608,65536
0005338,262144,196608,65536
0005339,262144,196608,65536
0005340,262144,196608,65536
0005341,262144,196608,65536
0005342,262144,196608,65536
0005343,262144,196608,65536
0005344,262144,196608,65536
0005345,262144,196608,65536
0005346,262144,196608,65536
0005347,262144,196608,65536
0005348,262144,196608,65536
0005349,262144,196608,65536
0005350,262144,196608,65536
0005351,262144,196608,65536
0005352,262144,196608,65536
0005353,262144,196608,65536
0005354,262144,196608,65536
0005355,262144,196608,65536
0005356,262144,196608,65536
0005357,262144,196608,65536
0005358,262144,196608,65536
0005359,262144,196608,65536
0005360,262144,196608,65536
0005361,262144,196608,65536
0005362,262144,196608,65536
0005363,262144,196608,65536
0005364,262144,196608,65536
0005365,262144,196608,65536
0005366,262144,196608,65536
0005367,262144,196608,65536
0005368,262144,196608,65536
0005369,262144,196608,65536
0005370,262144,196608,65536
0005371,262144,196608,65536
0005372,262144,196608,65536
0005373,262144,196608,65536
0005374,262144,196608,65536
0005375,262144,196608,65536
0005376,262144,196608,65536
0005377,262144,196608,65536
0005378,262144,196608,65536
0005379,262144,196608,65536
0005380,262144,196608,65536
0005381,262144,196608,65536
0005382,262144,196608,65536
0005383,262144,196608,65536
0005384,262144,196608,65536
0005385,262144,196608,65536
0005386,262144,196608,65536
0005387,262144,196608,65536
0005388,262144,196608,65536
0005389,262144,196608,65536
0005390,262144,196608,65536
0005391,262144,196608,65536
0005392,262144,196608,65536
0005393,262144,196608,65536
0005394,262144,196608,65536
0005395,262144,196608,65536
0005396,262144,196608,65536
0005397,262144,196608,65536
0005398,262144,196608,65536
0005399,262144,196608,65536
0005400,262144,196608,65536
0005401,262144,196608,65536
0005402,262144,196608,65536
0005403,262144,196608,65536
0005404,262144,196608,65536
0005405,262144,196608,65536
0005406,262144,196608,65536
0005407,262144,196608,65536
0005408,262144,196608,65536
0005409,262144,196608,65536
0005410,262144,196608,65536
0005411,262144,196608,65536
0005412,262144,196608,65536
0005413,262144,196608,65536
0005414,262144,196608,65536
0005415,262144,196608,65536
0005416,262144,196608,65536
0005417,262144,196608,65536
0005418,262144,196608,65536
0005419,262144,196608,65536
0005420,262144,196608,65536
0005421,262144,196608,65536
0005422,262144,196608,65536
0005423,262144,196608,65536
0005424,262144,196608,65536
0005425,262144,196608,65536
0005426,262144,196608,65536
0005427,262144,196608,65536
0005428,262144,196608,65536
0005429,262144,196608,65536
0005430,262144,196608,65536
0005431,262144,196608,65536
0005432,262144,196608,65536
0005433,262144,196608,65536
0005434,262144,196608,65536
0005435,262144,196608,65536
0005436,262144,196608,65536
0005437,262144,196608,65536
0005438,262144,196608,65536
0005439,262144,196608,65536
0005440,262144,196608,65536
0005441,262144,196608,65536
0005442,262144,196608,65536
0005443,262144,196608,65536
0005444,262144,196608,65536
0005445,262144,196608,65536
0005446,262144,196608,65536
0005447,262144,196608,65536
0005448,262144,196608,65536
0005449,262144,196608,65536
0005450,262144,196608,65536
0005451,262144,196608,65536
0005452,262144,196608,65536
0005453,262144,196608,65536
0005454,262144,196608,65536
0005455,262144,196608,65536
0005456,262144,196608,65536
0005457,262144,196608,65536
0005458,262144,196608,65536
0005459,262144,196608,65536
0005460,262144,196608,65536
0005461,262144,196608,65536
0005462,262144,196608,65536
0005463,262144,196608,65536
0005464,262144,196608,65536
0005465,262144,196608,65536
0005466,262144,196608,65536
0005467,262144,196608,65536
0005468,262144,196608,65536
0005469,262144,196608,65536
0005470,262144,196608,65536
0005471,262144,196608,65536
0005472,262144,196608,65536
0005473,262144,196608,65536
0005474,262144,196608,65536
0005475,262144,196608,65536
0005476,262144,196608,65536
0005477,262144,196608,65536
0005478,262144,196608,65536
0005479,262144,196608,65536
0005480,262144,196608,65536
0005481,262144,196608,65536
0005482,262144,196608,65536
0005483,262144,196608,65536
0005484,262144,196608,65536
0005485,262144,196608,65536
0005486,262144,196608,65536
0005487,262144,196608,65536
0005488,262144,196608,65536
0005489,262144,196608,65536
0005490,262144,196608,65536
0005491,262144,196608,65536
0005492,262144,196608,65536
0005493,262144,196608,65536
0005494,262144,196608,65536
0005495,262144,196608,65536
0005496,262144,196608,65536
0005497,262144,196608,65536
0005498,262144,196608,65536
0005499,262144,196608,65536
0005500,262144,196608,65536
0005501,262144,196608,65536
0005502,262144,196608,65536
0005503,262144,196608,65536
0005504,262144,196608,65536
0005505,262144,196608,65536
0005506,262144,196608,65536
0005507,262144,196608,65536
0005508,262144,196608,65536
0005509,262144,196608,65536
0005510,262144,196608,65536
0005511,262144,196608,65536
0005512,262144,196608,65536
0005513,262144,196608,65536
0005514,262144,196608,65536
0005515,262144,196608,65536
0005516,262144,196608,65536
0005517,262144,196608,65536
0005518,262144,196608,65536
0005519,262144,196608,65536
0005520,262144,196608,65536
0005521,262144,196608,65536
0005522,262144,196608,65536
0005523,262144,196608,65536
0005524,262144,196608,65536
0005525,262144,196608,65536
0005526,262144,196608,65536
0005527,262144,196608,65536
0005528,262144,196608,65536
0005529,262144,196608,65536
0005530,262144,196608,65536
0005531,262144,196608,65536
0005532,262144,196608,65536
0005533,262144,196608,65536
0005534,262144,196608,65536
0005535,262144,196608,65536
0005536,262144,196608,65536
0005537,262144,196608,65536
0005538,262144,196608,65536
0005539,262144,196608,65536
0005540,262144,196608,65536
0005541,262144,196608,65536
0005542,262144,196608,65536
0005543,262144,196608,65536
0005544,262144,196608,65536
0005545,262144,196608,65536
0005546,262144,196608,65536
0005547,262144,196608,65536
0005548,262144,196608,65536
0005549,262144,196608,65536
0005550,262144,196608,65536
0005551,262144,196608,65536
0005552,262144,196608,65536
0005553,262144,196608,65536
0005554,262144,196608,65536
0005555,262144,196608,65536
0005556,262144,196608,65536
0005557,262144,196608,65536
0005558,262144,196608,65536
0005559,262144,196608,65536
0005560,262144,196608,65536
0005561,262144,196608,65536
0005562,262144,196608,65536
0005563,262144,196608,65536
0005564,262144,196608,65536
0005565,262144,196608,65536
0005566,262144,196608,65536
0005567,262144,196608,65536
0005568,262144,196608,65536
0005569,262144,196608,65536
0005570,262144,196608,65536
0005571,262144,196608,65536
0005572,262144,196608,65536
0005573,262144,196608,65536
0005574,262144,196608,65536
0005575,262144,196608,65536
0005576,262144,196608,65536
0005577,262144,196608,65536
0005578,262144,196608,65536
0005579,262144,196608,65536
0005580,262144,196608,65536
0005581,262144,196608,65536
0005582,262144,196608,65536
0005583,262144,196608,65536
0005584,262144,196608,65536
0005585,262144,196608,65536
0005586,262144,196608,65536
0005587,262144,196608,65536
0005588,262144,196608,65536
0005589,262144,196608,65536
0005590,262144,196608,65536
0005591,262144,196608,65536
0005592,262144,196608,65536
0005593,262144,196608,65536
0005594,262144,196608,65536
0005595,262144,196608,65536
0005596,262144,196608,65536
0005597,262144,196608,65536
0005598,262144,196608,65536
0005599,262144,196608,65536
0005600,262144,196608,65536
0005601,262144,196608,65536
0005602,262144,196608,65536
0005603,262144,196608,65536
0005604,262144,196608,65536
0005605,262144,196608,65536
0005606,262144,196608,65536
0005607,262144,196608,65536
0005608,262144,196608,65536
0005609,262144,196608,65536
0005610,262144,196608,65536
0005611,262144,196608,65536
0005612,262144,196608,65536
0005613,262144,196608,65536
0005614,262144,196608,65536
0005615,262144,196608,65536
0005616,262144,196608,65536
0005617,262144,196608,65536
0005618,262144,196608,65536
0005619,262144,196608,65536
0005620,262144,196608,65536
0005621,262144,196608,65536
0005622,262144,196608,65536
0005623,262144,196608,65536
0005624,262144,196608,65536
0005625,262144,196608,65536
0005626,262144,196608,65536
0005627,262144,196608,65536
0005628,262144,196608,65536
0005629,262144,196608,65536
0005630,262144,196608,65536
0005631,262144,196608,65536
0005632,262144,196608,65536
0005633,262144,196608,65536
0005634,262144,196608,65536
0005635,262144,196608,65536
0005636,262144,196608,65536
0005637,262144,196608,65536
0005638,262144,196608,65536
0005639,262144,196608,65536
0005640,262144,196608,65536
0005641,262144,196608,65536
0005642,262144,196608,65536
0005643,262144,196608,65536
0005644,262144,196608,65536
0005645,262144,196608,65536
0005646,262144,196608,65536
0005647,262144,196608,65536
0005648,262144,196608,65536
0005649,262144,196608,65536
0005650,262144,196608,65536
0005651,262144,196608,65536
0005652,262144,196608,65536
0005653,262144,196608,65536
0005654,262144,196608,65536
0005655,262144,196608,65536
0005656,262144,196608,65536
0005657,262144,196608,65536
0005658,262144,196608,65536
0005659,262144,196608,65536
0005660,262144,196608,65536
0005661,262144,196608,65536
0005662,262144,196608,65536
0005663,262144,196608,65536
0005664,262144,196608,65536
0005665,262144,196608,65536
0005666,262144,196608,65536
0005667,262144,196608,65536
0005668,262144,196608,65536
0005669,262144,196608,65536
0005670,262144,196608,65536
0005671,262144,196608,65536
0005672,262144,196608,65536
0005673,262144,196608,65536
0005674,262144,196608,65536
0005675,262144,196608,65536
0005676,262144,196608,65536
0005677,262144,196608,65536
0005678,262144,196608,65536
0005679,262144,196608,65536
0005680,262144,196608,65536
0005681,262144,196608,65536
0005682,262144,196608,65536
0005683,262144,196608,65536
0005684,262144,196608,65536
0005685,262144,196608,65536
0005686,262144,196608,65536
0005687,262144,196608,65536
0005688,262144,196608,65536
0005689,262144,196608,65536
0005690,262144,196608,65536
0005691,262144,196608,65536
0005692,262144,196608,65536
0005693,262144,196608,65536
0005694,262144,196608,65536
0005695,262144,196608,65536
0005696,262144,196608,65536
0005697,262144,196608,65536
0005698,262144,196608,65536
0005699,262144,196608,65536
0005700,262144,196608,65536
0005701,262144,196608,65536
0005702,262144,196608,65536
0005703,262144,196608,65536
0005704,262144,196608,65536
0005705,262144,196608,65536
0005706,262144,196608,65536
0005707,262144,196608,65536
0005708,262144,196608,65536
0005709,262144,196608,65536
0005710,262144,196608,65536
0005711,262144,196608,65536
0005712,262144,196608,65536
0005713,262144,196608,65536
0005714,262144,196608,65536
0005715,262144,196608,65536
0005716,262144,196608,65536
0005717,262144,196608,65536
0005718,262144,196608,65536
0005719,262144,196608,65536
0005720,262144,196608,65536
0005721,262144,196608,65536
0005722,262144,196608,65536
0005723,262144,196608,65536
0005724,262144,196608,65536
0005725,262144,196608,65536
0005726,262144,196608,65536
0005727,262144,196608,65536
0005728,262144,196608,65536
0005729,262144,196608,65536
0005730,262144,196608,65536
0005731,262144,196608,65536
0005732,262144,196608,65536
0005733,262144,196608,65536
0005734,262144,196608,65536
0005735,262144,196608,65536
0005736,262144,196608,65536
0005737,262144,196608,65536
0005738,262144,196608,65536
0005739,262144,196608,65536
0005740,262144,196608,65536
0005741,262144,196608,65536
0005742,262144,196608,65536
0005743,262144,196608,65536
0005744,262144,196608,65536
0005745,262144,196608,65536
0005746,262144,196608,65536
0005747,262144,196608,65536
0005748,262144,196608,65536
0005749,262144,196608,65536
0005750,262144,196608,65536
0005751,262144,196608,65536
0005752,262144,196608,65536
0005753,262144,196608,65536
0005754,262144,196608,65536
0005755,262144,196608,65536
0005756,262144,196608,65536
0005757,262144,196608,65536
0005758,262144,196608,65536
0005759,262144,196608,65536
0005760,262144,196608,65536
0005761,262144,196608,65536
0005762,262144,196608,65536
0005763,262144,196608,65536
0005764,262144,196608,65536
0005765,262144,196608,65536
0005766,262144,196608,65536
0005767,262144,196608,65536
0005768,262144,196608,65536
0005769,262144,196608,65536
0005770,262144,196608,65536
0005771,262144,196608,65536
0005772,262144,196608,65536
0005773,262144,196608,65536
0005774,262144,196608,65536
0005775,262144,196608,65536
0005776,262144,196608,65536
0005777,262144,196608,65536
0005778,262144,196608,65536
0005779,262144,196608,65536
0005780,262144,196608,65536
0005781,262144,196608,65536
0005782,262144,196608,65536
0005783,262144,196608,65536
0005784,262144,196608,65536
0005785,262144,196608,65536
0005786,262144,196608,65536
0005787,262144,196608,65536
0005788,262144,196608,65536
0005789,262144,196608,65536
0005790,262144,196608,65536
0005791,262144,196608,65536
0005792,262144,196608,65536
0005793,262144,196608,65536
0005794,262144,196608,65536
0005795,262144,196608,65536
0005796,262144,196608,65536
0005797,262144,196608,65536
0005798,262144,196608,65536
0005799,262144,196608,65536
0005800,262144,196608,65536
0005801,262144,196608,65536
0005802,262144,196608,65536
0005803,262144,196608,65536
0005804,262144,196608,65536
0005805,262144,196608,65536
0005806,262144,196608,65536
0005807,262144,196608,65536
0005808,262144,196608,65536
0005809,262144,196608,65536
0005810,262144,196608,65536
0005811,262144,196608,65536
0005812,262144,196608,65536
0005813,262144,196608,65536
0005814,262144,196608,65536
0005815,262144,196608,65536
0005816,262144,196608,65536
0005817,262144,196608,65536
0005818,262144,196608,65536
0005819,262144,196608,65536
0005820,262144,196608,65536
0005821,262144,196608,65536
0005822,262144,196608,65536
0005823,262144,196608,65536
0005824,262144,196608,65536
0005825,262144,196608,65536
0005826,262144,196608,65536
0005827,262144,196608,65536
0005828,262144,196608,65536
0005829,262144,196608,65536
0005830,262144,196608,65536
0005831,262144,196608,65536
0005832,262144,196608,65536
0005833,262144,196608,65536
0005834,262144,196608,65536
0005835,262144,196608,65536
0005836,262144,196608,65536
0005837,262144,196608,65536
0005838,262144,196608,65536
0005839,262144,196608,65536
0005840,262144,196608,65536
0005841,262144,196608,65536
0005842,262144,196608,65536
0005843,262144,196608,65536
0005844,262144,196608,65536
0005845,262144,196608,65536
0005846,262144,196608,65536
0005847,262144,196608,65536
0005848,262144,196608,65536
0005849,262144,196608,65536
0005850,262144,196608,65536
0005851,262144,196608,65536
0005852,262144,196608,65536
0005853,262144,196608,65536
0005854,262144,196608,65536
0005855,262144,196608,65536
0005856,262144,196608,65536
0005857,262144,196608,65536
0005858,262144,196608,65536
0005859,262144,196608,65536
0005860,262144,196608,65536
0005861,262144,196608,65536
0005862,262144,196608,65536
0005863,262144,196608,65536
0005864,262144,196608,65536
0005865,262144,196608,65536
0005866,262144,196608,65536
0005867,262144,196608,65536
0005868,262144,196608,65536
0005869,262144,196608,65536
0005870,262144,196608,65536
0005871,262144,196608,65536
0005872,262144,196608,65536
0005873,262144,196608,65536
0005874,262144,196608,65536
0005875,262144,196608,65536
0005876,262144,196608,65536
0005877,262144,196608,65536
0005878,262144,196608,65536
0005879,262144,196608,65536
0005880,262144,196608,65536
0005881,262144,196608,65536
0005882,262144,196608,65536
0005883,262144,196608,65536
0005884,262144,196608,65536
0005885,262144,196608,65536
0005886,262144,196608,65536
0005887,262144,196608,65536
0005888,262144,196608,65536
0005889,262144,196608,65536
0005890,262144,196608,65536
0005891,262144,196608,65536
0005892,262144,196608,65536
0005893,262144,196608,65536
0005894,262144,196608,65536
0005895,262144,196608,65536
0005896,262144,196608,65536
0005897,262144,196608,65536
0005898,262144,196608,65536
0005899,262144,196608,65536
0005900,262144,196608,65536
0005901,262144,196608,65536
0005902,262144,196608,65536
0005903,262144,196608,65536
0005904,262144,196608,65536
0005905,262144,196608,65536
0005906,262144,196608,65536
0005907,262144,196608,65536
0005908,262144,196608,65536
0005909,262144,196608,65536
0005910,262144,196608,65536
0005911,262144,196608,65536
0005912,262144,196608,65536
0005913,262144,196608,65536
0005914,262144,196608,65536
0005915,262144,196608,65536
0005916,262144,196608,65536
0005917,262144,196608,65536
0005918,262144,196608,65536
0005919,262144,196608,65536
0005920,262144,196608,65536
0005921,262144,196608,65536
0005922,262144,196608,65536
0005923,262144,196608,65536
0005924,262144,196608,65536
0005925,262144,196608,65536
0005926,262144,196608,65536
0005927,262144,196608,65536
0005928,262144,196608,65536
0005929,262144,196608,65536
0005930,262144,196608,65536
0005931,262144,196608,65536
0005932,262144,196608,65536
0005933,262144,196608,65536
0005934,262144,196608,65536
0005935,262144,196608,65536
0005936,262144,196608,65536
0005937,262144,196608,65536
0005938,262144,196608,65536
0005939,262144,196608,65536
0005940,262144,196608,65536
0005941,262144,196608,65536
0005942,262144,196608,65536
0005943,262144,196608,65536
0005944,262144,196608,65536
0005945,262144,196608,65536
0005946,262144,196608,65536
0005947,262144,196608,65536
0005948,262144,196608,65536
0005949,262144,196608,65536
0005950,262144,196608,65536
0005951,262144,196608,65536
0005952,262144,196608,65536
0005953,262144,196608,65536
0005954,262144,196608,65536
0005955,262144,196608,65536
0005956,262144,196608,65536
0005957,262144,196608,65536
0005958,262144,196608,65536
0005959,262144,196608,65536
0005960,262144,196608,65536
0005961,262144,196608,65536
0005962,262144,196608,65536
0005963,262144,196608,65536
0005964,262144,196608,65536
0005965,262144,196608,65536
0005966,262144,196608,65536
0005967,262144,196608,65536
0005968,262144,196608,65536
0005969,262144,196608,65536
0005970,262144,196608,65536
0005971,262144,196608,65536
0005972,262144,196608,65536
0005973,262144,196608,65536
0005974,262144,196608,65536
0005975,262144,196608,65536
0005976,262144,196608,65536
0005977,262144,196608,65536
0005978,262144,196608,65536
0005979,262144,196608,65536
0005980,262144,196608,65536
0005981,262144,196608,65536
0005982,262144,196608,65536
0005983,262144,196608,65536
0005984,262144,196608,65536
0005985,262144,196608,65536
0005986,262144,196608,65536
0005987,262144,196608,65536
0005988,262144,196608,65536
0005989,262144,196608,65536
0005990,262144,196608,65536
0005991,262144,196608,65536
0005992,262144,196608,65536
0005993,262144,196608,65536
0005994,262144,196608,65536
0005995,262144,196608,65536
0005996,262144,196608,65536
0005997,262144,196608,65536
0005998,262144,196608,65536
0005999,262144,196608,65536
0006000,262144,196608,65536
0006001,262144,196608,65536
0006002,262144,196608,65536
0006003,262144,196608,65536
0006004,262144,196608,65536
0006005,262144,196608,65536
0006006,262144,196608,65536
0006007,262144,196608,65536
0006008,262144,196608,65536
0006009,262144,196608,65536
0006010,262144,196608,65536
0006011,262144,196608,65536
0006012,262144,196608,65536
0006013,262144,196608,65536
0006014,262144,196608,65536
0006015,262144,196608,65536
0006016,262144,196608,65536
0006017,262144,196608,65536
0006018,262144,196608,65536
0006019,262144,196608,65536
0006020,262144,196608,65536
0006021,262144,196608,65536
0006022,262144,196608,65536
0006023,262144,196608,65536
0006024,262144,196608,65536
0006025,262144,196608,65536
0006026,262144,196608,65536
0006027,262144,196608,65536
0006028,262144,196608,65536
0006029,262144,196608,65536
0006030,262144,196608,65536
0006031,262144,196608,65536
0006032,262144,196608,65536
0006033,262144,196608,65536
0006034,262144,196608,65536
0006035,262144,196608,65536
0006036,262144,196608,65536
0006037,262144,196608,65536
0006038,262144,196608,65536
0006039,262144,196608,65536
0006040,262144,196608,65536
0006041,262144,196608,65536
0006042,262144,196608,65536
0006043,262144,196608,65536
0006044,262144,196608,65536
0006045,262144,196608,65536
0006046,262144,196608,65536
0006047,262144,196608,65536
0006048,262144,196608,65536
0006049,262144,196608,65536
0006050,262144,196608,65536
0006051,262144,196608,65536
0006052,262144,196608,65536
0006053,262144,196608,65536
0006054,262144,196608,65536
0006055,262144,196608,65536
0006056,262144,196608,65536
0006057,262144,196608,65536
0006058,262144,196608,65536
0006059,262144,196608,65536
0006060,262144,196608,65536
0006061,262144,196608,65536
0006062,262144,196608,65536
0006063,262144,196608,65536
0006064,262144,196608,65536
0006065,262144,196608,65536
0006066,262144,196608,65536
0006067,262144,196608,65536
0006068,262144,196608,65536
0006069,262144,196608,65536
0006070,262144,196608,65536
0006071,262144,196608,65536
0006072,262144,196608,65536
0006073,262144,196608,65536
0006074,262144,196608,65536
0006075,262144,196608,65536
0006076,262144,196608,65536
0006077,262144,196608,65536
0006078,262144,196608,65536
0006079,262144,196608,65536
0006080,262144,196608,65536
0006081,262144,196608,65536
0006082,262144,196608,65536
0006083,262144,196608,65536
0006084,262144,196608,65536
0006085,262144,196608,65536
0006086,262144,196608,65536
0006087,262144,196608,65536
0006088,262144,196608,65536
0006089,262144,196608,65536
0006090,262144,196608,65536
0006091,262144,196608,65536
0006092,262144,196608,65536
0006093,262144,196608,65536
0006094,262144,196608,65536
0006095,262144,196608,65536
0006096,262144,196608,65536
0006097,262144,196608,65536
0006098,262144,196608,65536
0006099,262144,196608,65536
0006100,262144,196608,65536
0006101,262144,196608,65536
0006102,262144,196608,65536
0006103,262144,196608,65536
0006104,262144,196608,65536
0006105,262144,196608,65536
0006106,262144,196608,65536
0006107,262144,196608,65536
0006108,262144,196608,65536
0006109,262144,196608,65536
0006110,262144,196608,65536
0006111,262144,196608,65536
0006112,262144,196608,65536
0006113,262144,196608,65536
0006114,262144,196608,65536
0006115,262144,196608,65536
0006116,262144,196608,65536
0006117,262144,196608,65536
0006118,262144,196608,65536
0006119,262144,196608,65536
0006120,262144,196608,65536
0006121,262144,196608,65536
0006122,262144,196608,65536
0006123,262144,196608,65536
0006124,262144,196608,65536
0006125,262144,196608,65536
0006126,262144,196608,65536
0006127,262144,196608,65536
0006128,262144,196608,65536
0006129,262144,196608,65536
0006130,262144,196608,65536
0006131,262144,196608,65536
0006132,262144,196608,65536
0006133,262144,196608,65536
0006134,262144,196608,65536
0006135,262144,196608,65536
0006136,262144,196608,65536
0006137,262144,196608,65536
0006138,262144,196608,65536
0006139,262144,196608,65536
0006140,262144,196608,65536
0006141,262144,196608,65536
0006142,262144,196608,65536
0006143,262144,196608,65536
0006144,262144,196608,65536
0006145,262144,196608,65536
0006146,262144,196608,65536
0006147,262144,196608,65536
0006148,262144,196608,65536
0006149,262144,196608,65536
0006150,262144,196608,65536
0006151,262144,196608,65536
0006152,262144,196608,65536
0006153,262144,196608,65536
0006154,262144,196608,65536
0006155,262144,196608,65536
0006156,262144,196608,65536
0006157,262144,196608,65536
0006158,262144,196608,65536
0006159,262144,196608,65536
0006160,262144,196608,65536
0006161,262144,196608,65536
0006162,262144,196608,65536
0006163,262144,196608,65536
0006164,262144,196608,65536
0006165,262144,196608,65536
0006166,262144,196608,65536
0006167,262144,196608,65536
0006168,262144,196608,65536
0006169,262144,196608,65536
0006170,262144,196608,65536
0006171,262144,196608,65536
0006172,262144,196608,65536
0006173,262144,196608,65536
0006174,262144,196608,65536
0006175,262144,196608,65536
0006176,262144,196608,65536
0006177,262144,196608,65536
0006178,262144,196608,65536
0006179,262144,196608,65536
0006180,262144,196608,65536
0006181,262144,196608,65536
0006182,262144,196608,65536
0006183,262144,196608,65536
0006184,262144,196608,65536
0006185,262144,196608,65536
0006186,262144,196608,65536
0006187,262144,196608,65536
0006188,262144,196608,65536
0006189,262144,196608,65536
0006190,262144,196608,65536
0006191,262144,196608,65536
0006192,262144,196608,65536
0006193,262144,196608,65536
0006194,262144,196608,65536
0006195,262144,196608,65536
0006196,262144,196608,65536
0006197,262144,196608,65536
0006198,262144,196608,65536
0006199,262144,196608,65536
0006200,262144,196608,65536
0006201,262144,196608,65536
0006202,262144,196608,65536
0006203,262144,196608,65536
0006204,262144,196608,65536
0006205,262144,196608,65536
0006206,262144,196608,65536
0006207,262144,196608,65536
0006208,262144,196608,65536
0006209,262144,196608,65536
0006210,262144,196608,65536
0006211,262144,196608,65536
0006212,262144,196608,65536
0006213,262144,196608,65536
0006214,262144,196608,65536
0006215,262144,196608,65536
0006216,262144,196608,65536
0006217,262144,196608,65536
0006218,262144,196608,65536
0006219,262144,196608,65536
0006220,262144,196608,65536
0006221,262144,196608,65536
0006222,262144,196608,65536
0006223,262144,196608,65536
0006224,262144,196608,65536
0006225,262144,196608,65536
0006226,262144,196608,65536
0006227,262144,196608,65536
0006228,262144,196608,65536
0006229,262144,196608,65536
0006230,262144,196608,65536
0006231,262144,196608,65536
0006232,262144,196608,65536
0006233,262144,196608,65536
0006234,262144,196608,65536
0006235,262144,196608,65536
0006236,262144,196608,65536
0006237,262144,196608,65536
0006238,262144,196608,65536
0006239,262144,196608,65536
0006240,262144,196608,65536
0006241,262144,196608,65536
0006242,262144,196608,65536
0006243,262144,196608,65536
0006244,262144,196608,65536
0006245,262144,196608,65536
0006246,262144,196608,65536
0006247,262144,196608,65536
0006248,262144,196608,65536
0006249,262144,196608,65536
0006250,262144,196608,65536
0006251,262144,196608,65536
0006252,262144,196608,65536
0006253,262144,196608,65536
0006254,262144,196608,65536
0006255,262144,196608,65536
0006256,262144,196608,65536
0006257,262144,196608,65536
0006258,262144,196608,65536
0006259,262144,196608,65536
0006260,262144,196608,65536
0006261,262144,196608,65536
0006262,262144,196608,65536
0006263,262144,196608,65536
0006264,262144,196608,65536
0006265,262144,196608,65536
0006266,262144,196608,65536
0006267,262144,196608,65536
0006268,262144,196608,65536
0006269,262144,196608,65536
0006270,262144,196608,65536
0006271,262144,196608,65536
0006272,262144,196608,65536
0006273,262144,196608,65536
0006274,262144,196608,65536
0006275,262144,196608,65536
0006276,262144,196608,65536
0006277,262144,196608,65536
0006278,262144,196608,65536
0006279,262144,196608,65536
0006280,262144,196608,65536
0006281,262144,196608,65536
0006282,262144,196608,65536
0006283,262144,196608,65536
0006284,262144,196608,65536
0006285,262144,196608,65536
0006286,262144,196608,65536
0006287,262144,196608,65536
0006288,262144,196608,65536
0006289,262144,196608,65536
0006290,262144,196608,65536
0006291,262144,196608,65536
0006292,262144,196608,65536
0006293,262144,196608,65536
0006294,262144,196608,65536
0006295,262144,196608,65536
0006296,262144,196608,65536
0006297,262144,196608,65536
0006298,262144,196608,65536
0006299,262144,196608,65536
0006300,262144,196608,65536
0006301,262144,196608,65536
0006302,262144,196608,65536
0006303,262144,196608,65536
0006304,262144,196608,65536
0006305,262144,196608,65536
0006306,262144,196608,65536
0006307,262144,196608,65536
0006308,262144,196608,65536
0006309,262144,196608,65536
0006310,262144,196608,65536
0006311,262144,196608,65536
0006312,262144,196608,65536
0006313,262144,196608,65536
0006314,262144,196608,65536
0006315,262144,196608,65536
0006316,262144,196608,65536
0006317,262144,196608,65536
0006318,262144,196608,65536
0006319,262144,196608,65536
0006320,262144,196608,65536
0006321,262144,196608,65536
0006322,262144,196608,65536
0006323,262144,196608,65536
0006324,262144,196608,65536
0006325,262144,196608,65536
0006326,262144,196608,65536
0006327,262144,196608,65536
0006328,262144,196608,65536
0006329,262144,196608,65536
0006330,262144,196608,65536
0006331,262144,196608,65536
0006332,262144,196608,65536
0006333,262144,196608,65536
0006334,262144,196608,65536
0006335,262144,196608,65536
0006336,262144,196608,65536
0006337,262144,196608,65536
0006338,262144,196608,65536
0006339,262144,196608,65536
0006340,262144,196608,65536
0006341,262144,196608,65536
0006342,262144,196608,65536
0006343,262144,196608,65536
0006344,262144,196608,65536
0006345,262144,196608,65536
0006346,262144,196608,65536
0006347,262144,196608,65536
0006348,262144,196608,65536
0006349,262144,196608,65536
0006350,262144,196608,65536
0006351,262144,196608,65536
0006352,262144,196608,65536
0006353,262144,196608,65536
0006354,262144,196608,65536
0006355,262144,196608,65536
0006356,262144,196608,65536
0006357,262144,196608,65536
0006358,262144,196608,65536
0006359,262144,196608,65536
0006360,262144,196608,65536
0006361,262144,196608,65536
0006362,262144,196608,65536
0006363,262144,196608,65536
0006364,262144,196608,65536
0006365,262144,196608,65536
0006366,262144,196608,65536
0006367,262144,196608,65536
0006368,262144,196608,65536
0006369,262144,196608,65536
0006370,262144,196608,65536
0006371,262144,196608,65536
0006372,262144,196608,65536
0006373,262144,196608,65536
0006374,262144,196608,65536
0006375,262144,196608,65536
0006376,262144,196608,65536
0006377,262144,196608,65536
0006378,262144,196608,65536
0006379,262144,196608,65536
0006380,262144,196608,65536
0006381,262144,196608,65536
0006382,262144,196608,65536
0006383,262144,196608,65536
0006384,262144,196608,65536
0006385,262144,196608,65536
0006386,262144,196608,65536
0006387,262144,196608,65536
0006388,262144,196608,65536
0006389,262144,196608,65536
0006390,262144,196608,65536
0006391,262144,196608,65536
0006392,262144,196608,65536
0006393,262144,196608,65536
0006394,262144,196608,65536
0006395,262144,196608,65536
0006396,262144,196608,65536
0006397,262144,196608,65536
0006398,262144,196608,65536
0006399,262144,196608,65536
0006400,262144,196608,65536
0006401,262144,196608,65536
0006402,262144,196608,65536
0006403,262144,196608,65536
0006404,262144,196608,65536
0006405,262144,196608,65536
0006406,262144,196608,65536
0006407,262144,196608,65536
0006408,262144,196608,65536
0006409,262144,196608,65536
0006410,262144,196608,65536
0006411,262144,196608,65536
0006412,262144,196608,65536
0006413,262144,196608,65536
0006414,262144,196608,65536
0006415,262144,196608,65536
0006416,262144,196608,65536
0006417,262144,196608,65536
0006418,262144,196608,65536
0006419,262144,196608,65536
0006420,262144,196608,65536
0006421,262144,196608,65536
0006422,262144,196608,65536
0006423,262144,196608,65536
0006424,262144,196608,65536
0006425,262144,196608,65536
0006426,262144,196608,65536
0006427,262144,196608,65536
0006428,262144,196608,65536
0006429,262144,196608,65536
0006430,262144,196608,65536
0006431,262144,196608,65536
0006432,262144,196608,65536
0006433,262144,196608,65536
0006434,262144,196608,65536
0006435,262144,196608,65536
0006436,262144,196608,65536
0006437,262144,196608,65536
0006438,262144,196608,65536
0006439,262144,196608,65536
0006440,262144,196608,65536
0006441,262144,196608,65536
0006442,262144,196608,65536
0006443,262144,196608,65536
0006444,262144,196608,65536
0006445,262144,196608,65536
0006446,262144,196608,65536
0006447,262144,196608,65536
0006448,262144,196608,65536
0006449,262144,196608,65536
0006450,262144,196608,65536
0006451,262144,196608,65536
0006452,262144,196608,65536
0006453,262144,196608,65536
0006454,262144,196608,65536
0006455,262144,196608,65536
0006456,262144,196608,65536
0006457,262144,196608,65536
0006458,262144,196608,65536
0006459,262144,196608,65536
0006460,262144,196608,65536
0006461,262144,196608,65536
0006462,262144,196608,65536
0006463,262144,196608,65536
0006464,262144,196608,65536
0006465,262144,196608,65536
0006466,262144,196608,65536
0006467,262144,196608,65536
0006468,262144,196608,65536
0006469,262144,196608,65536
0006470,262144,196608,65536
0006471,262144,196608,65536
0006472,262144,196608,65536
0006473,262144,196608,65536
0006474,262144,196608,65536
0006475,262144,196608,65536
0006476,262144,196608,65536
0006477,262144,196608,65536
0006478,262144,196608,65536
0006479,262144,196608,65536
0006480,262144,196608,65536
0006481,262144,196608,65536
0006482,262144,196608,65536
0006483,262144,196608,65536
0006484,262144,196608,65536
0006485,262144,196608,65536
0006486,262144,196608,65536
0006487,262144,196608,65536
0006488,262144,196608,65536
0006489,262144,196608,65536
0006490,262144,196608,65536
0006491,262144,196608,65536
0006492,262144,196608,65536
0006493,262144,196608,65536
0006494,262144,196608,65536
0006495,262144,196608,65536
0006496,262144,196608,65536
0006497,262144,196608,65536
0006498,262144,196608,65536
0006499,262144,196608,65536
0006500,262144,196608,65536
0006501,262144,196608,65536
0006502,262144,196608,65536
0006503,262144,196608,65536
0006504,262144,196608,65536
0006505,262144,196608,65536
0006506,262144,196608,65536
0006507,262144,196608,65536
0006508,262144,196608,65536
0006509,262144,196608,65536
0006510,262144,196608,65536
0006511,262144,196608,65536
0006512,262144,196608,65536
0006513,262144,196608,65536
0006514,262144,196608,65536
0006515,262144,196608,65536
0006516,262144,196608,65536
0006517,262144,196608,65536
0006518,262144,196608,65536
0006519,262144,196608,65536
0006520,262144,196608,65536
0006521,262144,196608,65536
0006522,262144,196608,65536
0006523,262144,196608,65536
0006524,262144,196608,65536
0006525,262144,196608,65536
0006526,262144,196608,65536
0006527,262144,196608,65536
0006528,262144,196608,65536
0006529,262144,196608,65536
0006530,262144,196608,65536
0006531,262144,196608,65536
0006532,262144,196608,65536
0006533,262144,196608,65536
0006534,262144,196608,65536
0006535,262144,196608,65536
0006536,262144,196608,65536
0006537,262144,196608,65536
0006538,262144,196608,65536
0006539,262144,196608,65536
0006540,262144,196608,65536
0006541,262144,196608,65536
0006542,262144,196608,65536
0006543,262144,196608,65536
0006544,262144,196608,65536
0006545,262144,196608,65536
0006546,262144,196608,65536
0006547,262144,196608,65536
0006548,262144,196608,65536
0006549,262144,196608,65536
0006550,262144,196608,65536
0006551,262144,196608,65536
0006552,262144,196608,65536
0006553,262144,196608,65536
0006554,262144,196608,65536
0006555,262144,196608,65536
0006556,262144,196608,65536
0006557,262144,196608,65536
0006558,262144,196608,65536
0006559,262144,196608,65536
0006560,262144,196608,65536
0006561,262144,196608,65536
0006562,262144,196608,65536
0006563,262144,196608,65536
0006564,262144,196608,65536
0006565,262144,196608,65536
0006566,262144,196608,65536
0006567,262144,196608,65536
0006568,262144,196608,65536
0006569,262144,196608,65536
0006570,262144,196608,65536
0006571,262144,196608,65536
0006572,262144,196608,65536
0006573,262144,196608,65536
0006574,262144,196608,65536
0006575,262144,196608,65536
0006576,262144,196608,65536
0006577,262144,196608,65536
0006578,262144,196608,65536
0006579,262144,196608,65536
0006580,262144,196608,65536
0006581,262144,196608,65536
0006582,262144,196608,65536
0006583,262144,196608,65536
0006584,262144,196608,65536
0006585,262144,196608,65536
0006586,262144,196608,65536
0006587,262144,196608,65536
0006588,262144,196608,65536
0006589,262144,196608,65536
0006590,262144,196608,65536
0006591,262144,196608,65536
0006592,262144,196608,65536
0006593,262144,196608,65536
0006594,262144,196608,65536
0006595,262144,196608,65536
0006596,262144,196608,65536
0006597,262144,196608,65536
0006598,262144,196608,65536
0006599,262144,196608,65536
0006600,262144,196608,65536
0006601,262144,196608,65536
0006602,262144,196608,65536
0006603,262144,196608,65536
0006604,262144,196608,65536
0006605,262144,196608,65536
0006606,262144,196608,65536
0006607,262144,196608,65536
0006608,262144,196608,65536
0006609,262144,196608,65536
0006610,262144,196608,65536
0006611,262144,196608,65536
0006612,262144,196608,65536
0006613,262144,196608,65536
0006614,262144,196608,65536
0006615,262144,196608,65536
0006616,262144,196608,65536
0006617,262144,196608,65536
0006618,262144,196608,65536
0006619,262144,196608,65536
0006620,262144,196608,65536
0006621,262144,196608,65536
0006622,262144,196608,65536
0006623,262144,196608,65536
0006624,262144,196608,65536
0006625,262144,196608,65536
0006626,262144,196608,65536
0006627,262144,196608,65536
0006628,262144,196608,65536
0006629,262144,196608,65536
0006630,262144,196608,65536
0006631,262144,196608,65536
0006632,262144,196608,65536
0006633,262144,196608,65536
0006634,262144,196608,65536
0006635,262144,196608,65536
0006636,262144,196608,65536
0006637,262144,196608,65536
0006638,262144,196608,65536
0006639,262144,196608,65536
0006640,262144,196608,65536
0006641,262144,196608,65536
0006642,262144,196608,65536
0006643,262144,196608,65536
0006644,262144,196608,65536
0006645,262144,196608,65536
0006646,262144,196608,65536
0006647,262144,196608,65536
0006648,262144,196608,65536
0006649,262144,196608,65536
0006650,262144,196608,65536
0006651,262144,196608,65536
0006652,262144,196608,65536
0006653,262144,196608,65536
0006654,262144,196608,65536
0006655,262144,196608,65536
0006656,262144,196608,65536
0006657,262144,196608,65536
0006658,262144,196608,65536
0006659,262144,196608,65536
0006660,262144,196608,65536
0006661,262144,196608,65536
0006662,262144,196608,65536
0006663,262144,196608,65536
0006664,262144,196608,65536
0006665,262144,196608,65536
0006666,262144,196608,65536
0006667,262144,196608,65536
0006668,262144,196608,65536
0006669,262144,196608,65536
0006670,262144,196608,65536
0006671,262144,196608,65536
0006672,262144,196608,65536
0006673,262144,196608,65536
0006674,262144,196608,65536
0006675,262144,196608,65536
0006676,262144,196608,65536
0006677,262144,196608,65536
0006678,262144,196608,65536
0006679,262144,196608,65536
0006680,262144,196608,65536
0006681,262144,196608,65536
0006682,262144,196608,65536
0006683,262144,196608,65536
0006684,262144,196608,65536
0006685,262144,196608,65536
0006686,262144,196608,65536
0006687,262144,196608,65536
0006688,262144,196608,65536
0006689,262144,196608,65536
0006690,262144,196608,65536
0006691,262144,196608,65536
0006692,262144,196608,65536
0006693,262144,196608,65536
0006694,262144,196608,65536
0006695,262144,196608,65536
0006696,262144,196608,65536
0006697,262144,196608,65536
0006698,262144,196608,65536
0006699,262144,196608,65536
0006700,262144,196608,65536
0006701,262144,196608,65536
0006702,262144,196608,65536
0006703,262144,196608,65536
0006704,262144,196608,65536
0006705,262144,196608,65536
0006706,262144,196608,65536
0006707,262144,196608,65536
0006708,262144,196608,65536
0006709,262144,196608,65536
0006710,262144,196608,65536
0006711,262144,196608,65536
0006712,262144,196608,65536
0006713,262144,196608,65536
0006714,262144,196608,65536
0006715,262144,196608,65536
0006716,262144,196608,65536
0006717,262144,196608,65536
0006718,262144,196608,65536
0006719,262144,196608,65536
0006720,262144,196608,65536
0006721,262144,196608,65536
0006722,262144,196608,65536
0006723,262144,196608,65536
0006724,262144,196608,65536
0006725,262144,196608,65536
0006726,262144,196608,65536
0006727,262144,196608,65536
0006728,262144,196608,65536
0006729,262144,196608,65536
0006730,262144,196608,65536
0006731,262144,196608,65536
0006732,262144,196608,65536
0006733,262144,196608,65536
0006734,262144,196608,65536
0006735,262144,196608,65536
0006736,262144,196608,65536
0006737,262144,196608,65536
0006738,262144,196608,65536
0006739,262144,196608,65536
0006740,262144,196608,65536
0006741,262144,196608,65536
0006742,262144,196608,65536
0006743,262144,196608,65536
0006744,262144,196608,65536
0006745,262144,196608,65536
0006746,262144,196608,65536
0006747,262144,196608,65536
0006748,262144,196608,65536
0006749,262144,196608,65536
0006750,262144,196608,65536
0006751,262144,196608,65536
0006752,262144,196608,65536
0006753,262144,196608,65536
0006754,262144,196608,65536
0006755,262144,196608,65536
0006756,262144,196608,65536
0006757,262144,196608,65536
0006758,262144,196608,65536
0006759,262144,196608,65536
0006760,262144,196608,65536
0006761,262144,196608,65536
0006762,262144,196608,65536
0006763,262144,196608,65536
0006764,262144,196608,65536
0006765,262144,196608,65536
0006766,262144,196608,65536
0006767,262144,196608,65536
0006768,262144,196608,65536
0006769,262144,196608,65536
0006770,262144,196608,65536
0006771,262144,196608,65536
0006772,262144,196608,65536
0006773,262144,196608,65536
0006774,262144,196608,65536
0006775,262144,196608,65536
0006776,262144,196608,65536
0006777,262144,196608,65536
0006778,262144,196608,65536
0006779,262144,196608,65536
0006780,262144,196608,65536
0006781,262144,196608,65536
0006782,262144,196608,65536
0006783,262144,196608,65536
0006784,262144,196608,65536
0006785,262144,196608,65536
0006786,262144,196608,65536
0006787,262144,196608,65536
0006788,262144,196608,65536
0006789,262144,196608,65536
0006790,262144,196608,65536
0006791,262144,196608,65536
0006792,262144,196608,65536
0006793,262144,196608,65536
0006794,262144,196608,65536
0006795,262144,196608,65536
0006796,262144,196608,65536
0006797,262144,196608,65536
0006798,262144,196608,65536
0006799,262144,196608,65536
0006800,262144,196608,65536
0006801,262144,196608,65536
0006802,262144,196608,65536
0006803,262144,196608,65536
0006804,262144,196608,65536
0006805,262144,196608,65536
0006806,262144,196608,65536
0006807,262144,196608,65536
0006808,262144,196608,65536
0006809,262144,196608,65536
0006810,262144,196608,65536
0006811,262144,196608,65536
0006812,262144,196608,65536
0006813,262144,196608,65536
0006814,262144,196608,65536
0006815,262144,196608,65536
0006816,262144,196608,65536
0006817,262144,196608,65536
0006818,262144,196608,65536
0006819,262144,196608,65536
0006820,262144,196608,65536
0006821,262144,196608,65536
0006822,262144,196608,65536
0006823,262144,196608,65536
0006824,262144,196608,65536
0006825,262144,196608,65536
0006826,262144,196608,65536
0006827,262144,196608,65536
0006828,262144,196608,65536
0006829,262144,196608,65536
0006830,262144,196608,65536
0006831,262144,196608,65536
0006832,262144,196608,65536
0006833,262144,196608,65536
0006834,262144,196608,65536
0006835,262144,196608,65536
0006836,262144,196608,65536
0006837,262144,196608,65536
0006838,262144,196608,65536
0006839,262144,196608,65536
0006840,262144,196608,65536
0006841,262144,196608,65536
0006842,262144,196608,65536
0006843,262144,196608,65536
0006844,262144,196608,65536
0006845,262144,196608,65536
0006846,262144,196608,65536
0006847,262144,196608,65536
0006848,262144,196608,65536
0006849,262144,196608,65536
0006850,262144,196608,65536
0006851,262144,196608,65536
0006852,262144,196608,65536
0006853,262144,196608,65536
0006854,262144,196608,65536
0006855,262144,196608,65536
0006856,262144,196608,65536
0006857,262144,196608,65536
0006858,262144,196608,65536
0006859,262144,196608,65536
0006860,262144,196608,65536
0006861,262144,196608,65536
0006862,262144,196608,65536
0006863,262144,196608,65536
0006864,262144,196608,65536
0006865,262144,196608,65536
0006866,262144,196608,65536
0006867,262144,196608,65536
0006868,262144,196608,65536
0006869,262144,196608,65536
0006870,262144,196608,65536
0006871,262144,196608,65536
0006872,262144,196608,65536
0006873,262144,196608,65536
0006874,262144,196608,65536
0006875,262144,196608,65536
0006876,262144,196608,65536
0006877,262144,196608,65536
0006878,262144,196608,65536
0006879,262144,196608,65536
0006880,262144,196608,65536
0006881,262144,196608,65536
0006882,262144,196608,65536
0006883,262144,196608,65536
0006884,262144,196608,65536
0006885,262144,196608,65536
0006886,262144,196608,65536
0006887,262144,196608,65536
0006888,262144,196608,65536
0006889,262144,196608,65536
0006890,262144,196608,65536
0006891,262144,196608,65536
0006892,262144,196608,65536
0006893,262144,196608,65536
0006894,262144,196608,65536
0006895,262144,196608,65536
0006896,262144,196608,65536
0006897,262144,196608,65536
0006898,262144,196608,65536
0006899,262144,196608,65536
0006900,262144,196608,65536
0006901,262144,196608,65536
0006902,262144,196608,65536
0006903,262144,196608,65536
0006904,262144,196608,65536
0006905,262144,196608,65536
0006906,262144,196608,65536
0006907,262144,196608,65536
0006908,262144,196608,65536
0006909,262144,196608,65536
0006910,262144,196608,65536
0006911,262144,196608,65536
0006912,262144,196608,65536
0006913,262144,196608,65536
0006914,262144,196608,65536
0006915,262144,196608,65536
0006916,262144,196608,65536
0006917,262144,196608,65536
0006918,262144,196608,65536
0006919,262144,196608,65536
0006920,262144,196608,65536
0006921,262144,196608,65536
0006922,262144,196608,65536
0006923,262144,196608,65536
0006924,262144,196608,65536
0006925,262144,196608,65536
0006926,262144,196608,65536
0006927,262144,196608,65536
0006928,262144,196608,65536
0006929,262144,196608,65536
0006930,262144,196608,65536
0006931,262144,196608,65536
0006932,262144,196608,65536
0006933,262144,196608,65536
0006934,262144,196608,65536
0006935,262144,196608,65536
0006936,262144,196608,65536
0006937,262144,196608,65536
0006938,262144,196608,65536
0006939,262144,196608,65536
0006940,262144,196608,65536
0006941,262144,196608,65536
0006942,262144,196608,65536
0006943,262144,196608,65536
0006944,262144,196608,65536
0006945,262144,196608,65536
0006946,262144,196608,65536
0006947,262144,196608,65536
0006948,262144,196608,65536
0006949,262144,196608,65536
0006950,262144,196608,65536
0006951,262144,196608,65536
0006952,262144,196608,65536
0006953,262144,196608,65536
0006954,262144,196608,65536
0006955,262144,196608,65536
0006956,262144,196608,65536
0006957,262144,196608,65536
0006958,262144,196608,65536
0006959,262144,196608,65536
0006960,262144,196608,65536
0006961,262144,196608,65536
0006962,262144,196608,65536
0006963,262144,196608,65536
0006964,262144,196608,65536
0006965,262144,196608,65536
0006966,262144,196608,65536
0006967,262144,196608,65536
0006968,262144,196608,65536
0006969,262144,196608,65536
0006970,262144,196608,65536
0006971,262144,196608,65536
0006972,262144,196608,65536
0006973,262144,196608,65536
0006974,262144,196608,65536
0006975,262144,196608,65536
0006976,262144,196608,65536
0006977,262144,196608,65536
0006978,262144,196608,65536
0006979,262144,196608,65536
0006980,262144,196608,65536
0006981,262144,196608,65536
0006982,262144,196608,65536
0006983,262144,196608,65536
0006984,262144,196608,65536
0006985,262144,196608,65536
0006986,262144,196608,65536
0006987,262144,196608,65536
0006988,262144,196608,65536
0006989,262144,196608,65536
0006990,262144,196608,65536
0006991,262144,196608,65536
0006992,262144,196608,65536
0006993,262144,196608,65536
0006994,262144,196608,65536
0006995,262144,196608,65536
0006996,262144,196608,65536
0006997,262144,196608,65536
0006998,262144,196608,65536
0006999,262144,196608,65536
0007000,262144,196608,65536
0007001,262144,196608,65536
0007002,262144,196608,65536
0007003,262144,196608,65536
0007004,262144,196608,65536
0007005,262144,196608,65536
0007006,262144,196608,65536
0007007,262144,196608,65536
0007008,262144,196608,65536
0007009,262144,196608,65536
0007010,262144,196608,65536
0007011,262144,196608,65536
0007012,262144,196608,65536
0007013,262144,196608,65536
0007014,262144,196608,65536
0007015,262144,196608,65536
0007016,262144,196608,65536
0007017,262144,196608,65536
0007018,262144,196608,65536
0007019,262144,196608,65536
0007020,262144,196608,65536
0007021,262144,196608,65536
0007022,262144,196608,65536
0007023,262144,196608,65536
0007024,262144,196608,65536
0007025,262144,196608,65536
0007026,262144,196608,65536
0007027,262144,196608,65536
0007028,262144,196608,65536
0007029,262144,196608,65536
0007030,262144,196608,65536
0007031,262144,196608,65536
0007032,262144,196608,65536
0007033,262144,196608,65536
0007034,262144,196608,65536
0007035,262144,196608,65536
0007036,262144,196608,65536
0007037,262144,196608,65536
0007038,262144,196608,65536
0007039,262144,196608,65536
0007040,262144,196608,65536
0007041,262144,196608,65536
0007042,262144,196608,65536
0007043,262144,196608,65536
0007044,262144,196608,65536
0007045,262144,196608,65536
0007046,262144,196608,65536
0007047,262144,196608,65536
0007048,262144,196608,65536
0007049,262144,196608,65536
0007050,262144,196608,65536
0007051,262144,196608,65536
0007052,262144,196608,65536
0007053,262144,196608,65536
0007054,262144,196608,65536
0007055,262144,196608,65536
0007056,262144,196608,65536
0007057,262144,196608,65536
0007058,262144,196608,65536
0007059,262144,196608,65536
0007060,262144,196608,65536
0007061,262144,196608,65536
0007062,262144,196608,65536
0007063,262144,196608,65536
0007064,262144,196608,65536
0007065,262144,196608,65536
0007066,262144,196608,65536
0007067,262144,196608,65536
0007068,262144,196608,65536
0007069,262144,196608,65536
0007070,262144,196608,65536
0007071,262144,196608,65536
0007072,262144,196608,65536
0007073,262144,196608,65536
0007074,262144,196608,65536
0007075,262144,196608,65536
0007076,262144,196608,65536
0007077,262144,196608,65536
0007078,262144,196608,65536
0007079,262144,196608,65536
0007080,262144,196608,65536
0007081,262144,196608,65536
0007082,262144,196608,65536
0007083,262144,196608,65536
0007084,262144,196608,65536
0007085,262144,196608,65536
0007086,262144,196608,65536
0007087,262144,196608,65536
0007088,262144,196608,65536
0007089,262144,196608,65536
0007090,262144,196608,65536
0007091,262144,196608,65536
0007092,262144,196608,65536
0007093,262144,196608,65536
0007094,262144,196608,65536
0007095,262144,196608,65536
0007096,262144,196608,65536
0007097,262144,196608,65536
0007098,262144,196608,65536
0007099,262144,196608,65536
0007100,262144,196608,65536
0007101,262144,196608,65536
0007102,262144,196608,65536
0007103,262144,196608,65536
0007104,262144,196608,65536
0007105,262144,196608,65536
0007106,262144,196608,65536
0007107,262144,196608,65536
0007108,262144,196608,65536
0007109,262144,196608,65536
0007110,262144,196608,65536
0007111,262144,196608,65536
0007112,262144,196608,65536
0007113,262144,196608,65536
0007114,262144,196608,65536
0007115,262144,196608,65536
0007116,262144,196608,65536
0007117,262144,196608,65536
0007118,262144,196608,65536
0007119,262144,196608,65536
0007120,262144,196608,65536
0007121,262144,196608,65536
0007122,262144,196608,65536
0007123,262144,196608,65536
0007124,262144,196608,65536
0007125,262144,196608,65536
0007126,262144,196608,65536
0007127,262144,196608,65536
0007128,262144,196608,65536
0007129,262144,196608,65536
0007130,262144,196608,65536
0007131,262144,196608,65536
0007132,262144,196608,65536
0007133,262144,196608,65536
0007134,262144,196608,65536
0007135,262144,196608,65536
0007136,262144,196608,65536
0007137,262144,196608,65536
0007138,262144,196608,65536
0007139,262144,196608,65536
0007140,262144,196608,65536
0007141,262144,196608,65536
0007142,262144,196608,65536
0007143,262144,196608,65536
0007144,262144,196608,65536
0007145,262144,196608,65536
0007146,262144,196608,65536
0007147,262144,196608,65536
0007148,262144,196608,65536
0007149,262144,196608,65536
0007150,262144,196608,65536
0007151,262144,196608,65536
0007152,262144,196608,65536
0007153,262144,196608,65536
0007154,262144,196608,65536
0007155,262144,196608,65536
0007156,262144,196608,65536
0007157,262144,196608,65536
0007158,262144,196608,65536
0007159,262144,196608,65536
0007160,262144,196608,65536
0007161,262144,196608,65536
0007162,262144,196608,65536
0007163,262144,196608,65536
0007164,262144,196608,65536
0007165,262144,196608,65536
0007166,262144,196608,65536
0007167,262144,196608,65536
0007168,262144,196608,65536
0007169,262144,196608,65536
0007170,262144,196608,65536
0007171,262144,196608,65536
0007172,262144,196608,65536
0007173,262144,196608,65536
0007174,262144,196608,65536
0007175,262144,196608,65536
0007176,262144,196608,65536
0007177,262144,196608,65536
0007178,262144,196608,65536
0007179,262144,196608,65536
0007180,262144,196608,65536
0007181,262144,196608,65536
0007182,262144,196608,65536
0007183,262144,196608,65536
0007184,262144,196608,65536
0007185,262144,196608,65536
0007186,262144,196608,65536
0007187,262144,196608,65536
0007188,262144,196608,65536
0007189,262144,196608,65536
0007190,262144,196608,65536
0007191,262144,196608,65536
0007192,262144,196608,65536
0007193,262144,196608,65536
0007194,262144,196608,65536
0007195,262144,196608,65536
0007196,262144,196608,65536
0007197,262144,196608,65536
0007198,262144,196608,65536
0007199,262144,196608,65536
0007200,262144,196608,65536
0007201,262144,196608,65536
0007202,262144,196608,65536
0007203,262144,196608,65536
0007204,262144,196608,65536
0007205,262144,196608,65536
0007206,262144,196608,65536
0007207,262144,196608,65536
0007208,262144,196608,65536
0007209,262144,196608,65536
0007210,262144,196608,65536
0007211,262144,196608,65536
0007212,262144,196608,65536
0007213,262144,196608,65536
0007214,262144,196608,65536
0007215,262144,196608,65536
0007216,262144,196608,65536
0007217,262144,196608,65536
0007218,262144,196608,65536
0007219,262144,196608,65536
0007220,262144,196608,65536
0007221,262144,196608,65536
0007222,262144,196608,65536
0007223,262144,196608,65536
0007224,262144,196608,65536
0007225,262144,196608,65536
0007226,262144,196608,65536
0007227,262144,196608,65536
0007228,262144,196608,65536
0007229,262144,196608,65536
0007230,262144,196608,65536
0007231,262144,196608,65536
0007232,262144,196608,65536
0007233,262144,196608,65536
0007234,262144,196608,65536
0007235,262144,196608,65536
0007236,262144,196608,65536
0007237,262144,196608,65536
0007238,262144,196608,65536
0007239,262144,196608,65536
0007240,262144,196608,65536
0007241,262144,196608,65536
0007242,262144,196608,65536
0007243,262144,196608,65536
0007244,262144,196608,65536
0007245,262144,196608,65536
0007246,262144,196608,65536
0007247,262144,196608,65536
0007248,262144,196608,65536
0007249,262144,196608,65536
0007250,262144,196608,65536
0007251,262144,196608,65536
0007252,262144,196608,65536
0007253,262144,196608,65536
0007254,262144,196608,65536
0007255,262144,196608,65536
0007256,262144,196608,65536
0007257,262144,196608,65536
0007258,262144,196608,65536
0007259,262144,196608,65536
0007260,262144,196608,65536
0007261,262144,196608,65536
0007262,262144,196608,65536
0007263,262144,196608,65536
0007264,262144,196608,65536
0007265,262144,196608,65536
0007266,262144,196608,65536
0007267,262144,196608,65536
0007268,262144,196608,65536
0007269,262144,196608,65536
0007270,262144,196608,65536
0007271,262144,196608,65536
0007272,262144,196608,65536
0007273,262144,196608,65536
0007274,262144,196608,65536
0007275,262144,196608,65536
0007276,262144,196608,65536
0007277,262144,196608,65536
0007278,262144,196608,65536
0007279,262144,196608,65536
0007280,262144,196608,65536
0007281,262144,196608,65536
0007282,262144,196608,65536
0007283,262144,196608,65536
0007284,262144,196608,65536
0007285,262144,196608,65536
0007286,262144,196608,65536
0007287,262144,196608,65536
0007288,262144,196608,65536
0007289,262144,196608,65536
0007290,262144,196608,65536
0007291,262144,196608,65536
0007292,262144,196608,65536
0007293,262144,196608,65536
0007294,262144,196608,65536
0007295,262144,196608,65536
0007296,262144,196608,65536
0007297,262144,196608,65536
0007298,262144,196608,65536
0007299,262144,196608,65536
0007300,262144,196608,65536
0007301,262144,196608,65536
0007302,262144,196608,65536
0007303,262144,196608,65536
0007304,262144,196608,65536
0007305,262144,196608,65536
0007306,262144,196608,65536
0007307,262144,196608,65536
0007308,262144,196608,65536
0007309,262144,196608,65536
0007310,262144,196608,65536
0007311,262144,196608,65536
0007312,262144,196608,65536
0007313,262144,196608,65536
0007314,262144,196608,65536
0007315,262144,196608,65536
0007316,262144,196608,65536
0007317,262144,196608,65536
0007318,262144,196608,65536
0007319,262144,196608,65536
0007320,262144,196608,65536
0007321,262144,196608,65536
0007322,262144,196608,65536
0007323,262144,196608,65536
0007324,262144,196608,65536
0007325,262144,196608,65536
0007326,262144,196608,65536
0007327,262144,196608,65536
0007328,262144,196608,65536
0007329,262144,196608,65536
0007330,262144,196608,65536
0007331,262144,196608,65536
0007332,262144,196608,65536
0007333,262144,196608,65536
0007334,262144,196608,65536
0007335,262144,196608,65536
0007336,262144,196608,65536
0007337,262144,196608,65536
0007338,262144,196608,65536
0007339,262144,196608,65536
0007340,262144,196608,65536
0007341,262144,196608,65536
0007342,262144,196608,65536
0007343,262144,196608,65536
0007344,262144,196608,65536
0007345,262144,196608,65536
0007346,262144,196608,65536
0007347,262144,196608,65536
0007348,262144,196608,65536
0007349,262144,196608,65536
0007350,262144,196608,65536
0007351,262144,196608,65536
0007352,262144,196608,65536
0007353,262144,196608,65536
0007354,262144,196608,65536
0007355,262144,196608,65536
0007356,262144,196608,65536
0007357,262144,196608,65536
0007358,262144,196608,65536
0007359,262144,196608,65536
0007360,262144,196608,65536
0007361,262144,196608,65536
0007362,262144,196608,65536
0007363,262144,196608,65536
0007364,262144,196608,65536
0007365,262144,196608,65536
0007366,262144,196608,65536
0007367,262144,196608,65536
0007368,262144,196608,65536
0007369,262144,196608,65536
0007370,262144,196608,65536
0007371,262144,196608,65536
0007372,262144,196608,65536
0007373,262144,196608,65536
0007374,262144,196608,65536
0007375,262144,196608,65536
0007376,262144,196608,65536
0007377,262144,196608,65536
0007378,262144,196608,65536
0007379,262144,196608,65536
0007380,262144,196608,65536
0007381,262144,196608,65536
0007382,262144,196608,65536
0007383,262144,196608,65536
0007384,262144,196608,65536
0007385,262144,196608,65536
0007386,262144,196608,65536
0007387,262144,196608,65536
0007388,262144,196608,65536
0007389,262144,196608,65536
0007390,262144,196608,65536
0007391,262144,196608,65536
0007392,262144,196608,65536
0007393,262144,196608,65536
0007394,262144,196608,65536
0007395,262144,196608,65536
0007396,262144,196608,65536
0007397,262144,196608,65536
0007398,262144,196608,65536
0007399,262144,196608,65536
0007400,262144,196608,65536
0007401,262144,196608,65536
0007402,262144,196608,65536
0007403,262144,196608,65536
0007404,262144,196608,65536
0007405,262144,196608,65536
0007406,262144,196608,65536
0007407,262144,196608,65536
0007408,262144,196608,65536
0007409,262144,196608,65536
0007410,262144,196608,65536
0007411,262144,196608,65536
0007412,262144,196608,65536
0007413,262144,196608,65536
0007414,262144,196608,65536
0007415,262144,196608,65536
0007416,262144,196608,65536
0007417,262144,196608,65536
0007418,262144,196608,65536
0007419,262144,196608,65536
0007420,262144,196608,65536
0007421,262144,196608,65536
0007422,262144,196608,65536
0007423,262144,196608,65536
0007424,262144,196608,65536
0007425,262144,196608,65536
0007426,262144,196608,65536
0007427,262144,196608,65536
0007428,262144,196608,65536
0007429,262144,196608,65536
0007430,262144,196608,65536
0007431,262144,196608,65536
0007432,262144,196608,65536
0007433,262144,196608,65536
0007434,262144,196608,65536
0007435,262144,196608,65536
0007436,262144,196608,65536
0007437,262144,196608,65536
0007438,262144,196608,65536
0007439,262144,196608,65536
0007440,262144,196608,65536
0007441,262144,196608,65536
0007442,262144,196608,65536
0007443,262144,196608,65536
0007444,262144,196608,65536
0007445,262144,196608,65536
0007446,262144,196608,65536
0007447,262144,196608,65536
0007448,262144,196608,65536
0007449,262144,196608,65536
0007450,262144,196608,65536
0007451,262144,196608,65536
0007452,262144,196608,65536
0007453,262144,196608,65536
0007454,262144,196608,65536
0007455,262144,196608,65536
0007456,262144,196608,65536
0007457,262144,196608,65536
0007458,262144,196608,65536
0007459,262144,196608,65536
0007460,262144,196608,65536
0007461,262144,196608,65536
0007462,262144,196608,65536
0007463,262144,196608,65536
0007464,262144,196608,65536
0007465,262144,196608,65536
0007466,262144,196608,65536
0007467,262144,196608,65536
0007468,262144,196608,65536
0007469,262144,196608,65536
0007470,262144,196608,65536
0007471,262144,196608,65536
0007472,262144,196608,65536
0007473,262144,196608,65536
0007474,262144,196608,65536
0007475,262144,196608,65536
0007476,262144,196608,65536
0007477,262144,196608,65536
0007478,262144,196608,65536
0007479,262144,196608,65536
0007480,262144,196608,65536
0007481,262144,196608,65536
0007482,262144,196608,65536
0007483,262144,196608,65536
0007484,262144,196608,65536
0007485,262144,196608,65536
0007486,262144,196608,65536
0007487,262144,196608,65536
0007488,262144,196608,65536
0007489,262144,196608,65536
0007490,262144,196608,65536
0007491,262144,196608,65536
0007492,262144,196608,65536
0007493,262144,196608,65536
0007494,262144,196608,65536
0007495,262144,196608,65536
0007496,262144,196608,65536
0007497,262144,196608,65536
0007498,262144,196608,65536
0007499,262144,196608,65536
0007500,262144,196608,65536
0007501,262144,196608,65536
0007502,262144,196608,65536
0007503,262144,196608,65536
0007504,262144,196608,65536
0007505,262144,196608,65536
0007506,262144,196608,65536
0007507,262144,196608,65536
0007508,262144,196608,65536
0007509,262144,196608,65536
0007510,262144,196608,65536
0007511,262144,196608,65536
0007512,262144,196608,65536
0007513,262144,196608,65536
0007514,262144,196608,65536
0007515,262144,196608,65536
0007516,262144,196608,65536
0007517,262144,196608,65536
0007518,262144,196608,65536
0007519,262144,196608,65536
0007520,262144,196608,65536
0007521,262144,196608,65536
0007522,262144,196608,65536
0007523,262144,196608,65536
0007524,262144,196608,65536
0007525,262144,196608,65536
0007526,262144,196608,65536
0007527,262144,196608,65536
0007528,262144,196608,65536
0007529,262144,196608,65536
0007530,262144,196608,65536
0007531,262144,196608,65536
0007532,262144,196608,65536
0007533,262144,196608,65536
0007534,262144,196608,65536
0007535,262144,196608,65536
0007536,262144,196608,65536
0007537,262144,196608,65536
0007538,262144,196608,65536
0007539,262144,196608,65536
0007540,262144,196608,65536
0007541,262144,196608,65536
0007542,262144,196608,65536
0007543,262144,196608,65536
0007544,262144,196608,65536
0007545,262144,196608,65536
0007546,262144,196608,65536
0007547,262144,196608,65536
0007548,262144,196608,65536
0007549,262144,196608,65536
0007550,262144,196608,65536
0007551,262144,196608,65536
0007552,262144,196608,65536
0007553,262144,196608,65536
0007554,262144,196608,65536
0007555,262144,196608,65536
0007556,262144,196608,65536
0007557,262144,196608,65536
0007558,262144,196608,65536
0007559,262144,196608,65536
0007560,262144,196608,65536
0007561,262144,196608,65536
0007562,262144,196608,65536
0007563,262144,196608,65536
0007564,262144,196608,65536
0007565,262144,196608,65536
0007566,262144,196608,65536
0007567,262144,196608,65536
0007568,262144,196608,65536
0007569,262144,196608,65536
0007570,262144,196608,65536
0007571,262144,196608,65536
0007572,262144,196608,65536
0007573,262144,196608,65536
0007574,262144,196608,65536
0007575,262144,196608,65536
0007576,262144,196608,65536
0007577,262144,196608,65536
0007578,262144,196608,65536
0007579,262144,196608,65536
0007580,262144,196608,65536
0007581,262144,196608,65536
0007582,262144,196608,65536
0007583,262144,196608,65536
0007584,262144,196608,65536
0007585,262144,196608,65536
0007586,262144,196608,65536
0007587,262144,196608,65536
0007588,262144,196608,65536
0007589,262144,196608,65536
0007590,262144,196608,65536
0007591,262144,196608,65536
0007592,262144,196608,65536
0007593,262144,196608,65536
0007594,262144,196608,65536
0007595,262144,196608,65536
0007596,262144,196608,65536
0007597,262144,196608,65536
0007598,262144,196608,65536
0007599,262144,196608,65536
0007600,262144,196608,65536
0007601,262144,196608,65536
0007602,262144,196608,65536
0007603,262144,196608,65536
0007604,262144,196608,65536
0007605,262144,196608,65536
0007606,262144,196608,65536
0007607,262144,196608,65536
0007608,262144,196608,65536
0007609,262144,196608,65536
0007610,262144,196608,65536
0007611,262144,196608,65536
0007612,262144,196608,65536
0007613,262144,196608,65536
0007614,262144,196608,65536
0007615,262144,196608,65536
0007616,262144,196608,65536
0007617,262144,196608,65536
0007618,262144,196608,65536
0007619,262144,196608,65536
0007620,262144,196608,65536
0007621,262144,196608,65536
0007622,262144,196608,65536
0007623,262144,196608,65536
0007624,262144,196608,65536
0007625,262144,196608,65536
0007626,262144,196608,65536
0007627,262144,196608,65536
0007628,262144,196608,65536
0007629,262144,196608,65536
0007630,262144,196608,65536
0007631,262144,196608,65536
0007632,262144,196608,65536
0007633,262144,196608,65536
0007634,262144,196608,65536
0007635,262144,196608,65536
0007636,262144,196608,65536
0007637,262144,196608,65536
0007638,262144,196608,65536
0007639,262144,196608,65536
0007640,262144,196608,65536
0007641,262144,196608,65536
0007642,262144,196608,65536
0007643,262144,196608,65536
0007644,262144,196608,65536
0007645,262144,196608,65536
0007646,262144,196608,65536
0007647,262144,196608,65536
0007648,262144,196608,65536
0007649,262144,196608,65536
0007650,262144,196608,65536
0007651,262144,196608,65536
0007652,262144,196608,65536
0007653,262144,196608,65536
0007654,262144,196608,65536
0007655,262144,196608,65536
0007656,262144,196608,65536
0007657,262144,196608,65536
0007658,262144,196608,65536
0007659,262144,196608,65536
0007660,262144,196608,65536
0007661,262144,196608,65536
0007662,262144,196608,65536
0007663,262144,196608,65536
0007664,262144,196608,65536
0007665,262144,196608,65536
0007666,262144,196608,65536
0007667,262144,196608,65536
0007668,262144,196608,65536
0007669,262144,196608,65536
0007670,262144,196608,65536
0007671,262144,196608,65536
0007672,262144,196608,65536
0007673,262144,196608,65536
0007674,262144,196608,65536
0007675,262144,196608,65536
0007676,262144,196608,65536
0007677,262144,196608,65536
0007678,262144,196608,65536
0007679,262144,196608,65536
0007680,262144,196608,65536
0007681,262144,196608,65536
0007682,262144,196608,65536
0007683,262144,196608,65536
0007684,262144,196608,65536
0007685,262144,196608,65536
0007686,262144,196608,65536
0007687,262144,196608,65536
0007688,262144,196608,65536
0007689,262144,196608,65536
0007690,262144,196608,65536
0007691,262144,196608,65536
0007692,262144,196608,65536
0007693,262144,196608,65536
0007694,262144,196608,65536
0007695,262144,196608,65536
0007696,262144,196608,65536
0007697,262144,196608,65536
0007698,262144,196608,65536
0007699,262144,196608,65536
0007700,262144,196608,65536
0007701,262144,196608,65536
0007702,262144,196608,65536
0007703,262144,196608,65536
0007704,262144,196608,65536
0007705,262144,196608,65536
0007706,262144,196608,65536
0007707,262144,196608,65536
0007708,262144,196608,65536
0007709,262144,196608,65536
0007710,262144,196608,65536
0007711,262144,196608,65536
0007712,262144,196608,65536
0007713,262144,196608,65536
0007714,262144,196608,65536
0007715,262144,196608,65536
0007716,262144,196608,65536
0007717,262144,196608,65536
0007718,262144,196608,65536
0007719,262144,196608,65536
0007720,262144,196608,65536
0007721,262144,196608,65536
0007722,262144,196608,65536
0007723,262144,196608,65536
0007724,262144,196608,65536
0007725,262144,196608,65536
0007726,262144,196608,65536
0007727,262144,196608,65536
0007728,262144,196608,65536
0007729,262144,196608,65536
0007730,262144,196608,65536
0007731,262144,196608,65536
0007732,262144,196608,65536
0007733,262144,196608,65536
0007734,262144,196608,65536
0007735,262144,196608,65536
0007736,262144,196608,65536
0007737,262144,196608,65536
0007738,262144,196608,65536
0007739,262144,196608,65536
0007740,262144,196608,65536
0007741,262144,196608,65536
0007742,262144,196608,65536
0007743,262144,196608,65536
0007744,262144,196608,65536
0007745,262144,196608,65536
0007746,262144,196608,65536
0007747,262144,196608,65536
0007748,262144,196608,65536
0007749,262144,196608,65536
0007750,262144,196608,65536
0007751,262144,196608,65536
0007752,262144,196608,65536
0007753,262144,196608,65536
0007754,262144,196608,65536
0007755,262144,196608,65536
0007756,262144,196608,65536
0007757,262144,196608,65536
0007758,262144,196608,65536
0007759,262144,196608,65536
0007760,262144,196608,65536
0007761,262144,196608,65536
0007762,262144,196608,65536
0007763,262144,196608,65536
0007764,262144,196608,65536
0007765,262144,196608,65536
0007766,262144,196608,65536
0007767,262144,196608,65536
0007768,262144,196608,65536
0007769,262144,196608,65536
0007770,262144,196608,65536
0007771,262144,196608,65536
0007772,262144,196608,65536
0007773,262144,196608,65536
0007774,262144,196608,65536
0007775,262144,196608,65536
0007776,262144,196608,65536
0007777,262144,196608,65536
0007778,262144,196608,65536
0007779,262144,196608,65536
0007780,262144,196608,65536
0007781,262144,196608,65536
0007782,262144,196608,65536
0007783,262144,196608,65536
